# run_id: sidecar_blocks_20260320_103800_309459 | service: sidecar | endpoint: blocks | process: node (PID 78211)
timestamp,elapsed_s,rss_kb,vsz_kb,rss_mb,cpu_pct
2026-03-20T10:38:01Z,0,124104,22122744,121.2,0.0
2026-03-20T10:38:02Z,1,124104,22122744,121.2,0.0
2026-03-20T10:38:03Z,2,124104,22122744,121.2,0.0
2026-03-20T10:38:04Z,3,124104,22122744,121.2,0.0
2026-03-20T10:38:06Z,4,124104,22122744,121.2,0.0
2026-03-20T10:38:07Z,5,124104,22122744,121.2,0.0
2026-03-20T10:38:08Z,6,124104,22122744,121.2,0.0
2026-03-20T10:38:09Z,7,124104,22122744,121.2,0.0
2026-03-20T10:38:10Z,8,124104,22122744,121.2,0.0
2026-03-20T10:38:11Z,9,124104,22122744,121.2,0.0
2026-03-20T10:38:12Z,10,124104,22122744,121.2,0.0
2026-03-20T10:38:13Z,11,124104,22122744,121.2,0.0
2026-03-20T10:38:14Z,12,124104,22122744,121.2,0.0
2026-03-20T10:38:15Z,13,124104,22122744,121.2,0.0
2026-03-20T10:38:16Z,14,124104,22122744,121.2,0.0
2026-03-20T10:38:17Z,15,124104,22122744,121.2,0.0
2026-03-20T10:38:18Z,16,124104,22122744,121.2,0.0
2026-03-20T10:38:19Z,17,124104,22122744,121.2,0.0
2026-03-20T10:38:21Z,18,124104,22122744,121.2,0.0
2026-03-20T10:38:22Z,19,124104,22122744,121.2,0.0
2026-03-20T10:38:23Z,20,124104,22122744,121.2,0.0
2026-03-20T10:38:24Z,21,124104,22122744,121.2,0.0
2026-03-20T10:38:25Z,22,124104,22122744,121.2,0.0
2026-03-20T10:38:26Z,23,124104,22122744,121.2,0.0
2026-03-20T10:38:27Z,24,124104,22122744,121.2,0.0
2026-03-20T10:38:28Z,25,124104,22122744,121.2,0.0
2026-03-20T10:38:29Z,26,124104,22122744,121.2,0.0
2026-03-20T10:38:30Z,27,124104,22122744,121.2,0.0
2026-03-20T10:38:31Z,28,124104,22122744,121.2,0.0
2026-03-20T10:38:32Z,29,124104,22122744,121.2,0.0
2026-03-20T10:38:33Z,30,124104,22122744,121.2,0.0
2026-03-20T10:38:35Z,31,124104,22122744,121.2,0.0
2026-03-20T10:38:36Z,32,124104,22122744,121.2,0.0
2026-03-20T10:38:37Z,33,124104,22122744,121.2,0.0
2026-03-20T10:38:38Z,34,124104,22122744,121.2,0.0
2026-03-20T10:38:39Z,35,124104,22122744,121.2,0.0
2026-03-20T10:38:40Z,36,124104,22122744,121.2,0.0
2026-03-20T10:38:41Z,37,124104,22122744,121.2,0.0
2026-03-20T10:38:42Z,38,124104,22122744,121.2,0.0
2026-03-20T10:38:43Z,39,124104,22122744,121.2,0.0
2026-03-20T10:38:44Z,40,124104,22122744,121.2,0.0
2026-03-20T10:38:45Z,41,124104,22122744,121.2,0.0
2026-03-20T10:38:46Z,42,124104,22122744,121.2,0.0
2026-03-20T10:38:47Z,43,124104,22122744,121.2,0.0
2026-03-20T10:38:49Z,44,124104,22122744,121.2,0.0
2026-03-20T10:38:50Z,45,124104,22122744,121.2,0.0
2026-03-20T10:38:51Z,46,124104,22122744,121.2,0.0
2026-03-20T10:38:52Z,47,124104,22122744,121.2,0.0
2026-03-20T10:38:53Z,48,124104,22122744,121.2,0.0
2026-03-20T10:38:54Z,49,124104,22122744,121.2,0.0
2026-03-20T10:38:55Z,50,124104,22122744,121.2,0.0
2026-03-20T10:38:56Z,51,124104,22122744,121.2,0.0
2026-03-20T10:38:57Z,52,124104,22122744,121.2,0.0
2026-03-20T10:38:58Z,53,124104,22122744,121.2,0.0
2026-03-20T10:38:59Z,54,124104,22122744,121.2,0.0
2026-03-20T10:39:00Z,55,124104,22122744,121.2,0.0
2026-03-20T10:39:01Z,56,187540,22183072,183.1,130.8
2026-03-20T10:39:02Z,57,311364,22305796,304.1,176.7
2026-03-20T10:39:04Z,58,397836,22391108,388.5,162.9
2026-03-20T10:39:05Z,59,451876,22443916,441.3,210.9
2026-03-20T10:39:06Z,60,478164,22471308,467.0,138.1
2026-03-20T10:39:07Z,61,573888,22565340,560.4,154.9
2026-03-20T10:39:08Z,62,656460,22647460,641.1,119.5
2026-03-20T10:39:09Z,63,692212,22684688,676.0,112.3
2026-03-20T10:39:10Z,64,740972,22733060,723.6,112.5
2026-03-20T10:39:11Z,65,812372,22804276,793.3,108.5
2026-03-20T10:39:12Z,66,886468,22877396,865.7,114.9
2026-03-20T10:39:13Z,67,950220,22941428,927.9,124.3
2026-03-20T10:39:14Z,68,759256,22749536,741.5,180.8
2026-03-20T10:39:15Z,69,759260,22749536,741.5,118.4
2026-03-20T10:39:16Z,70,760320,22751776,742.5,120.1
2026-03-20T10:39:17Z,71,759992,22751408,742.2,109.7
2026-03-20T10:39:19Z,72,761704,22752432,743.9,110.4
2026-03-20T10:39:20Z,73,670092,22660224,654.4,170.3
2026-03-20T10:39:21Z,74,670436,22660224,654.7,121.3
2026-03-20T10:39:22Z,75,720676,22711168,703.8,127.7
2026-03-20T10:39:23Z,76,749696,22740608,732.1,116.8
2026-03-20T10:39:24Z,77,839576,22830720,819.9,131.3
2026-03-20T10:39:25Z,78,921344,22912096,899.8,121.0
2026-03-20T10:39:26Z,79,969524,22960224,946.8,108.0
2026-03-20T10:39:27Z,80,1019896,23010912,996.0,106.3
2026-03-20T10:39:28Z,81,1066344,23057024,1041.4,106.1
2026-03-20T10:39:29Z,82,868348,22858616,848.0,176.4
2026-03-20T10:39:30Z,83,869584,22858616,849.2,135.3
2026-03-20T10:39:31Z,84,869612,22858616,849.2,110.8
2026-03-20T10:39:32Z,85,875552,22864552,855.0,121.9
2026-03-20T10:39:34Z,86,927588,22917036,905.8,111.9
2026-03-20T10:39:35Z,87,958096,22947068,935.6,107.4
2026-03-20T10:39:36Z,88,1001288,22990640,977.8,105.6
2026-03-20T10:39:37Z,89,1070500,23059612,1045.4,115.1
2026-03-20T10:39:38Z,90,718352,22707380,701.5,172.0
2026-03-20T10:39:39Z,91,718728,22707380,701.9,118.7
2026-03-20T10:39:40Z,92,731308,22720108,714.2,125.2
2026-03-20T10:39:41Z,93,770252,22759248,752.2,109.4
2026-03-20T10:39:42Z,94,837156,22826420,817.5,110.3
2026-03-20T10:39:43Z,95,868804,22857908,848.4,107.4
2026-03-20T10:39:44Z,96,909648,22898356,888.3,106.2
2026-03-20T10:39:45Z,97,761456,22750644,743.6,171.2
2026-03-20T10:39:46Z,98,761488,22750644,743.6,123.4
2026-03-20T10:39:47Z,99,761844,22750644,744.0,124.2
2026-03-20T10:39:49Z,100,770860,22760512,752.8,115.6
2026-03-20T10:39:50Z,101,838312,22828212,818.7,112.2
2026-03-20T10:39:51Z,102,896392,22886324,875.4,107.2
2026-03-20T10:39:52Z,103,934316,22924468,912.4,106.3
2026-03-20T10:39:53Z,104,987840,22977716,964.7,112.7
2026-03-20T10:39:54Z,105,730496,22719924,713.4,170.6
2026-03-20T10:39:55Z,106,730496,22719924,713.4,116.6
2026-03-20T10:39:56Z,107,731976,22722484,714.8,125.6
2026-03-20T10:39:57Z,108,774296,22764724,756.1,111.2
2026-03-20T10:39:58Z,109,823020,22813620,803.7,106.3
2026-03-20T10:39:59Z,110,863600,22854068,843.4,106.3
2026-03-20T10:40:00Z,111,901668,22891956,880.5,106.9
2026-03-20T10:40:01Z,112,781220,22771380,762.9,172.1
2026-03-20T10:40:02Z,113,781240,22771380,762.9,114.0
2026-03-20T10:40:04Z,114,781260,22771380,762.9,127.8
2026-03-20T10:40:05Z,115,782032,22772148,763.7,106.6
2026-03-20T10:40:06Z,116,793992,22784692,775.4,107.5
2026-03-20T10:40:07Z,117,836788,22826820,817.2,111.9
2026-03-20T10:40:08Z,118,895928,22886580,874.9,109.6
2026-03-20T10:40:09Z,119,789584,22779572,771.1,158.7
2026-03-20T10:40:10Z,120,789600,22779572,771.1,119.4
2026-03-20T10:40:11Z,121,789612,22779572,771.1,124.2
2026-03-20T10:40:12Z,122,789616,22779572,771.1,108.7
2026-03-20T10:40:13Z,123,822276,22812852,803.0,111.3
2026-03-20T10:40:14Z,124,872660,22863424,852.2,106.3
2026-03-20T10:40:15Z,125,898140,22888524,877.1,105.7
2026-03-20T10:40:16Z,126,765764,22756532,747.8,160.7
2026-03-20T10:40:17Z,127,766972,22756532,749.0,128.9
2026-03-20T10:40:19Z,128,767228,22756532,749.2,122.2
2026-03-20T10:40:20Z,129,812320,22802868,793.3,113.8
2026-03-20T10:40:21Z,130,848488,22838488,828.6,108.4
2026-03-20T10:40:22Z,131,880272,22870532,859.6,110.7
2026-03-20T10:40:23Z,132,944848,22935220,922.7,111.2
2026-03-20T10:40:24Z,133,809296,22799028,790.3,166.1
2026-03-20T10:40:25Z,134,809296,22799028,790.3,122.2
2026-03-20T10:40:26Z,135,809332,22799028,790.4,122.1
2026-03-20T10:40:27Z,136,809844,22799540,790.9,118.7
2026-03-20T10:40:28Z,137,827412,22817972,808.0,106.4
2026-03-20T10:40:29Z,138,880448,22870964,859.8,108.1
2026-03-20T10:40:30Z,139,945440,22935220,923.3,124.9
2026-03-20T10:40:31Z,140,806156,22796212,787.3,155.6
2026-03-20T10:40:32Z,141,807472,22797748,788.5,111.2
2026-03-20T10:40:34Z,142,807572,22797748,788.6,124.7
2026-03-20T10:40:35Z,143,808180,22798004,789.2,115.7
2026-03-20T10:40:36Z,144,849812,22840024,829.9,113.7
2026-03-20T10:40:37Z,145,868264,22858420,847.9,103.3
2026-03-20T10:40:38Z,146,805752,22795444,786.9,168.6
2026-03-20T10:40:39Z,147,806404,22796096,787.5,117.4
2026-03-20T10:40:40Z,148,807612,22797492,788.7,109.0
2026-03-20T10:40:41Z,149,807872,22797492,788.9,116.9
2026-03-20T10:40:42Z,150,830968,22820788,811.5,124.3
2026-03-20T10:40:43Z,151,870116,22860212,849.7,107.4
2026-03-20T10:40:44Z,152,906644,22897076,885.4,110.3
2026-03-20T10:40:45Z,153,770080,22759860,752.0,158.4
2026-03-20T10:40:46Z,154,771324,22761140,753.2,118.4
2026-03-20T10:40:47Z,155,772276,22762056,754.2,111.0
2026-03-20T10:40:49Z,156,772908,22762676,754.8,113.9
2026-03-20T10:40:50Z,157,845392,22835124,825.6,124.3
2026-03-20T10:40:51Z,158,895708,22886068,874.7,112.9
2026-03-20T10:40:52Z,159,920516,22910388,898.9,109.2
2026-03-20T10:40:53Z,160,788668,22778292,770.2,163.8
2026-03-20T10:40:54Z,161,790068,22779828,771.6,109.4
2026-03-20T10:40:55Z,162,793076,22783048,774.5,109.2
2026-03-20T10:40:56Z,163,792824,22782388,774.2,112.1
2026-03-20T10:40:57Z,164,859612,22849460,839.5,124.9
2026-03-20T10:40:58Z,165,930736,22921220,908.9,116.6
2026-03-20T10:40:59Z,166,944268,22933940,922.1,103.7
2026-03-20T10:41:00Z,167,1004264,22994100,980.7,119.2
2026-03-20T10:41:01Z,168,823072,22812852,803.8,166.8
2026-03-20T10:41:02Z,169,823452,22813364,804.2,107.1
2026-03-20T10:41:04Z,170,823668,22813364,804.4,108.1
2026-03-20T10:41:05Z,171,823800,22813364,804.5,108.9
2026-03-20T10:41:06Z,172,885640,22876084,864.9,123.7
2026-03-20T10:41:07Z,173,1008480,22998452,984.8,134.0
2026-03-20T10:41:08Z,174,1099996,23089588,1074.2,122.9
2026-03-20T10:41:09Z,175,1159128,23149492,1132.0,114.4
2026-03-20T10:41:10Z,176,1209580,23199668,1181.2,109.2
2026-03-20T10:41:11Z,177,896340,22886580,875.3,172.9
2026-03-20T10:41:12Z,178,896892,22886836,875.9,121.4
2026-03-20T10:41:13Z,179,897280,22887092,876.2,123.4
2026-03-20T10:41:14Z,180,897640,22887092,876.6,122.4
2026-03-20T10:41:15Z,181,965484,22955700,942.9,129.7
2026-03-20T10:41:16Z,182,1025820,23016408,1001.8,114.5
2026-03-20T10:41:17Z,183,1108800,23099316,1082.8,124.2
2026-03-20T10:41:19Z,184,1182936,23172532,1155.2,118.1
2026-03-20T10:41:20Z,185,1292884,23282868,1262.6,130.4
2026-03-20T10:41:21Z,186,1345096,23335092,1313.6,110.0
2026-03-20T10:41:22Z,187,982972,22972340,959.9,172.7
2026-03-20T10:41:23Z,188,982496,22971828,959.5,114.5
2026-03-20T10:41:24Z,189,982740,22972084,959.7,124.1
2026-03-20T10:41:25Z,190,982816,22972084,959.8,123.4
2026-03-20T10:41:26Z,191,982828,22972084,959.8,117.8
2026-03-20T10:41:27Z,192,1014592,23004084,990.8,116.5
2026-03-20T10:41:28Z,193,1105068,23094788,1079.2,121.6
2026-03-20T10:41:29Z,194,1169824,23159220,1142.4,112.1
2026-03-20T10:41:30Z,195,1258136,23247796,1228.6,122.2
2026-03-20T10:41:31Z,196,1305428,23294912,1274.8,128.2
2026-03-20T10:41:32Z,197,950764,22940084,928.5,153.1
2026-03-20T10:41:34Z,198,951904,22940084,929.6,124.3
2026-03-20T10:41:35Z,199,952172,22940340,929.9,112.2
2026-03-20T10:41:36Z,200,952188,22940340,929.9,126.1
2026-03-20T10:41:37Z,201,974488,22963124,951.6,110.1
2026-03-20T10:41:38Z,202,1092296,23080884,1066.7,132.6
2026-03-20T10:41:39Z,203,1163048,23151176,1135.8,115.4
2026-03-20T10:41:40Z,204,1216276,23204928,1187.8,106.5
2026-03-20T10:41:41Z,205,1261204,23250100,1231.6,106.3
2026-03-20T10:41:42Z,206,1344728,23333556,1313.2,157.7
2026-03-20T10:41:43Z,207,905612,22893748,884.4,145.5
2026-03-20T10:41:44Z,208,905700,22893748,884.5,118.6
2026-03-20T10:41:45Z,209,905956,22894004,884.7,122.2
2026-03-20T10:41:46Z,210,906480,22894528,885.2,111.2
2026-03-20T10:41:47Z,211,980056,22968500,957.1,131.5
2026-03-20T10:41:49Z,212,1078272,23066440,1053.0,119.6
2026-03-20T10:41:50Z,213,1126916,23116100,1100.5,111.7
2026-03-20T10:41:51Z,214,1171228,23159812,1143.8,105.7
2026-03-20T10:41:52Z,215,1213252,23202484,1184.8,107.6
2026-03-20T10:41:53Z,216,1003300,22991284,979.8,169.8
2026-03-20T10:41:54Z,217,1003380,22991284,979.9,122.3
2026-03-20T10:41:55Z,218,1003380,22991284,979.9,118.1
2026-03-20T10:41:56Z,219,1003380,22991284,979.9,122.7
2026-03-20T10:41:57Z,220,1005152,22993332,981.6,114.3
2026-03-20T10:41:58Z,221,1066236,23054772,1041.2,112.8
2026-03-20T10:41:59Z,222,1115892,23104832,1089.7,106.7
2026-03-20T10:42:00Z,223,1144192,23133108,1117.4,108.2
2026-03-20T10:42:01Z,224,1189548,23178164,1161.7,109.1
2026-03-20T10:42:02Z,225,820580,22808500,801.3,169.2
2026-03-20T10:42:04Z,226,820580,22808500,801.3,121.4
2026-03-20T10:42:05Z,227,820580,22808500,801.3,129.7
2026-03-20T10:42:06Z,228,820580,22808500,801.3,111.3
2026-03-20T10:42:07Z,229,875496,22863684,855.0,112.2
2026-03-20T10:42:08Z,230,917684,22906036,896.2,107.3
2026-03-20T10:42:09Z,231,966560,22954828,943.9,106.4
2026-03-20T10:42:10Z,232,846640,22835124,826.8,160.5
2026-03-20T10:42:11Z,233,846864,22835380,827.0,122.3
2026-03-20T10:42:12Z,234,846924,22835380,827.1,116.5
2026-03-20T10:42:13Z,235,847760,22835964,827.9,123.1
2026-03-20T10:42:14Z,236,849596,22837684,829.7,108.9
2026-03-20T10:42:15Z,237,897092,22885556,876.1,106.5
2026-03-20T10:42:16Z,238,916780,22904768,895.3,106.4
2026-03-20T10:42:17Z,239,845076,22832960,825.3,163.6
2026-03-20T10:42:19Z,240,844424,22832308,824.6,114.7
2026-03-20T10:42:20Z,241,844528,22832308,824.7,120.1
2026-03-20T10:42:21Z,242,844536,22832308,824.7,122.4
2026-03-20T10:42:22Z,243,899052,22887604,878.0,114.8
2026-03-20T10:42:23Z,244,948292,22936500,926.1,105.4
2026-03-20T10:42:24Z,245,974980,22964148,952.1,105.4
2026-03-20T10:42:25Z,246,856572,22844340,836.5,167.9
2026-03-20T10:42:26Z,247,856580,22844340,836.5,114.7
2026-03-20T10:42:27Z,248,857192,22845108,837.1,106.6
2026-03-20T10:42:28Z,249,857368,22845108,837.3,118.4
2026-03-20T10:42:29Z,250,894828,22883252,873.9,120.0
2026-03-20T10:42:30Z,251,952276,22940340,930.0,111.9
2026-03-20T10:42:31Z,252,973716,22962356,950.9,105.4
2026-03-20T10:42:32Z,253,1048332,23036852,1023.8,123.0
2026-03-20T10:42:34Z,254,874016,22861748,853.5,157.3
2026-03-20T10:42:35Z,255,875488,22863432,855.0,112.9
2026-03-20T10:42:36Z,256,875408,22863284,854.9,114.7
2026-03-20T10:42:37Z,257,875560,22863284,855.0,123.2
2026-03-20T10:42:38Z,258,913364,22901428,892.0,114.6
2026-03-20T10:42:39Z,259,932224,22920628,910.4,106.4
2026-03-20T10:42:40Z,260,972116,22960564,949.3,111.7
2026-03-20T10:42:41Z,261,874856,22862772,854.4,167.4
2026-03-20T10:42:42Z,262,875508,22863424,855.0,115.7
2026-03-20T10:42:43Z,263,874988,22862772,854.5,107.2
2026-03-20T10:42:44Z,264,875048,22862772,854.5,119.6
2026-03-20T10:42:45Z,265,908968,22897076,887.7,124.7
2026-03-20T10:42:46Z,266,944680,22932996,922.5,110.7
2026-03-20T10:42:47Z,267,963196,22951604,940.6,104.5
2026-03-20T10:42:49Z,268,858576,22846388,838.5,166.8
2026-03-20T10:42:50Z,269,859232,22847044,839.1,117.6
2026-03-20T10:42:51Z,270,859184,22847412,839.0,107.3
2026-03-20T10:42:52Z,271,859448,22847412,839.3,112.2
2026-03-20T10:42:53Z,272,859616,22847412,839.5,120.0
2026-03-20T10:42:54Z,273,901228,22889652,880.1,115.2
2026-03-20T10:42:55Z,274,918556,22907060,897.0,105.5
2026-03-20T10:42:56Z,275,818388,22806196,799.2,165.3
2026-03-20T10:42:57Z,276,819584,22807732,800.4,111.0
2026-03-20T10:42:58Z,277,820484,22808648,801.3,111.2
2026-03-20T10:42:59Z,278,820216,22807988,801.0,107.3
2026-03-20T10:43:00Z,279,871888,22859700,851.5,125.8
2026-03-20T10:43:01Z,280,939692,22927540,917.7,121.1
2026-03-20T10:43:02Z,281,967416,22955456,944.7,105.7
2026-03-20T10:43:04Z,282,865936,22853556,845.6,169.0
2026-03-20T10:43:05Z,283,866648,22854324,846.3,112.1
2026-03-20T10:43:06Z,284,866676,22854324,846.4,105.6
2026-03-20T10:43:07Z,285,866732,22854324,846.4,106.4
2026-03-20T10:43:08Z,286,866732,22854324,846.4,105.9
2026-03-20T10:43:09Z,287,926336,22914740,904.6,120.7
2026-03-20T10:43:10Z,288,983976,22971828,960.9,118.5
2026-03-20T10:43:11Z,289,874020,22861760,853.5,172.8
2026-03-20T10:43:12Z,290,873960,22862004,853.5,113.7
2026-03-20T10:43:13Z,291,875868,22864052,855.3,105.4
2026-03-20T10:43:14Z,292,876264,22864308,855.7,106.1
2026-03-20T10:43:16Z,293,876568,22864308,856.0,106.3
2026-03-20T10:43:17Z,294,948904,22937012,926.7,126.9
2026-03-20T10:43:18Z,295,996344,22984884,973.0,112.4
2026-03-20T10:43:19Z,296,1056824,23045044,1032.1,116.3
2026-03-20T10:43:20Z,297,882024,22870340,861.4,168.7
2026-03-20T10:43:21Z,298,882692,22870452,862.0,112.8
2026-03-20T10:43:22Z,299,883756,22871988,863.0,105.0
2026-03-20T10:43:23Z,300,886276,22874804,865.5,107.3
2026-03-20T10:43:24Z,301,887192,22874804,866.4,114.9
2026-03-20T10:43:25Z,302,894404,22882740,873.4,122.3
2026-03-20T10:43:26Z,303,914076,22902464,892.7,107.3
2026-03-20T10:43:27Z,304,805772,22793908,786.9,163.2
2026-03-20T10:43:28Z,305,806404,22794500,787.5,118.1
2026-03-20T10:43:29Z,306,806792,22795076,787.9,110.0
2026-03-20T10:43:31Z,307,808532,22797120,789.6,107.1
2026-03-20T10:43:32Z,308,811208,22799168,792.2,114.0
2026-03-20T10:43:33Z,309,903308,22891584,882.1,125.2
2026-03-20T10:43:34Z,310,932512,22920768,910.7,108.4
2026-03-20T10:43:35Z,311,982640,22970688,959.6,115.8
2026-03-20T10:43:36Z,312,892696,22880436,871.8,167.4
2026-03-20T10:43:37Z,313,892852,22880592,871.9,112.6
2026-03-20T10:43:38Z,314,893028,22880836,872.1,107.2
2026-03-20T10:43:39Z,315,892628,22880436,871.7,108.1
2026-03-20T10:43:40Z,316,892696,22880436,871.8,122.2
2026-03-20T10:43:41Z,317,917272,22905524,895.8,116.7
2026-03-20T10:43:42Z,318,957168,22944948,934.7,121.6
2026-03-20T10:43:43Z,319,813888,22801588,794.8,155.8
2026-03-20T10:43:44Z,320,814484,22802248,795.4,112.2
2026-03-20T10:43:46Z,321,814040,22801844,795.0,107.5
2026-03-20T10:43:47Z,322,815168,22802868,796.1,105.5
2026-03-20T10:43:48Z,323,845768,22834100,825.9,112.0
2026-03-20T10:43:49Z,324,926656,22914484,904.9,123.2
2026-03-20T10:43:50Z,325,973252,22961588,950.4,112.0
2026-03-20T10:43:51Z,326,993656,22981812,970.4,108.3
2026-03-20T10:43:52Z,327,866660,22854324,846.3,163.8
2026-03-20T10:43:53Z,328,867144,22855092,846.8,108.2
2026-03-20T10:43:54Z,329,868328,22856372,848.0,110.2
2026-03-20T10:43:55Z,330,868708,22856372,848.3,108.9
2026-03-20T10:43:56Z,331,868708,22856372,848.3,122.3
2026-03-20T10:43:57Z,332,914708,22903404,893.3,113.0
2026-03-20T10:43:58Z,333,829724,22817460,810.3,150.5
2026-03-20T10:43:59Z,334,829724,22817460,810.3,118.2
2026-03-20T10:44:01Z,335,829724,22817460,810.3,116.0
2026-03-20T10:44:02Z,336,829724,22817460,810.3,108.3
2026-03-20T10:44:03Z,337,829980,22817716,810.5,106.3
2026-03-20T10:44:04Z,338,880676,22868916,860.0,120.0
2026-03-20T10:44:05Z,339,954192,22942388,931.8,120.4
2026-03-20T10:44:06Z,340,973424,22961076,950.6,141.9
2026-03-20T10:44:07Z,341,867588,22855604,847.3,136.0
2026-03-20T10:44:08Z,342,867728,22855860,847.4,113.6
2026-03-20T10:44:09Z,343,869220,22857908,848.8,110.1
2026-03-20T10:44:10Z,344,870488,22859444,850.1,107.4
2026-03-20T10:44:11Z,345,871668,22859444,851.2,116.8
2026-03-20T10:44:12Z,346,931284,22919532,909.5,124.4
2026-03-20T10:44:13Z,347,964168,22952372,941.6,108.7
2026-03-20T10:44:14Z,348,868604,22856372,848.2,169.3
2026-03-20T10:44:16Z,349,868912,22856884,848.5,111.0
2026-03-20T10:44:17Z,350,869368,22857396,849.0,106.1
2026-03-20T10:44:18Z,351,870064,22858244,849.7,106.2
2026-03-20T10:44:19Z,352,870140,22857908,849.7,109.4
2026-03-20T10:44:20Z,353,939000,22927040,917.0,123.8
2026-03-20T10:44:21Z,354,961996,22949812,939.4,108.5
2026-03-20T10:44:22Z,355,1063916,23051956,1039.0,129.9
2026-03-20T10:44:23Z,356,922124,22909876,900.5,163.0
2026-03-20T10:44:24Z,357,922604,22910388,901.0,116.4
2026-03-20T10:44:25Z,358,923720,22911560,902.1,106.0
2026-03-20T10:44:26Z,359,925028,22913092,903.3,107.4
2026-03-20T10:44:27Z,360,924892,22912436,903.2,120.2
2026-03-20T10:44:28Z,361,924904,22912436,903.2,112.8
2026-03-20T10:44:29Z,362,971164,22959028,948.4,116.8
2026-03-20T10:44:31Z,363,881276,22868916,860.6,171.4
2026-03-20T10:44:32Z,364,882156,22869828,861.5,113.7
2026-03-20T10:44:33Z,365,883284,22871732,862.6,108.0
2026-03-20T10:44:34Z,366,884100,22872396,863.4,106.3
2026-03-20T10:44:35Z,367,884092,22871732,863.4,114.1
2026-03-20T10:44:36Z,368,916956,22905012,895.5,120.5
2026-03-20T10:44:37Z,369,976612,22964660,953.7,119.8
2026-03-20T10:44:38Z,370,1033144,23020736,1008.9,166.7
2026-03-20T10:44:39Z,371,909740,22897332,888.4,117.7
2026-03-20T10:44:40Z,372,910676,22898868,889.3,106.4
2026-03-20T10:44:41Z,373,912972,22901684,891.6,107.2
2026-03-20T10:44:42Z,374,913900,22903220,892.5,114.1
2026-03-20T10:44:43Z,375,915688,22903220,894.2,121.7
2026-03-20T10:44:44Z,376,915688,22903220,894.2,106.2
2026-03-20T10:44:46Z,377,996784,22984372,973.4,137.5
2026-03-20T10:44:47Z,378,869512,22857140,849.1,150.6
2026-03-20T10:44:48Z,379,870448,22858244,850.0,106.7
2026-03-20T10:44:49Z,380,872536,22860612,852.1,105.6
2026-03-20T10:44:50Z,381,872592,22860724,852.1,109.2
2026-03-20T10:44:51Z,382,873196,22860724,852.7,117.7
2026-03-20T10:44:52Z,383,899928,22888628,878.8,111.8
2026-03-20T10:44:53Z,384,998928,22986932,975.5,126.0
2026-03-20T10:44:54Z,385,898732,22886468,877.7,162.6
2026-03-20T10:44:55Z,386,898088,22885812,877.0,112.1
2026-03-20T10:44:56Z,387,898092,22885812,877.0,106.5
2026-03-20T10:44:57Z,388,898820,22886580,877.8,109.0
2026-03-20T10:44:58Z,389,898400,22886068,877.3,123.9
2026-03-20T10:44:59Z,390,936824,22925236,914.9,112.3
2026-03-20T10:45:01Z,391,996168,22983860,972.8,117.0
2026-03-20T10:45:02Z,392,909248,22896960,887.9,172.2
2026-03-20T10:45:03Z,393,909168,22897076,887.9,111.9
2026-03-20T10:45:04Z,394,909680,22897588,888.4,106.4
2026-03-20T10:45:05Z,395,911120,22899532,889.8,106.5
2026-03-20T10:45:06Z,396,910660,22898868,889.3,114.2
2026-03-20T10:45:07Z,397,911192,22898868,889.8,118.3
2026-03-20T10:45:08Z,398,989332,22976948,966.1,124.4
2026-03-20T10:45:09Z,399,895880,22883520,874.9,170.5
2026-03-20T10:45:10Z,400,895356,22882996,874.4,113.1
2026-03-20T10:45:11Z,401,896008,22883648,875.0,105.7
2026-03-20T10:45:12Z,402,898540,22887092,877.5,107.5
2026-03-20T10:45:13Z,403,899564,22888372,878.5,94.5
2026-03-20T10:45:14Z,404,900740,22888372,879.6,124.0
2026-03-20T10:45:16Z,405,984940,22972596,961.9,126.7
2026-03-20T10:45:17Z,406,1082820,23071156,1057.4,127.0
2026-03-20T10:45:18Z,407,1138696,23126464,1112.0,112.1
2026-03-20T10:45:19Z,408,1220556,23208516,1191.9,115.7
2026-03-20T10:45:20Z,409,1302900,23291060,1272.4,115.8
2026-03-20T10:45:21Z,410,1407444,23395252,1374.5,128.5
2026-03-20T10:45:22Z,411,1490104,23477940,1455.2,118.9
2026-03-20T10:45:23Z,412,1586380,23574708,1549.2,127.6
2026-03-20T10:45:24Z,413,1657712,23645620,1618.9,122.2
2026-03-20T10:45:25Z,414,1056164,23044276,1031.4,194.1
2026-03-20T10:45:26Z,415,1056396,23044532,1031.6,115.9
2026-03-20T10:45:27Z,416,1056416,23044532,1031.7,121.1
2026-03-20T10:45:28Z,417,1056612,23044532,1031.8,122.3
2026-03-20T10:45:30Z,418,1056764,23044532,1032.0,113.3
2026-03-20T10:45:31Z,419,1072844,23060916,1047.7,113.8
2026-03-20T10:45:32Z,420,1173964,23162036,1146.4,130.8
2026-03-20T10:45:33Z,421,1244872,23232948,1215.7,115.0
2026-03-20T10:45:34Z,422,1340636,23329204,1309.2,125.3
2026-03-20T10:45:35Z,423,1028264,23015604,1004.2,177.5
2026-03-20T10:45:36Z,424,1028788,23016128,1004.7,107.4
2026-03-20T10:45:37Z,425,1028544,23015604,1004.4,116.6
2026-03-20T10:45:38Z,426,1028544,23015604,1004.4,121.4
2026-03-20T10:45:39Z,427,1029568,23016628,1005.4,116.1
2026-03-20T10:45:40Z,428,1029568,23016628,1005.4,116.1
2026-03-20T10:45:41Z,429,1094684,23082676,1069.0,128.8
2026-03-20T10:45:42Z,430,1163920,23151796,1136.6,116.5
2026-03-20T10:45:43Z,431,1227472,23215028,1198.7,116.3
2026-03-20T10:45:45Z,432,1337856,23325620,1306.5,127.4
2026-03-20T10:45:46Z,433,1071664,23058868,1046.5,188.3
2026-03-20T10:45:47Z,434,1072176,23059380,1047.0,110.4
2026-03-20T10:45:48Z,435,1071868,23059124,1046.7,106.2
2026-03-20T10:45:49Z,436,1071908,23059124,1046.8,131.1
2026-03-20T10:45:50Z,437,1072740,23059784,1047.6,113.8
2026-03-20T10:45:51Z,438,1072080,23059124,1047.0,108.4
2026-03-20T10:45:52Z,439,1110176,23098292,1084.2,122.5
2026-03-20T10:45:53Z,440,1222744,23209908,1194.1,134.1
2026-03-20T10:45:54Z,441,1001932,22988980,978.4,181.5
2026-03-20T10:45:55Z,442,1002044,22989236,978.6,113.6
2026-03-20T10:45:56Z,443,1002064,22989236,978.6,124.9
2026-03-20T10:45:57Z,444,1002744,22989760,979.2,115.0
2026-03-20T10:45:58Z,445,1002744,22989748,979.2,110.2
2026-03-20T10:46:00Z,446,1084236,23071412,1058.8,131.7
2026-03-20T10:46:01Z,447,1179284,23166792,1151.6,123.6
2026-03-20T10:46:02Z,448,1227636,23215028,1198.9,107.5
2026-03-20T10:46:03Z,449,1288804,23276724,1258.6,112.1
2026-03-20T10:46:04Z,450,1406148,23394156,1373.2,135.5
2026-03-20T10:46:05Z,451,1026816,23013968,1002.8,174.2
2026-03-20T10:46:06Z,452,1026296,23013556,1002.2,127.5
2026-03-20T10:46:07Z,453,1026400,23013812,1002.3,120.3
2026-03-20T10:46:08Z,454,1026404,23013812,1002.3,114.0
2026-03-20T10:46:09Z,455,1026680,23013812,1002.6,114.8
2026-03-20T10:46:10Z,456,1044784,23031988,1020.3,121.8
2026-03-20T10:46:11Z,457,1139708,23127364,1113.0,123.0
2026-03-20T10:46:12Z,458,1180440,23168180,1152.8,109.1
2026-03-20T10:46:13Z,459,1241972,23229876,1212.9,110.2
2026-03-20T10:46:15Z,460,1312136,23299508,1281.4,121.1
2026-03-20T10:46:16Z,461,999560,22986676,976.1,185.9
2026-03-20T10:46:17Z,462,1000220,22987336,976.8,117.5
2026-03-20T10:46:18Z,463,999560,22986676,976.1,125.6
2026-03-20T10:46:19Z,464,999852,22986968,976.4,112.2
2026-03-20T10:46:20Z,465,999744,22986860,976.3,113.6
2026-03-20T10:46:21Z,466,1023780,23011436,999.8,120.4
2026-03-20T10:46:22Z,467,1082056,23069804,1056.7,114.8
2026-03-20T10:46:23Z,468,1133328,23121260,1106.8,108.6
2026-03-20T10:46:24Z,469,1196228,23183212,1168.2,111.9
2026-03-20T10:46:25Z,470,1303404,23290988,1272.9,130.5
2026-03-20T10:46:26Z,471,1017908,23005108,994.1,174.8
2026-03-20T10:46:27Z,472,1018164,23005364,994.3,116.8
2026-03-20T10:46:28Z,473,1018164,23005364,994.3,123.3
2026-03-20T10:46:30Z,474,1018164,23005364,994.3,110.3
2026-03-20T10:46:31Z,475,1018164,23005364,994.3,125.9
2026-03-20T10:46:32Z,476,1046420,23034292,1021.9,115.4
2026-03-20T10:46:33Z,477,1099544,23087028,1073.8,104.8
2026-03-20T10:46:34Z,478,1149564,23137096,1122.6,112.8
2026-03-20T10:46:35Z,479,1223112,23210676,1194.4,124.6
2026-03-20T10:46:36Z,480,993160,22980160,969.9,184.0
2026-03-20T10:46:37Z,481,993160,22980160,969.9,114.0
2026-03-20T10:46:38Z,482,993160,22980160,969.9,126.8
2026-03-20T10:46:39Z,483,993192,22980160,969.9,116.9
2026-03-20T10:46:40Z,484,993396,22980160,970.1,123.3
2026-03-20T10:46:41Z,485,1029784,23017024,1005.6,124.1
2026-03-20T10:46:42Z,486,1081636,23069248,1056.3,108.9
2026-03-20T10:46:43Z,487,1141796,23128796,1115.0,109.2
2026-03-20T10:46:45Z,488,1196124,23183936,1168.1,108.3
2026-03-20T10:46:46Z,489,1305880,23293504,1275.3,129.6
2026-03-20T10:46:47Z,490,1018208,23005108,994.3,182.7
2026-03-20T10:46:48Z,491,1018344,23005364,994.5,119.8
2026-03-20T10:46:49Z,492,1018344,23005364,994.5,122.3
2026-03-20T10:46:50Z,493,1018344,23005364,994.5,117.8
2026-03-20T10:46:51Z,494,1018464,23005364,994.6,123.1
2026-03-20T10:46:52Z,495,1088920,23075920,1063.4,120.6
2026-03-20T10:46:53Z,496,1136524,23123892,1109.9,106.5
2026-03-20T10:46:54Z,497,1177616,23165620,1150.0,109.1
2026-03-20T10:46:55Z,498,1231568,23218868,1202.7,112.7
2026-03-20T10:46:56Z,499,1335600,23322548,1304.3,182.3
2026-03-20T10:46:57Z,500,1021056,23008004,997.1,125.2
2026-03-20T10:46:58Z,501,1020464,23007412,996.5,126.3
2026-03-20T10:47:00Z,502,1020464,23007412,996.5,117.0
2026-03-20T10:47:01Z,503,1020464,23007412,996.5,121.3
2026-03-20T10:47:02Z,504,1020464,23007412,996.5,119.4
2026-03-20T10:47:03Z,505,1072100,23059008,1047.0,106.5
2026-03-20T10:47:04Z,506,1101012,23088308,1075.2,105.4
2026-03-20T10:47:05Z,507,1159380,23146564,1132.2,114.1
2026-03-20T10:47:06Z,508,1251672,23239092,1222.3,123.0
2026-03-20T10:47:07Z,509,968216,22955188,945.5,170.3
2026-03-20T10:47:08Z,510,968680,22955700,946.0,116.7
2026-03-20T10:47:09Z,511,968728,22955700,946.0,113.3
2026-03-20T10:47:10Z,512,968728,22955700,946.0,125.0
2026-03-20T10:47:11Z,513,969496,22956468,946.8,109.2
2026-03-20T10:47:12Z,514,969680,22956468,947.0,105.6
2026-03-20T10:47:13Z,515,998060,22985152,974.7,106.7
2026-03-20T10:47:15Z,516,1070428,23058100,1045.3,116.6
2026-03-20T10:47:16Z,517,1156248,23143248,1129.1,153.3
2026-03-20T10:47:17Z,518,957988,22944948,935.5,122.4
2026-03-20T10:47:18Z,519,958016,22944948,935.6,125.4
2026-03-20T10:47:19Z,520,958016,22944948,935.6,121.2
2026-03-20T10:47:20Z,521,958016,22944948,935.6,125.0
2026-03-20T10:47:21Z,522,958856,22945972,936.4,110.1
2026-03-20T10:47:22Z,523,1037244,23024820,1012.9,116.2
2026-03-20T10:47:23Z,524,1081924,23069616,1056.6,108.0
2026-03-20T10:47:24Z,525,1169392,23156916,1142.0,124.8
2026-03-20T10:47:25Z,526,1261232,23249076,1231.7,123.9
2026-03-20T10:47:26Z,527,1355212,23342772,1323.4,127.8
2026-03-20T10:47:27Z,528,1444524,23431860,1410.7,129.2
2026-03-20T10:47:28Z,529,1073772,23060660,1048.6,164.0
2026-03-20T10:47:30Z,530,946028,22932916,923.9,133.2
2026-03-20T10:47:31Z,531,946284,22933172,924.1,113.6
2026-03-20T10:47:32Z,532,947588,22934532,925.4,107.3
2026-03-20T10:47:33Z,533,947964,22934852,925.7,110.1
2026-03-20T10:47:34Z,534,947308,22934196,925.1,120.7
2026-03-20T10:47:35Z,535,1027116,23014324,1003.0,128.8
2026-03-20T10:47:36Z,536,1088580,23076020,1063.1,113.6
2026-03-20T10:47:37Z,537,1201236,23188660,1173.1,126.1
2026-03-20T10:47:38Z,538,1260928,23248308,1231.4,114.0
2026-03-20T10:47:39Z,539,1365420,23352756,1333.4,127.2
2026-03-20T10:47:40Z,540,1022576,23009460,998.6,175.2
2026-03-20T10:47:41Z,541,1023372,23010628,999.4,116.6
2026-03-20T10:47:42Z,542,1023268,23010484,999.3,108.6
2026-03-20T10:47:43Z,543,1023296,23010484,999.3,115.9
2026-03-20T10:47:45Z,544,1023416,23010484,999.4,121.8
2026-03-20T10:47:46Z,545,1023720,23010484,999.7,128.5
2026-03-20T10:47:47Z,546,1082536,23069620,1057.2,120.4
2026-03-20T10:47:48Z,547,1140876,23128244,1114.1,115.9
2026-03-20T10:47:49Z,548,1229940,23217332,1201.1,123.2
2026-03-20T10:47:50Z,549,1305628,23293108,1275.0,123.4
2026-03-20T10:47:51Z,550,1039848,23026612,1015.5,185.2
2026-03-20T10:47:52Z,551,1040372,23027136,1016.0,118.7
2026-03-20T10:47:53Z,552,1040580,23027460,1016.2,113.7
2026-03-20T10:47:54Z,553,1041064,23028148,1016.7,108.2
2026-03-20T10:47:55Z,554,1041412,23028404,1017.0,121.9
2026-03-20T10:47:56Z,555,1041664,23028404,1017.2,115.3
2026-03-20T10:47:57Z,556,1042176,23028916,1017.8,113.0
2026-03-20T10:47:58Z,557,1112212,23099060,1086.1,124.4
2026-03-20T10:48:00Z,558,1177820,23165108,1150.2,116.9
2026-03-20T10:48:01Z,559,1293648,23280564,1263.3,139.9
2026-03-20T10:48:02Z,560,1018456,23005364,994.6,170.7
2026-03-20T10:48:03Z,561,1018456,23005364,994.6,110.5
2026-03-20T10:48:04Z,562,1018640,23005620,994.8,111.9
2026-03-20T10:48:05Z,563,1020176,23007156,996.3,105.3
2026-03-20T10:48:06Z,564,1020248,23007156,996.3,127.0
2026-03-20T10:48:07Z,565,1020912,23007820,997.0,112.6
2026-03-20T10:48:08Z,566,1073508,23060916,1048.3,112.0
2026-03-20T10:48:09Z,567,967024,22954568,944.4,175.9
2026-03-20T10:48:10Z,568,966364,22953908,943.7,124.2
2026-03-20T10:48:11Z,569,966364,22953908,943.7,123.7
2026-03-20T10:48:12Z,570,966420,22953908,943.8,106.3
2026-03-20T10:48:13Z,571,966420,22953908,943.8,109.5
2026-03-20T10:48:15Z,572,967180,22954420,944.5,110.8
2026-03-20T10:48:16Z,573,993880,22981044,970.6,180.7
2026-03-20T10:48:17Z,574,932440,22919348,910.6,111.7
2026-03-20T10:48:18Z,575,935224,22922312,913.3,109.1
2026-03-20T10:48:19Z,576,935392,22922312,913.5,121.7
2026-03-20T10:48:20Z,577,935572,22922312,913.6,117.4
2026-03-20T10:48:21Z,578,1015356,23002340,991.6,119.3
2026-03-20T10:48:22Z,579,1054660,23041608,1029.9,110.3
2026-03-20T10:48:23Z,580,1089532,23076504,1064.0,107.5
2026-03-20T10:48:24Z,581,1181024,23168328,1153.3,124.1
2026-03-20T10:48:25Z,582,1033048,23019956,1008.8,177.8
2026-03-20T10:48:26Z,583,1033288,23020212,1009.1,116.4
2026-03-20T10:48:27Z,584,1033616,23020724,1009.4,107.7
2026-03-20T10:48:28Z,585,1033664,23020724,1009.4,123.4
2026-03-20T10:48:30Z,586,1033816,23020724,1009.6,125.0
2026-03-20T10:48:31Z,587,1033816,23020724,1009.6,111.9
2026-03-20T10:48:32Z,588,1055132,23042924,1030.4,108.4
2026-03-20T10:48:33Z,589,1127072,23114164,1100.7,121.8
2026-03-20T10:48:34Z,590,1027156,23014068,1003.1,190.2
2026-03-20T10:48:35Z,591,1027364,23014580,1003.3,110.9
2026-03-20T10:48:36Z,592,1028272,23015488,1004.2,109.7
2026-03-20T10:48:37Z,593,1028884,23016628,1004.8,120.1
2026-03-20T10:48:38Z,594,1029008,23016884,1004.9,120.4
2026-03-20T10:48:39Z,595,1029972,23016884,1005.8,124.6
2026-03-20T10:48:40Z,596,1056752,23044056,1032.0,108.8
2026-03-20T10:48:41Z,597,1124508,23111860,1098.2,122.5
2026-03-20T10:48:42Z,598,1016372,23003316,992.6,182.6
2026-03-20T10:48:44Z,599,1017224,23004232,993.4,112.8
2026-03-20T10:48:45Z,600,1016688,23003828,992.9,115.6
2026-03-20T10:48:46Z,601,1017892,23005004,994.0,108.4
2026-03-20T10:48:47Z,602,1017248,23004340,993.4,122.7
2026-03-20T10:48:48Z,603,1017396,23004340,993.6,120.2
2026-03-20T10:48:49Z,604,1098020,23085236,1072.3,127.0
2026-03-20T10:48:50Z,605,1118264,23105204,1092.1,109.8
2026-03-20T10:48:51Z,606,1197324,23184564,1169.3,123.2
2026-03-20T10:48:52Z,607,1037068,23024052,1012.8,185.3
2026-03-20T10:48:53Z,608,1037144,23024052,1012.8,111.0
2026-03-20T10:48:54Z,609,1037636,23024820,1013.3,108.6
2026-03-20T10:48:55Z,610,1039400,23027380,1015.0,108.2
2026-03-20T10:48:56Z,611,1039656,23027380,1015.3,126.7
2026-03-20T10:48:57Z,612,1040504,23027380,1016.1,117.5
2026-03-20T10:48:59Z,613,1049240,23036852,1024.6,118.7
2026-03-20T10:49:00Z,614,1090976,23078324,1065.4,114.7
2026-03-20T10:49:01Z,615,1207156,23194036,1178.9,169.7
2026-03-20T10:49:02Z,616,1008128,22994868,984.5,141.9
2026-03-20T10:49:03Z,617,1008744,22995636,985.1,112.1
2026-03-20T10:49:04Z,618,1008944,22995892,985.3,106.5
2026-03-20T10:49:05Z,619,1008988,22995892,985.3,106.9
2026-03-20T10:49:06Z,620,1009196,22995892,985.5,122.3
2026-03-20T10:49:07Z,621,1027968,23015092,1003.9,121.9
2026-03-20T10:49:08Z,622,1083416,23071156,1058.0,116.4
2026-03-20T10:49:09Z,623,1174144,23161268,1146.6,125.0
2026-03-20T10:49:10Z,624,1056452,23043400,1031.7,178.3
2026-03-20T10:49:11Z,625,1056048,23042996,1031.3,115.0
2026-03-20T10:49:12Z,626,1056700,23043648,1031.9,107.2
2026-03-20T10:49:14Z,627,1056152,23043252,1031.4,107.3
2026-03-20T10:49:15Z,628,1056152,23043252,1031.4,112.7
2026-03-20T10:49:16Z,629,1056304,23043252,1031.5,118.4
2026-03-20T10:49:17Z,630,1056304,23043252,1031.5,113.5
2026-03-20T10:49:18Z,631,1132784,23120308,1106.2,126.8
2026-03-20T10:49:19Z,632,948816,22935732,926.6,164.9
2026-03-20T10:49:20Z,633,949040,22935988,926.8,108.1
2026-03-20T10:49:21Z,634,949040,22935988,926.8,100.7
2026-03-20T10:49:22Z,635,949072,22935988,926.8,121.6
2026-03-20T10:49:23Z,636,949072,22935988,926.8,122.4
2026-03-20T10:49:24Z,637,982732,22969816,959.7,123.8
2026-03-20T10:49:25Z,638,1043508,23031220,1019.1,118.6
2026-03-20T10:49:26Z,639,1112300,23099716,1086.2,110.1
2026-03-20T10:49:28Z,640,1188152,23175092,1160.3,107.6
2026-03-20T10:49:29Z,641,1236928,23223988,1207.9,76.4
2026-03-20T10:49:30Z,642,1329316,23316916,1298.2,121.3
2026-03-20T10:49:31Z,643,1417660,23404468,1384.4,128.1
2026-03-20T10:49:32Z,644,1500408,23488180,1465.2,121.5
2026-03-20T10:49:33Z,645,1588100,23575284,1550.9,122.4
2026-03-20T10:49:34Z,646,1050788,23038048,1026.2,182.6
2026-03-20T10:49:35Z,647,1051260,23038048,1026.6,114.8
2026-03-20T10:49:36Z,648,1051772,23038560,1027.1,121.9
2026-03-20T10:49:37Z,649,1052332,23039072,1027.7,105.3
2026-03-20T10:49:38Z,650,1052332,23039072,1027.7,111.8
2026-03-20T10:49:39Z,651,1052992,23039732,1028.3,108.2
2026-03-20T10:49:40Z,652,1106900,23093856,1081.0,120.7
2026-03-20T10:49:41Z,653,1203932,23191136,1175.7,127.7
2026-03-20T10:49:43Z,654,1288684,23276128,1258.5,122.9
2026-03-20T10:49:44Z,655,1351720,23339360,1320.0,115.5
2026-03-20T10:49:45Z,656,1466032,23453828,1431.7,128.2
2026-03-20T10:49:46Z,657,1046456,23033440,1021.9,173.8
2026-03-20T10:49:47Z,658,1046748,23033732,1022.2,121.2
2026-03-20T10:49:48Z,659,1047548,23034720,1023.0,109.1
2026-03-20T10:49:49Z,660,1047584,23034720,1023.0,122.1
2026-03-20T10:49:50Z,661,1047992,23034976,1023.4,105.4
2026-03-20T10:49:51Z,662,1047992,23034976,1023.4,113.8
2026-03-20T10:49:52Z,663,1104380,23091808,1078.5,124.2
2026-03-20T10:49:53Z,664,1200220,23187040,1172.1,125.9
2026-03-20T10:49:54Z,665,1252812,23240032,1223.4,114.8
2026-03-20T10:49:55Z,666,1342948,23330400,1311.5,126.1
2026-03-20T10:49:56Z,667,987812,22974560,964.7,162.4
2026-03-20T10:49:58Z,668,987820,22974560,964.7,126.0
2026-03-20T10:49:59Z,669,988020,22974816,964.9,115.7
2026-03-20T10:50:00Z,670,988500,22975328,965.3,110.1
2026-03-20T10:50:01Z,671,989936,22976760,966.7,106.5
2026-03-20T10:50:02Z,672,989356,22976096,966.2,115.7
2026-03-20T10:50:03Z,673,1059384,23046240,1034.6,129.5
2026-03-20T10:50:04Z,674,1148784,23136096,1121.9,124.2
2026-03-20T10:50:05Z,675,1193976,23180896,1166.0,109.8
2026-03-20T10:50:06Z,676,977980,22964832,955.1,161.4
2026-03-20T10:50:07Z,677,978236,22965088,955.3,125.0
2026-03-20T10:50:08Z,678,979140,22966368,956.2,112.1
2026-03-20T10:50:09Z,679,979772,22967136,956.8,108.7
2026-03-20T10:50:10Z,680,980140,22967392,957.2,115.5
2026-03-20T10:50:11Z,681,980540,22967392,957.6,117.0
2026-03-20T10:50:13Z,682,1026832,23014240,1002.8,126.2
2026-03-20T10:50:14Z,683,1079268,23066720,1054.0,114.2
2026-03-20T10:50:15Z,684,1104940,23092176,1079.0,105.0
2026-03-20T10:50:16Z,685,953476,22940256,931.1,163.1
2026-03-20T10:50:17Z,686,953580,22940512,931.2,118.2
2026-03-20T10:50:18Z,687,953580,22940512,931.2,132.3
2026-03-20T10:50:19Z,688,762688,22749428,744.8,151.7
2026-03-20T10:50:20Z,689,762804,22749428,744.9,119.6
2026-03-20T10:50:21Z,690,763716,22750340,745.8,113.8
2026-03-20T10:50:22Z,691,812316,22800116,793.3,113.3
2026-03-20T10:50:23Z,692,831452,22818560,812.0,104.7
2026-03-20T10:50:24Z,693,899496,22886644,878.4,113.8
2026-03-20T10:50:25Z,694,844056,22830688,824.3,162.6
2026-03-20T10:50:27Z,695,844056,22830688,824.3,108.2
2026-03-20T10:50:28Z,696,844168,22830944,824.4,123.7
2026-03-20T10:50:29Z,697,844936,22831536,825.1,122.9
2026-03-20T10:50:30Z,698,858856,22845536,838.7,109.2
2026-03-20T10:50:31Z,699,873108,22860384,852.6,107.2
2026-03-20T10:50:32Z,700,845656,22832368,825.8,172.1
2026-03-20T10:50:33Z,701,846032,22832876,826.2,113.0
2026-03-20T10:50:34Z,702,845380,22832224,825.6,107.2
2026-03-20T10:50:35Z,703,845908,22832736,826.1,114.8
2026-03-20T10:50:36Z,704,846036,22832736,826.2,120.7
2026-03-20T10:50:37Z,705,886540,22873696,865.8,113.1
2026-03-20T10:50:38Z,706,907144,22894432,885.9,107.1
2026-03-20T10:50:39Z,707,790764,22777440,772.2,165.3
2026-03-20T10:50:40Z,708,791280,22777952,772.7,106.8
2026-03-20T10:50:42Z,709,791728,22778464,773.2,110.2
2026-03-20T10:50:43Z,710,793272,22779744,774.7,114.7
2026-03-20T10:50:44Z,711,869956,22857056,849.6,120.3
2026-03-20T10:50:45Z,712,904104,22891360,882.9,109.4
2026-03-20T10:50:46Z,713,801700,22788704,782.9,155.6
2026-03-20T10:50:47Z,714,802532,22789808,783.7,120.3
2026-03-20T10:50:48Z,715,801940,22789216,783.1,108.2
2026-03-20T10:50:49Z,716,802404,22789472,783.6,109.4
2026-03-20T10:50:50Z,717,803236,22790240,784.4,108.5
2026-03-20T10:50:51Z,718,885616,22872672,864.9,124.2
2026-03-20T10:50:52Z,719,922676,22910304,901.1,112.1
2026-03-20T10:50:53Z,720,822340,22809440,803.1,156.9
2026-03-20T10:50:54Z,721,822340,22809440,803.1,119.6
2026-03-20T10:50:55Z,722,823000,22810100,803.7,107.2
2026-03-20T10:50:57Z,723,824664,22811900,805.3,109.0
2026-03-20T10:50:58Z,724,824644,22811744,805.3,106.4
2026-03-20T10:50:59Z,725,875480,22862688,855.0,124.9
2026-03-20T10:51:00Z,726,937408,22924640,915.4,115.6
2026-03-20T10:51:01Z,727,816344,22803296,797.2,149.6
2026-03-20T10:51:02Z,728,816528,22803480,797.4,123.5
2026-03-20T10:51:03Z,729,816904,22804064,797.8,111.9
2026-03-20T10:51:04Z,730,817888,22805088,798.7,106.4
2026-03-20T10:51:05Z,731,818648,22805600,799.5,105.5
2026-03-20T10:51:06Z,732,864124,22851168,843.9,117.5
2026-03-20T10:51:07Z,733,933476,22921568,911.6,116.6
2026-03-20T10:51:08Z,734,965444,22952556,942.8,109.4
2026-03-20T10:51:09Z,735,1045220,23032272,1020.7,173.0
2026-03-20T10:51:10Z,736,923420,22910560,901.8,121.2
2026-03-20T10:51:12Z,737,923420,22910560,901.8,106.1
2026-03-20T10:51:13Z,738,924540,22911840,902.9,107.3
2026-03-20T10:51:14Z,739,925960,22913272,904.3,113.7
2026-03-20T10:51:15Z,740,926248,22913272,904.5,123.3
2026-03-20T10:51:16Z,741,942808,22930168,920.7,109.0
2026-03-20T10:51:17Z,742,1027804,23015160,1003.7,124.2
2026-03-20T10:51:18Z,743,868992,22856176,848.6,164.1
2026-03-20T10:51:19Z,744,869364,22856700,849.0,107.4
2026-03-20T10:51:20Z,745,868832,22856032,848.5,107.1
2026-03-20T10:51:21Z,746,869088,22856288,848.7,109.3
2026-03-20T10:51:22Z,747,869480,22856288,849.1,40.1
2026-03-20T10:51:23Z,748,869480,22856288,849.1,40.1
2026-03-20T10:51:24Z,749,933684,22921056,911.8,128.0
2026-03-20T10:51:25Z,750,995664,22983264,972.3,120.2
2026-03-20T10:51:27Z,751,1110188,23097184,1084.2,128.6
2026-03-20T10:51:28Z,752,938528,22925552,916.5,178.8
2026-03-20T10:51:29Z,753,938632,22925920,916.6,107.1
2026-03-20T10:51:30Z,754,939152,22926288,917.1,106.2
2026-03-20T10:51:31Z,755,938784,22925920,916.8,118.5
2026-03-20T10:51:32Z,756,938896,22925920,916.9,114.7
2026-03-20T10:51:33Z,757,987540,22975584,964.4,107.2
2026-03-20T10:51:34Z,758,1065300,23052896,1040.3,122.8
2026-03-20T10:51:35Z,759,1155228,23142496,1128.2,125.8
2026-03-20T10:51:36Z,760,944088,22931040,922.0,186.5
2026-03-20T10:51:37Z,761,945232,22932216,923.1,118.5
2026-03-20T10:51:38Z,762,944860,22931844,922.7,115.9
2026-03-20T10:51:39Z,763,945284,22932320,923.1,108.5
2026-03-20T10:51:40Z,764,945540,22932576,923.4,111.8
2026-03-20T10:51:42Z,765,964340,22951520,941.7,122.1
2026-03-20T10:51:43Z,766,1019072,23006456,995.2,107.2
2026-03-20T10:51:44Z,767,1096700,23084128,1071.0,122.3
2026-03-20T10:51:45Z,768,1205172,23192672,1176.9,132.3
2026-03-20T10:51:46Z,769,917908,22905184,896.4,179.5
2026-03-20T10:51:47Z,770,917916,22905184,896.4,107.4
2026-03-20T10:51:48Z,771,917916,22905184,896.4,116.1
2026-03-20T10:51:49Z,772,918164,22905184,896.6,110.9
2026-03-20T10:51:50Z,773,918180,22905184,896.7,115.6
2026-03-20T10:51:51Z,774,959344,22946912,936.9,111.1
2026-03-20T10:51:52Z,775,1023080,23010144,999.1,118.2
2026-03-20T10:51:53Z,776,1084548,23072096,1059.1,118.0
2026-03-20T10:51:54Z,777,1197880,23185504,1169.8,131.5
2026-03-20T10:51:55Z,778,1259344,23246956,1229.8,118.0
2026-03-20T10:51:57Z,779,973624,22960748,950.8,167.3
2026-03-20T10:51:58Z,780,973612,22960736,950.8,108.4
2026-03-20T10:51:59Z,781,973356,22960480,950.5,115.6
2026-03-20T10:52:00Z,782,973356,22960480,950.5,117.2
2026-03-20T10:52:01Z,783,975172,22962272,952.3,113.2
2026-03-20T10:52:02Z,784,992768,22980192,969.5,122.1
2026-03-20T10:52:03Z,785,808396,22795872,789.4,180.2
2026-03-20T10:52:04Z,786,808396,22795872,789.4,118.6
2026-03-20T10:52:05Z,787,809616,22797040,790.6,119.0
2026-03-20T10:52:06Z,788,810016,22797408,791.0,112.9
2026-03-20T10:52:07Z,789,848128,22835808,828.2,108.2
2026-03-20T10:52:08Z,790,891956,22879072,871.1,107.4
2026-03-20T10:52:09Z,791,960628,22947936,938.1,114.0
2026-03-20T10:52:10Z,792,1052180,23040096,1027.5,125.5
2026-03-20T10:52:12Z,793,1102784,23090016,1076.9,118.6
2026-03-20T10:52:13Z,794,920884,22908000,899.3,172.5
2026-03-20T10:52:14Z,795,921604,22908652,900.0,118.6
2026-03-20T10:52:15Z,796,921612,22908512,900.0,114.2
2026-03-20T10:52:16Z,797,921100,22908000,899.5,106.4
2026-03-20T10:52:17Z,798,921736,22908768,900.1,106.5
2026-03-20T10:52:18Z,799,922124,22909024,900.5,116.2
2026-03-20T10:52:19Z,800,978024,22966368,955.1,118.7
2026-03-20T10:52:20Z,801,1084896,23072096,1059.5,129.6
2026-03-20T10:52:21Z,802,924400,22911484,902.7,179.8
2026-03-20T10:52:22Z,803,923732,22910816,902.1,106.4
2026-03-20T10:52:23Z,804,924316,22911584,902.7,106.3
2026-03-20T10:52:24Z,805,924672,22911840,903.0,111.7
2026-03-20T10:52:25Z,806,925672,22912756,904.0,119.5
2026-03-20T10:52:27Z,807,931828,22919416,910.0,114.5
2026-03-20T10:52:28Z,808,995572,22983008,972.2,118.3
2026-03-20T10:52:29Z,809,1100720,23087712,1074.9,173.3
2026-03-20T10:52:30Z,810,913580,22900576,892.2,132.6
2026-03-20T10:52:31Z,811,914092,22901088,892.7,106.4
2026-03-20T10:52:32Z,812,914204,22901200,892.8,104.7
2026-03-20T10:52:33Z,813,913868,22900832,892.4,117.5
2026-03-20T10:52:34Z,814,761300,22748148,743.5,169.5
2026-03-20T10:52:35Z,815,762272,22749280,744.4,111.0
2026-03-20T10:52:36Z,816,762312,22749280,744.4,116.4
2026-03-20T10:52:37Z,817,824852,22812256,805.5,121.8
2026-03-20T10:52:38Z,818,878080,22864992,857.5,108.5
2026-03-20T10:52:39Z,819,920252,22907856,898.7,105.7
2026-03-20T10:52:40Z,820,799160,22786144,780.4,161.5
2026-03-20T10:52:42Z,821,799160,22786144,780.4,117.7
2026-03-20T10:52:43Z,822,799824,22786808,781.1,110.1
2026-03-20T10:52:44Z,823,799160,22786144,780.4,119.5
2026-03-20T10:52:45Z,824,851476,22838880,831.5,122.0
2026-03-20T10:52:46Z,825,917932,22905440,896.4,114.7
2026-03-20T10:52:47Z,826,953172,22940768,930.8,105.5
2026-03-20T10:52:48Z,827,996652,22984288,973.3,105.3
2026-03-20T10:52:49Z,828,785052,22772064,766.7,164.7
2026-03-20T10:52:50Z,829,785532,22772832,767.1,116.6
2026-03-20T10:52:51Z,830,786604,22774112,768.2,112.8
2026-03-20T10:52:52Z,831,787100,22774112,768.7,120.2
2026-03-20T10:52:53Z,832,854848,22842720,834.8,119.4
2026-03-20T10:52:54Z,833,899740,22887264,878.7,107.3
2026-03-20T10:52:55Z,834,911412,22899040,890.1,103.4
2026-03-20T10:52:57Z,835,805800,22792800,786.9,173.3
2026-03-20T10:52:58Z,836,805800,22792800,786.9,111.7
2026-03-20T10:52:59Z,837,806448,22793312,787.5,109.0
2026-03-20T10:53:00Z,838,806752,22793568,787.8,120.3
2026-03-20T10:53:01Z,839,855680,22842544,835.6,119.4
2026-03-20T10:53:02Z,840,892408,22880280,871.5,110.1
2026-03-20T10:53:03Z,841,905784,22893152,884.6,104.4
2026-03-20T10:53:04Z,842,821504,22809184,802.2,175.0
2026-03-20T10:53:05Z,843,822476,22809844,803.2,115.3
2026-03-20T10:53:06Z,844,822468,22809836,803.2,108.0
2026-03-20T10:53:07Z,845,822128,22809184,802.9,115.4
2026-03-20T10:53:08Z,846,871508,22859104,851.1,126.3
2026-03-20T10:53:09Z,847,919136,22906464,897.6,111.4
2026-03-20T10:53:11Z,848,938716,22926688,916.7,106.7
2026-03-20T10:53:12Z,849,790512,22777440,772.0,163.7
2026-03-20T10:53:13Z,850,791180,22778108,772.6,114.2
2026-03-20T10:53:14Z,851,790512,22777440,772.0,110.0
2026-03-20T10:53:15Z,852,792580,22779488,774.0,110.7
2026-03-20T10:53:16Z,853,880944,22868320,860.3,125.5
2026-03-20T10:53:17Z,854,932916,22920544,911.1,115.6
2026-03-20T10:53:18Z,855,953992,22941024,931.6,123.2
2026-03-20T10:53:19Z,856,791552,22778976,773.0,155.5
2026-03-20T10:53:20Z,857,792880,22780656,774.3,107.3
2026-03-20T10:53:21Z,858,795064,22783468,776.4,113.0
2026-03-20T10:53:22Z,859,796700,22785016,778.0,106.2
2026-03-20T10:53:23Z,860,821772,22808928,802.5,120.4
2026-03-20T10:53:24Z,861,869604,22856544,849.2,111.8
2026-03-20T10:53:26Z,862,878544,22865760,858.0,19.6
2026-03-20T10:53:27Z,863,971756,22959456,949.0,124.0
2026-03-20T10:53:28Z,864,1036408,23023456,1012.1,119.8
2026-03-20T10:53:29Z,865,1146272,23133280,1119.4,132.2
2026-03-20T10:53:30Z,866,947116,22934112,924.9,177.2
2026-03-20T10:53:31Z,867,947548,22934624,925.3,107.9
2026-03-20T10:53:32Z,868,947548,22934624,925.3,106.3
2026-03-20T10:53:33Z,869,948572,22935800,926.3,118.9
2026-03-20T10:53:34Z,870,948396,22935392,926.2,113.8
2026-03-20T10:53:35Z,871,978676,22965600,955.7,112.1
2026-03-20T10:53:36Z,872,1068456,23055968,1043.4,125.4
2026-03-20T10:53:37Z,873,1135236,23122784,1108.6,120.2
2026-03-20T10:53:38Z,874,1172488,23159648,1145.0,113.9
2026-03-20T10:53:39Z,875,901248,22888800,880.1,185.3
2026-03-20T10:53:41Z,876,901496,22888800,880.4,118.4
2026-03-20T10:53:42Z,877,902844,22890592,881.7,106.4
2026-03-20T10:53:43Z,878,903424,22891360,882.2,111.8
2026-03-20T10:53:44Z,879,904056,22891360,882.9,119.9
2026-03-20T10:53:45Z,880,922300,22909792,900.7,116.9
2026-03-20T10:53:46Z,881,1015780,23003488,992.0,129.1
2026-03-20T10:53:47Z,882,1051160,23038304,1026.5,111.1
2026-03-20T10:53:48Z,883,1133012,23120224,1106.5,126.9
2026-03-20T10:53:49Z,884,880336,22867296,859.7,165.2
2026-03-20T10:53:50Z,885,880680,22867808,860.0,114.8
2026-03-20T10:53:51Z,886,880884,22868064,860.2,107.3
2026-03-20T10:53:52Z,887,880884,22868064,860.2,105.6
2026-03-20T10:53:53Z,888,881512,22868320,860.9,123.8
2026-03-20T10:53:54Z,889,934980,22922848,913.1,117.9
2026-03-20T10:53:56Z,890,975272,22962796,952.4,113.1
2026-03-20T10:53:57Z,891,860188,22847072,840.0,182.7
2026-03-20T10:53:58Z,892,860900,22847840,840.7,109.3
2026-03-20T10:53:59Z,893,860900,22847840,840.7,105.5
2026-03-20T10:54:00Z,894,861796,22848792,841.6,106.6
2026-03-20T10:54:01Z,895,861724,22848608,841.5,115.0
2026-03-20T10:54:02Z,896,923412,22910560,901.8,121.0
2026-03-20T10:54:03Z,897,966428,22953824,943.8,113.9
2026-03-20T10:54:04Z,898,895544,22882400,874.6,179.8
2026-03-20T10:54:05Z,899,895776,22882656,874.8,117.8
2026-03-20T10:54:06Z,900,896032,22882912,875.0,106.4
2026-03-20T10:54:07Z,901,898040,22885104,877.0,106.5
2026-03-20T10:54:08Z,902,899920,22887416,878.8,107.8
2026-03-20T10:54:09Z,903,899944,22886752,878.9,122.2
2026-03-20T10:54:10Z,904,958720,22945888,936.2,118.1
2026-03-20T10:54:12Z,905,1037924,23025248,1013.6,122.0
2026-03-20T10:54:13Z,906,876176,22863456,855.6,169.7
2026-03-20T10:54:14Z,907,875664,22862944,855.1,114.2
2026-03-20T10:54:15Z,908,876492,22864224,855.9,106.8
2026-03-20T10:54:16Z,909,878536,22866168,857.9,106.5
2026-03-20T10:54:17Z,910,878216,22865760,857.6,110.2
2026-03-20T10:54:18Z,911,882164,22869344,861.5,114.9
2026-03-20T10:54:19Z,912,926860,22914656,905.1,115.5
2026-03-20T10:54:20Z,913,880012,22867040,859.4,176.4
2026-03-20T10:54:21Z,914,880948,22868320,860.3,114.9
2026-03-20T10:54:22Z,915,881180,22868576,860.5,111.1
2026-03-20T10:54:23Z,916,881752,22869344,861.1,107.1
2026-03-20T10:54:24Z,917,884908,22872928,864.2,107.2
2026-03-20T10:54:25Z,918,885900,22872928,865.1,123.8
2026-03-20T10:54:27Z,919,913280,22900320,891.9,111.0
2026-03-20T10:54:28Z,920,1012648,23000160,988.9,126.7
2026-03-20T10:54:29Z,921,874504,22861408,854.0,167.5
2026-03-20T10:54:30Z,922,875156,22862060,854.6,106.8
2026-03-20T10:54:31Z,923,874504,22861408,854.0,105.4
2026-03-20T10:54:32Z,924,875068,22862176,854.6,112.7
2026-03-20T10:54:33Z,925,876552,22863456,856.0,116.6
2026-03-20T10:54:34Z,926,922788,22910304,901.2,119.8
2026-03-20T10:54:35Z,927,1015512,23002464,991.7,126.1
2026-03-20T10:54:36Z,928,863496,22850480,843.3,173.6
2026-03-20T10:54:37Z,929,863788,22850992,843.5,113.1
2026-03-20T10:54:38Z,930,863892,22851248,843.6,106.7
2026-03-20T10:54:39Z,931,865700,22852936,845.4,107.1
2026-03-20T10:54:40Z,932,865544,22852528,845.3,109.3
2026-03-20T10:54:42Z,933,930364,22917808,908.6,123.2
2026-03-20T10:54:43Z,934,973860,22961072,951.0,113.9
2026-03-20T10:54:44Z,935,897800,22884704,876.8,176.9
2026-03-20T10:54:45Z,936,898464,22885368,877.4,113.9
2026-03-20T10:54:46Z,937,898856,22886064,877.8,112.0
2026-03-20T10:54:47Z,938,899548,22887008,878.5,107.0
2026-03-20T10:54:48Z,939,900520,22888288,879.4,106.9
2026-03-20T10:54:49Z,940,901384,22888288,880.3,127.7
2026-03-20T10:54:50Z,941,923772,22910816,902.1,112.3
2026-03-20T10:54:51Z,942,1021992,23008864,998.0,168.9
2026-03-20T10:54:52Z,943,855568,22842500,835.5,131.0
2026-03-20T10:54:53Z,944,855656,22842720,835.6,106.1
2026-03-20T10:54:54Z,945,855960,22843232,835.9,107.4
2026-03-20T10:54:56Z,946,856060,22843232,836.0,107.3
2026-03-20T10:54:57Z,947,856424,22843232,836.4,113.9
2026-03-20T10:54:58Z,948,916928,22904928,895.4,118.6
2026-03-20T10:54:59Z,949,1011816,22999392,988.1,130.5
2026-03-20T10:55:00Z,950,864112,22851168,843.9,162.7
2026-03-20T10:55:01Z,951,864404,22851460,844.1,116.8
2026-03-20T10:55:02Z,952,865400,22852960,845.1,106.2
2026-03-20T10:55:03Z,953,865816,22852960,845.5,110.3
2026-03-20T10:55:04Z,954,866788,22853728,846.5,111.1
2026-03-20T10:55:05Z,955,896100,22883424,875.1,118.3
2026-03-20T10:55:06Z,956,978808,22966368,955.9,122.7
2026-03-20T10:55:07Z,957,861664,22848608,841.5,172.2
2026-03-20T10:55:08Z,958,862176,22849120,842.0,107.2
2026-03-20T10:55:09Z,959,862544,22849488,842.3,105.8
2026-03-20T10:55:10Z,960,862828,22849772,842.6,117.0
2026-03-20T10:55:12Z,961,865140,22852084,844.9,140.9
2026-03-20T10:55:13Z,962,749280,22736120,731.7,136.0
2026-03-20T10:55:14Z,963,749280,22736120,731.7,117.8
2026-03-20T10:55:15Z,964,751156,22738680,733.6,111.8
2026-03-20T10:55:16Z,965,791520,22779128,773.0,108.6
2026-03-20T10:55:17Z,966,830520,22817528,811.1,111.2
2026-03-20T10:55:18Z,967,795820,22782816,777.2,167.7
2026-03-20T10:55:19Z,968,795992,22783072,777.3,114.2
2026-03-20T10:55:20Z,969,798440,22785784,779.7,109.2
2026-03-20T10:55:21Z,970,798124,22785120,779.4,122.9
2026-03-20T10:55:22Z,971,858788,22846304,838.7,124.0
2026-03-20T10:55:23Z,972,891180,22878560,870.3,105.7
2026-03-20T10:55:24Z,973,916468,22903904,895.0,107.4
2026-03-20T10:55:25Z,974,814324,22801248,795.2,170.5
2026-03-20T10:55:27Z,975,815644,22802684,796.5,114.1
2026-03-20T10:55:28Z,976,815212,22802272,796.1,108.1
2026-03-20T10:55:29Z,977,815348,22802272,796.2,105.4
2026-03-20T10:55:30Z,978,864740,22852192,844.5,125.1
2026-03-20T10:55:31Z,979,959212,22946400,936.7,128.7
2026-03-20T10:55:32Z,980,1077916,23065696,1052.7,131.4
2026-03-20T10:55:33Z,981,1134476,23122016,1107.9,111.1
2026-03-20T10:55:34Z,982,967168,22954080,944.5,174.9
2026-03-20T10:55:35Z,983,967948,22954928,945.3,112.8
2026-03-20T10:55:36Z,984,968204,22955184,945.5,127.5
2026-03-20T10:55:37Z,985,968784,22955696,946.1,121.6
2026-03-20T10:55:38Z,986,1044064,23031984,1019.6,124.2
2026-03-20T10:55:39Z,987,1130400,23117488,1103.9,125.2
2026-03-20T10:55:40Z,988,1242948,23230128,1213.8,126.6
2026-03-20T10:55:42Z,989,1314140,23302064,1283.3,115.8
2026-03-20T10:55:43Z,990,1382372,23370416,1350.0,118.5
2026-03-20T10:55:44Z,991,1026764,23013728,1002.7,176.3
2026-03-20T10:55:45Z,992,1027020,23013984,1002.9,113.8
2026-03-20T10:55:46Z,993,1027020,23013984,1002.9,129.4
2026-03-20T10:55:47Z,994,1027020,23013984,1002.9,118.3
2026-03-20T10:55:48Z,995,1052568,23039840,1027.9,119.5
2026-03-20T10:55:49Z,996,1160248,23147872,1133.1,130.8
2026-03-20T10:55:50Z,997,1209608,23196768,1181.3,116.7
2026-03-20T10:55:51Z,998,1313596,23300448,1282.8,133.4
2026-03-20T10:55:52Z,999,1432652,23419744,1399.1,133.0
2026-03-20T10:55:53Z,1000,1488420,23475808,1453.5,115.0
2026-03-20T10:55:54Z,1001,1531552,23518816,1495.7,109.9
2026-03-20T10:55:56Z,1002,1565148,23552864,1528.5,108.0
2026-03-20T10:55:57Z,1003,958540,22945376,936.1,168.4
2026-03-20T10:55:58Z,1004,958540,22945376,936.1,120.9
2026-03-20T10:55:59Z,1005,958756,22945632,936.3,115.8
2026-03-20T10:56:00Z,1006,959116,22945888,936.6,126.9
2026-03-20T10:56:01Z,1007,959116,22945888,936.6,106.6
2026-03-20T10:56:02Z,1008,981392,22968416,958.4,122.6
2026-03-20T10:56:03Z,1009,891740,22878560,870.8,177.0
2026-03-20T10:56:04Z,1010,891420,22878304,870.5,105.5
2026-03-20T10:56:05Z,1011,893004,22879992,872.1,108.2
2026-03-20T10:56:06Z,1012,892340,22879328,871.4,115.6
2026-03-20T10:56:07Z,1013,934408,22921452,912.5,123.2
2026-03-20T10:56:08Z,1014,1019116,23005944,995.2,121.1
2026-03-20T10:56:09Z,1015,1102656,23090016,1076.8,124.2
2026-03-20T10:56:10Z,1016,1168368,23155808,1141.0,119.4
2026-03-20T10:56:12Z,1017,931996,22918752,910.2,181.2
2026-03-20T10:56:13Z,1018,932700,22919520,910.8,118.1
2026-03-20T10:56:14Z,1019,933496,22920428,911.6,107.6
2026-03-20T10:56:15Z,1020,934100,22921312,912.2,107.0
2026-03-20T10:56:16Z,1021,934480,22921680,912.6,107.9
2026-03-20T10:56:17Z,1022,937424,22924384,915.5,126.0
2026-03-20T10:56:18Z,1023,1024212,23011680,1000.2,123.8
2026-03-20T10:56:19Z,1024,1084032,23070816,1058.6,117.4
2026-03-20T10:56:20Z,1025,1192604,23179360,1164.7,137.5
2026-03-20T10:56:21Z,1026,941392,22928224,919.3,174.9
2026-03-20T10:56:22Z,1027,941392,22928224,919.3,108.1
2026-03-20T10:56:23Z,1028,943780,22930940,921.7,107.2
2026-03-20T10:56:24Z,1029,943652,22930528,921.5,106.3
2026-03-20T10:56:26Z,1030,943784,22930528,921.7,109.3
2026-03-20T10:56:27Z,1031,980820,22968416,957.8,117.9
2026-03-20T10:56:28Z,1032,1053152,23040608,1028.5,117.4
2026-03-20T10:56:29Z,1033,1143900,23131232,1117.1,128.6
2026-03-20T10:56:30Z,1034,937344,22924128,915.4,171.5
2026-03-20T10:56:31Z,1035,938200,22925152,916.2,117.6
2026-03-20T10:56:32Z,1036,938200,22925152,916.2,108.1
2026-03-20T10:56:33Z,1037,938200,22925152,916.2,106.5
2026-03-20T10:56:34Z,1038,938216,22925152,916.2,114.1
2026-03-20T10:56:35Z,1039,938408,22925152,916.4,116.7
2026-03-20T10:56:36Z,1040,1007508,22994784,983.9,116.6
2026-03-20T10:56:37Z,1041,1114108,23101280,1088.0,131.5
2026-03-20T10:56:38Z,1042,919420,22906464,897.9,169.7
2026-03-20T10:56:39Z,1043,920080,22907124,898.5,112.2
2026-03-20T10:56:41Z,1044,921852,22909792,900.2,106.3
2026-03-20T10:56:42Z,1045,921984,22909792,900.4,106.4
2026-03-20T10:56:43Z,1046,774568,22761312,756.4,177.3
2026-03-20T10:56:44Z,1047,774824,22761568,756.7,109.6
2026-03-20T10:56:45Z,1048,774824,22761568,756.7,113.9
2026-03-20T10:56:46Z,1049,831968,22818912,812.5,131.3
2026-03-20T10:56:47Z,1050,900972,22888544,879.9,113.0
2026-03-20T10:56:48Z,1051,944988,22932464,922.8,107.2
2026-03-20T10:56:49Z,1052,957884,22945132,935.4,104.5
2026-03-20T10:56:50Z,1053,1047368,23034464,1022.8,125.3
2026-03-20T10:56:51Z,1054,860104,22846964,839.9,175.5
2026-03-20T10:56:52Z,1055,860648,22847736,840.5,107.7
2026-03-20T10:56:53Z,1056,860164,22847328,840.0,120.3
2026-03-20T10:56:54Z,1057,878312,22865248,857.7,126.2
2026-03-20T10:56:56Z,1058,927292,22914656,905.6,113.1
2026-03-20T10:56:57Z,1059,971676,22958844,948.9,106.7
2026-03-20T10:56:58Z,1060,1017220,23004512,993.4,115.5
2026-03-20T10:56:59Z,1061,831708,22818656,812.2,181.8
2026-03-20T10:57:00Z,1062,832392,22819424,812.9,116.9
2026-03-20T10:57:01Z,1063,833884,22821216,814.3,108.1
2026-03-20T10:57:02Z,1064,834440,22821472,814.9,118.8
2026-03-20T10:57:03Z,1065,888136,22875744,867.3,123.3
2026-03-20T10:57:04Z,1066,945724,22933088,923.6,112.6
2026-03-20T10:57:05Z,1067,958068,22945120,935.6,105.0
2026-03-20T10:57:06Z,1068,1056384,23043168,1031.6,149.0
2026-03-20T10:57:07Z,1069,819448,22806624,800.2,147.7
2026-03-20T10:57:08Z,1070,820980,22808308,801.7,107.2
2026-03-20T10:57:09Z,1071,822100,22809440,802.8,111.2
2026-03-20T10:57:11Z,1072,832204,22819168,812.7,123.0
2026-03-20T10:57:12Z,1073,920848,22908000,899.3,127.0
2026-03-20T10:57:13Z,1074,945504,22932832,923.3,103.7
2026-03-20T10:57:14Z,1075,993080,22980016,969.8,112.7
2026-03-20T10:57:15Z,1076,809180,22796128,790.2,176.9
2026-03-20T10:57:16Z,1077,809504,22796640,790.5,116.5
2026-03-20T10:57:17Z,1078,809760,22796896,790.8,106.3
2026-03-20T10:57:18Z,1079,810204,22797152,791.2,112.8
2026-03-20T10:57:19Z,1080,879336,22866528,858.7,126.5
2026-03-20T10:57:20Z,1081,937508,22925408,915.5,115.4
2026-03-20T10:57:21Z,1082,953364,22940512,931.0,104.5
2026-03-20T10:57:22Z,1083,771780,22758752,753.7,171.4
2026-03-20T10:57:23Z,1084,773564,22760956,755.4,106.3
2026-03-20T10:57:24Z,1085,773156,22760288,755.0,110.7
2026-03-20T10:57:26Z,1086,775108,22762080,756.9,108.3
2026-03-20T10:57:27Z,1087,845256,22832736,825.4,126.1
2026-03-20T10:57:28Z,1088,898452,22885728,877.4,113.8
2026-03-20T10:57:29Z,1089,921448,22909024,899.9,108.4
2026-03-20T10:57:30Z,1090,783556,22770528,765.2,164.6
2026-03-20T10:57:31Z,1091,784108,22771296,765.7,106.8
2026-03-20T10:57:32Z,1092,785028,22772220,766.6,108.8
2026-03-20T10:57:33Z,1093,786308,22773600,767.9,109.2
2026-03-20T10:57:34Z,1094,825412,22813024,806.1,114.8
2026-03-20T10:57:35Z,1095,871032,22858080,850.6,114.3
2026-03-20T10:57:36Z,1096,982968,22969952,959.9,130.6
2026-03-20T10:57:37Z,1097,1057700,23044784,1032.9,116.9
2026-03-20T10:57:38Z,1098,1095152,23082592,1069.5,107.1
2026-03-20T10:57:39Z,1099,1126320,23113568,1099.9,107.0
2026-03-20T10:57:41Z,1100,1181684,23168608,1154.0,108.2
2026-03-20T10:57:42Z,1101,869976,22856800,849.6,156.0
2026-03-20T10:57:43Z,1102,869976,22856800,849.6,121.4
2026-03-20T10:57:44Z,1103,869976,22856800,849.6,117.2
2026-03-20T10:57:45Z,1104,869976,22856800,849.6,117.5
2026-03-20T10:57:46Z,1105,870500,22857324,850.1,110.1
2026-03-20T10:57:47Z,1106,869976,22856800,849.6,108.2
2026-03-20T10:57:48Z,1107,878432,22866016,857.8,106.5
2026-03-20T10:57:49Z,1108,942844,22930472,920.7,108.9
2026-03-20T10:57:50Z,1109,1023172,23010412,999.2,118.5
2026-03-20T10:57:51Z,1110,1094564,23081836,1068.9,118.3
2026-03-20T10:57:52Z,1111,880300,22867320,859.7,163.7
2026-03-20T10:57:53Z,1112,880300,22867320,859.7,115.2
2026-03-20T10:57:54Z,1113,880300,22867320,859.7,119.4
2026-03-20T10:57:56Z,1114,702692,22689344,686.2,163.9
2026-03-20T10:57:57Z,1115,704508,22691396,688.0,115.6
2026-03-20T10:57:58Z,1116,740504,22727600,723.1,106.4
2026-03-20T10:57:59Z,1117,803376,22790576,784.5,118.6
2026-03-20T10:58:00Z,1118,899212,22886064,878.1,126.8
2026-03-20T10:58:01Z,1119,943152,22930352,921.0,108.2
2026-03-20T10:58:02Z,1120,996768,22983680,973.4,112.5
2026-03-20T10:58:03Z,1121,777692,22764564,759.5,159.9
2026-03-20T10:58:04Z,1122,777692,22764564,759.5,114.4
2026-03-20T10:58:05Z,1123,777692,22764564,759.5,114.6
2026-03-20T10:58:06Z,1124,778204,22765076,760.0,117.7
2026-03-20T10:58:07Z,1125,855308,22842132,835.3,124.9
2026-03-20T10:58:08Z,1126,892732,22880100,871.8,109.4
2026-03-20T10:58:10Z,1127,935208,22923212,913.3,112.7
2026-03-20T10:58:11Z,1128,763304,22749972,745.4,162.2
2026-03-20T10:58:12Z,1129,764180,22750884,746.3,117.6
2026-03-20T10:58:13Z,1130,765484,22752788,747.5,112.3
2026-03-20T10:58:14Z,1131,766136,22752788,748.2,107.5
2026-03-20T10:58:15Z,1132,833452,22820628,813.9,120.6
2026-03-20T10:58:16Z,1133,927728,22914836,906.0,125.3
2026-03-20T10:58:17Z,1134,987332,22974564,964.2,113.2
2026-03-20T10:58:18Z,1135,1007916,22995220,984.3,103.6
2026-03-20T10:58:19Z,1136,786568,22773268,768.1,166.3
2026-03-20T10:58:20Z,1137,786692,22773524,768.3,111.0
2026-03-20T10:58:21Z,1138,788212,22775316,769.7,109.5
2026-03-20T10:58:22Z,1139,788664,22775316,770.2,112.2
2026-03-20T10:58:23Z,1140,855176,22842644,835.1,124.1
2026-03-20T10:58:24Z,1141,834532,22821908,815.0,171.4
2026-03-20T10:58:26Z,1142,836144,22823700,816.5,109.8
2026-03-20T10:58:27Z,1143,837656,22824880,818.0,107.4
2026-03-20T10:58:28Z,1144,837200,22824212,817.6,113.5
2026-03-20T10:58:29Z,1145,838996,22825640,819.3,112.8
2026-03-20T10:58:30Z,1146,877840,22864916,857.3,108.3
2026-03-20T10:58:31Z,1147,943780,22930964,921.7,117.3
2026-03-20T10:58:32Z,1148,1032812,23019540,1008.6,157.2
2026-03-20T10:58:33Z,1149,816760,22803556,797.6,140.2
2026-03-20T10:58:34Z,1150,817652,22805012,798.5,106.0
2026-03-20T10:58:35Z,1151,817652,22805012,798.5,108.8
2026-03-20T10:58:36Z,1152,818760,22806292,799.6,112.7
2026-03-20T10:58:37Z,1153,845276,22832660,825.5,114.1
2026-03-20T10:58:38Z,1154,920644,22908436,899.1,116.9
2026-03-20T10:58:40Z,1155,999396,22986260,976.0,124.1
2026-03-20T10:58:41Z,1156,823244,22810936,803.9,173.6
2026-03-20T10:58:42Z,1157,823140,22810900,803.8,113.9
2026-03-20T10:58:43Z,1158,823808,22811412,804.5,107.3
2026-03-20T10:58:44Z,1159,824268,22811412,804.9,117.3
2026-03-20T10:58:45Z,1160,845168,22832040,825.4,111.1
2026-03-20T10:58:46Z,1161,910096,22896916,888.8,112.0
2026-03-20T10:58:47Z,1162,997428,22984212,974.1,125.0
2026-03-20T10:58:48Z,1163,1056056,23043348,1031.3,116.0
2026-03-20T10:58:49Z,1164,810972,22797844,792.0,154.9
2026-03-20T10:58:50Z,1165,811092,22797844,792.1,125.8
2026-03-20T10:58:51Z,1166,811136,22797844,792.1,108.1
2026-03-20T10:58:52Z,1167,690936,22677664,674.7,156.8
2026-03-20T10:58:53Z,1168,691664,22678432,675.5,110.3
2026-03-20T10:58:55Z,1169,710900,22697632,694.2,131.7
2026-03-20T10:58:56Z,1170,776172,22763424,758.0,121.0
2026-03-20T10:58:57Z,1171,791064,22778528,772.5,106.3
2026-03-20T10:58:58Z,1172,788448,22775316,770.0,182.9
2026-03-20T10:58:59Z,1173,788784,22775828,770.3,114.9
2026-03-20T10:59:00Z,1174,788936,22775828,770.4,107.6
2026-03-20T10:59:01Z,1175,792328,22779924,773.8,108.2
2026-03-20T10:59:02Z,1176,805256,22792980,786.4,114.8
2026-03-20T10:59:03Z,1177,888468,22875668,867.6,125.1
2026-03-20T10:59:04Z,1178,921816,22908692,900.2,111.2
2026-03-20T10:59:05Z,1179,996724,22983700,973.4,125.9
2026-03-20T10:59:06Z,1180,800768,22787604,782.0,168.0
2026-03-20T10:59:07Z,1181,802680,22789800,783.9,115.0
2026-03-20T10:59:08Z,1182,802688,22789908,783.9,108.5
2026-03-20T10:59:10Z,1183,803588,22791188,784.8,111.1
2026-03-20T10:59:11Z,1184,862592,22849812,842.4,127.7
2026-03-20T10:59:12Z,1185,907004,22894356,885.7,113.8
2026-03-20T10:59:13Z,1186,942648,22930196,920.6,113.6
2026-03-20T10:59:14Z,1187,788152,22774804,769.7,174.1
2026-03-20T10:59:15Z,1188,788888,22775828,770.4,110.0
2026-03-20T10:59:16Z,1189,789800,22776740,771.3,107.5
2026-03-20T10:59:17Z,1190,789740,22777108,771.2,110.3
2026-03-20T10:59:18Z,1191,834256,22821140,814.7,121.4
2026-03-20T10:59:19Z,1192,904944,22892308,883.7,115.7
2026-03-20T10:59:20Z,1193,966148,22953236,943.5,119.6
2026-03-20T10:59:21Z,1194,832184,22818836,812.7,165.8
2026-03-20T10:59:22Z,1195,832680,22819348,813.2,110.9
2026-03-20T10:59:23Z,1196,833080,22819860,813.6,106.0
2026-03-20T10:59:25Z,1197,833296,22820116,813.8,108.6
2026-03-20T10:59:26Z,1198,848596,22836244,828.7,115.8
2026-03-20T10:59:27Z,1199,935180,22922260,913.3,125.2
2026-03-20T10:59:28Z,1200,962352,22949908,939.8,107.4
2026-03-20T10:59:29Z,1201,1053316,23040020,1028.6,168.8
2026-03-20T10:59:30Z,1202,805180,22791956,786.3,124.8
2026-03-20T10:59:31Z,1203,805832,22792724,786.9,105.3
2026-03-20T10:59:32Z,1204,807424,22794416,788.5,107.3
2026-03-20T10:59:33Z,1205,807624,22794260,788.7,110.0
2026-03-20T10:59:34Z,1206,817820,22805012,798.7,47.5
2026-03-20T10:59:35Z,1207,817820,22805012,798.7,0.0
2026-03-20T10:59:36Z,1208,817820,22805012,798.7,0.0
2026-03-20T10:59:37Z,1209,817820,22805012,798.7,0.0
2026-03-20T10:59:38Z,1210,817820,22805012,798.7,0.0
2026-03-20T10:59:40Z,1211,817820,22805012,798.7,0.0
2026-03-20T10:59:41Z,1212,817820,22805012,798.7,0.0
2026-03-20T10:59:42Z,1213,817820,22805012,798.7,0.0
2026-03-20T10:59:43Z,1214,817820,22805012,798.7,0.0
2026-03-20T10:59:44Z,1215,817820,22805012,798.7,0.0
2026-03-20T10:59:45Z,1216,817820,22805012,798.7,0.0
2026-03-20T10:59:46Z,1217,817820,22805012,798.7,0.0
2026-03-20T10:59:47Z,1218,817820,22805012,798.7,0.0
2026-03-20T10:59:48Z,1219,817820,22805012,798.7,0.0
2026-03-20T10:59:49Z,1220,817820,22805012,798.7,0.0
2026-03-20T10:59:50Z,1221,817820,22805012,798.7,0.0
2026-03-20T10:59:51Z,1222,817820,22805012,798.7,0.0
2026-03-20T10:59:52Z,1223,817820,22805012,798.7,0.0
2026-03-20T10:59:53Z,1224,817820,22805012,798.7,0.0
2026-03-20T10:59:55Z,1225,817820,22805012,798.7,0.0
2026-03-20T10:59:56Z,1226,817820,22805012,798.7,0.0
2026-03-20T10:59:57Z,1227,817820,22805012,798.7,0.0
2026-03-20T10:59:58Z,1228,817820,22805012,798.7,0.0
2026-03-20T10:59:59Z,1229,817820,22805012,798.7,0.0
2026-03-20T11:00:00Z,1230,817820,22805012,798.7,0.0
2026-03-20T11:00:01Z,1231,817820,22805012,798.7,0.0
2026-03-20T11:00:02Z,1232,499700,22655764,488.0,85.9
2026-03-20T11:00:03Z,1233,460020,22449684,449.2,77.3
2026-03-20T11:00:04Z,1234,460020,22449684,449.2,0.0
2026-03-20T11:00:05Z,1235,460020,22449684,449.2,0.0
2026-03-20T11:00:06Z,1236,460020,22449684,449.2,0.0
2026-03-20T11:00:07Z,1237,460020,22449684,449.2,0.0
2026-03-20T11:00:09Z,1238,460020,22449684,449.2,0.0
2026-03-20T11:00:10Z,1239,460020,22449684,449.2,0.0
2026-03-20T11:00:11Z,1240,460020,22449684,449.2,0.0
2026-03-20T11:00:12Z,1241,460020,22449684,449.2,0.0
2026-03-20T11:00:13Z,1242,460020,22449684,449.2,0.0
2026-03-20T11:00:14Z,1243,460028,22449684,449.2,0.0
2026-03-20T11:00:15Z,1244,460032,22449684,449.2,0.0
2026-03-20T11:00:16Z,1245,460032,22449684,449.2,0.0
2026-03-20T11:00:17Z,1246,460032,22449684,449.2,0.0
2026-03-20T11:00:18Z,1247,460032,22449684,449.2,0.0
2026-03-20T11:00:19Z,1248,460032,22449684,449.2,0.0
2026-03-20T11:00:20Z,1249,460032,22449684,449.2,0.0
2026-03-20T11:00:21Z,1250,460032,22449684,449.2,0.0
2026-03-20T11:00:22Z,1251,460032,22449684,449.2,0.0
2026-03-20T11:00:24Z,1252,460044,22449684,449.3,0.0
2026-03-20T11:00:25Z,1253,460044,22449684,449.3,0.0
2026-03-20T11:00:26Z,1254,460044,22449684,449.3,0.0
2026-03-20T11:00:27Z,1255,460044,22449684,449.3,0.0
2026-03-20T11:00:28Z,1256,460044,22449684,449.3,0.0
2026-03-20T11:00:29Z,1257,460044,22449684,449.3,0.0
2026-03-20T11:00:30Z,1258,460044,22449684,449.3,0.0
2026-03-20T11:00:31Z,1259,460044,22449684,449.3,0.0
2026-03-20T11:00:32Z,1260,460044,22449684,449.3,0.0
2026-03-20T11:00:33Z,1261,460056,22449684,449.3,0.9
2026-03-20T11:00:34Z,1262,460056,22449684,449.3,0.0
2026-03-20T11:00:35Z,1263,460056,22449684,449.3,0.0
2026-03-20T11:00:36Z,1264,460056,22449684,449.3,0.0
2026-03-20T11:00:38Z,1265,460056,22449684,449.3,0.0
2026-03-20T11:00:39Z,1266,460056,22449684,449.3,0.0
2026-03-20T11:00:40Z,1267,460056,22449684,449.3,0.0
2026-03-20T11:00:41Z,1268,460056,22449684,449.3,0.0
2026-03-20T11:00:42Z,1269,460056,22449684,449.3,0.0
2026-03-20T11:00:43Z,1270,460068,22449684,449.3,0.0
2026-03-20T11:00:44Z,1271,460068,22449684,449.3,0.0
2026-03-20T11:00:45Z,1272,460068,22449684,449.3,0.0
2026-03-20T11:00:46Z,1273,460068,22449684,449.3,0.0
2026-03-20T11:00:47Z,1274,460068,22449684,449.3,0.0
2026-03-20T11:00:48Z,1275,460068,22449684,449.3,0.0
2026-03-20T11:00:49Z,1276,460068,22449684,449.3,0.0
2026-03-20T11:00:50Z,1277,460068,22449684,449.3,0.0
2026-03-20T11:00:52Z,1278,460068,22449684,449.3,0.0
2026-03-20T11:00:53Z,1279,460068,22449684,449.3,0.0
2026-03-20T11:00:54Z,1280,460080,22449684,449.3,0.0
2026-03-20T11:00:55Z,1281,460080,22449684,449.3,0.0
2026-03-20T11:00:56Z,1282,460080,22449684,449.3,0.0
2026-03-20T11:00:57Z,1283,460080,22449684,449.3,0.0
2026-03-20T11:00:58Z,1284,460080,22449684,449.3,0.0
2026-03-20T11:00:59Z,1285,460080,22449684,449.3,0.0
2026-03-20T11:01:00Z,1286,460080,22449684,449.3,0.0
2026-03-20T11:01:01Z,1287,460080,22449684,449.3,0.0
2026-03-20T11:01:02Z,1288,460080,22449684,449.3,0.0
2026-03-20T11:01:03Z,1289,460092,22449684,449.3,0.0
2026-03-20T11:01:04Z,1290,460092,22449684,449.3,0.0
2026-03-20T11:01:05Z,1291,460092,22449684,449.3,0.0
2026-03-20T11:01:07Z,1292,460092,22449684,449.3,0.0
2026-03-20T11:01:08Z,1293,460092,22449684,449.3,0.0
2026-03-20T11:01:09Z,1294,460092,22449684,449.3,0.0
2026-03-20T11:01:10Z,1295,460092,22449684,449.3,0.0
2026-03-20T11:01:11Z,1296,460092,22449684,449.3,0.0
2026-03-20T11:01:12Z,1297,460092,22449684,449.3,0.0
2026-03-20T11:01:13Z,1298,460104,22449684,449.3,0.0
2026-03-20T11:01:14Z,1299,460104,22449684,449.3,0.0
2026-03-20T11:01:15Z,1300,460104,22449684,449.3,0.0
2026-03-20T11:01:16Z,1301,460104,22449684,449.3,0.0
2026-03-20T11:01:17Z,1302,460104,22449684,449.3,0.0
2026-03-20T11:01:18Z,1303,460104,22449684,449.3,0.0
2026-03-20T11:01:19Z,1304,460104,22449684,449.3,0.0
2026-03-20T11:01:21Z,1305,460104,22449684,449.3,0.0
2026-03-20T11:01:22Z,1306,460104,22449684,449.3,0.0
2026-03-20T11:01:23Z,1307,460104,22449684,449.3,0.0
2026-03-20T11:01:24Z,1308,460116,22449684,449.3,0.0
2026-03-20T11:01:25Z,1309,460116,22449684,449.3,0.0
2026-03-20T11:01:26Z,1310,460116,22449684,449.3,0.0
2026-03-20T11:01:27Z,1311,460116,22449684,449.3,0.0
2026-03-20T11:01:28Z,1312,460116,22449684,449.3,0.0
2026-03-20T11:01:29Z,1313,460116,22449684,449.3,0.0
2026-03-20T11:01:30Z,1314,460116,22449684,449.3,0.0
2026-03-20T11:01:31Z,1315,460116,22449684,449.3,0.0
2026-03-20T11:01:32Z,1316,460116,22449684,449.3,0.0
2026-03-20T11:01:33Z,1317,460132,22449684,449.3,0.0
2026-03-20T11:01:34Z,1318,460132,22449684,449.3,0.0
2026-03-20T11:01:36Z,1319,460132,22449684,449.3,0.0
