# run_id: sidecar_accounts_staking_payouts_20260323_085402_754590 | service: sidecar | endpoint: accounts_staking_payouts | process: node (PID 175542)
timestamp,elapsed_s,rss_kb,vsz_kb,rss_mb,cpu_pct
2026-03-23T08:54:03Z,0,126348,22125880,123.4,0.0
2026-03-23T08:54:04Z,1,126348,22125880,123.4,0.0
2026-03-23T08:54:05Z,2,126348,22125880,123.4,0.0
2026-03-23T08:54:06Z,3,126348,22125880,123.4,0.0
2026-03-23T08:54:07Z,4,126348,22125880,123.4,0.0
2026-03-23T08:54:08Z,5,126348,22125880,123.4,0.0
2026-03-23T08:54:09Z,6,126348,22125880,123.4,0.0
2026-03-23T08:54:10Z,7,126348,22125880,123.4,0.0
2026-03-23T08:54:11Z,8,126348,22125880,123.4,0.0
2026-03-23T08:54:12Z,9,126348,22125880,123.4,0.0
2026-03-23T08:54:13Z,10,126348,22125880,123.4,0.0
2026-03-23T08:54:14Z,11,126348,22125880,123.4,0.0
2026-03-23T08:54:16Z,12,126348,22125880,123.4,0.0
2026-03-23T08:54:17Z,13,126348,22125880,123.4,0.0
2026-03-23T08:54:18Z,14,126348,22125880,123.4,0.0
2026-03-23T08:54:19Z,15,126348,22125880,123.4,0.0
2026-03-23T08:54:20Z,16,126348,22125880,123.4,0.0
2026-03-23T08:54:21Z,17,126348,22125880,123.4,0.0
2026-03-23T08:54:22Z,18,126348,22125880,123.4,0.0
2026-03-23T08:54:23Z,19,126348,22125880,123.4,0.0
2026-03-23T08:54:24Z,20,126348,22125880,123.4,0.0
2026-03-23T08:54:25Z,21,126348,22125880,123.4,0.0
2026-03-23T08:54:26Z,22,126348,22125880,123.4,0.0
2026-03-23T08:54:27Z,23,126348,22125880,123.4,0.0
2026-03-23T08:54:28Z,24,126348,22125880,123.4,0.0
2026-03-23T08:54:29Z,25,126348,22125880,123.4,0.0
2026-03-23T08:54:31Z,26,126348,22125880,123.4,0.0
2026-03-23T08:54:32Z,27,126348,22125880,123.4,0.0
2026-03-23T08:54:33Z,28,126348,22125880,123.4,0.0
2026-03-23T08:54:34Z,29,126348,22125880,123.4,0.0
2026-03-23T08:54:35Z,30,126348,22125880,123.4,0.0
2026-03-23T08:54:36Z,31,126348,22125880,123.4,0.0
2026-03-23T08:54:37Z,32,126348,22125880,123.4,0.0
2026-03-23T08:54:38Z,33,126348,22125880,123.4,0.0
2026-03-23T08:54:39Z,34,126348,22125880,123.4,0.0
2026-03-23T08:54:40Z,35,126348,22125880,123.4,0.0
2026-03-23T08:54:41Z,36,126348,22125880,123.4,0.0
2026-03-23T08:54:42Z,37,126348,22125880,123.4,0.0
2026-03-23T08:54:43Z,38,126348,22125880,123.4,0.0
2026-03-23T08:54:45Z,39,126348,22125880,123.4,0.0
2026-03-23T08:54:46Z,40,126348,22125880,123.4,0.0
2026-03-23T08:54:47Z,41,126348,22125880,123.4,0.0
2026-03-23T08:54:48Z,42,126348,22125880,123.4,0.0
2026-03-23T08:54:49Z,43,126348,22125880,123.4,0.0
2026-03-23T08:54:50Z,44,126348,22125880,123.4,0.0
2026-03-23T08:54:51Z,45,126348,22125880,123.4,0.0
2026-03-23T08:54:52Z,46,126348,22125880,123.4,0.0
2026-03-23T08:54:53Z,47,126348,22125880,123.4,0.0
2026-03-23T08:54:54Z,48,126348,22125880,123.4,0.0
2026-03-23T08:54:55Z,49,126348,22125880,123.4,0.0
2026-03-23T08:54:56Z,50,126348,22125880,123.4,0.0
2026-03-23T08:54:57Z,51,126348,22125880,123.4,0.0
2026-03-23T08:54:58Z,52,126348,22125880,123.4,0.0
2026-03-23T08:55:00Z,53,126348,22125880,123.4,0.0
2026-03-23T08:55:01Z,54,126348,22125880,123.4,0.0
2026-03-23T08:55:02Z,55,126348,22125880,123.4,0.0
2026-03-23T08:55:03Z,56,188304,22187664,183.9,133.2
2026-03-23T08:55:04Z,57,286212,22280156,279.5,165.6
2026-03-23T08:55:05Z,58,294332,22288604,287.4,22.4
2026-03-23T08:55:06Z,59,298480,22292148,291.5,20.5
2026-03-23T08:55:07Z,60,398256,22392676,388.9,127.0
2026-03-23T08:55:08Z,61,478188,22466784,467.0,158.8
2026-03-23T08:55:09Z,62,497308,22485736,485.7,107.3
2026-03-23T08:55:10Z,63,516044,22504944,503.9,106.3
2026-03-23T08:55:11Z,64,534108,22522616,521.6,104.6
2026-03-23T08:55:12Z,65,551340,22540024,538.4,108.1
2026-03-23T08:55:13Z,66,569196,22557816,555.9,104.5
2026-03-23T08:55:15Z,67,592200,22580664,578.3,110.3
2026-03-23T08:55:16Z,68,610324,22598848,596.0,106.2
2026-03-23T08:55:17Z,69,627756,22616512,613.0,105.1
2026-03-23T08:55:18Z,70,645556,22634560,630.4,107.1
2026-03-23T08:55:19Z,71,663464,22651776,647.9,104.3
2026-03-23T08:55:20Z,72,681948,22670216,666.0,105.7
2026-03-23T08:55:21Z,73,702476,22690704,686.0,112.8
2026-03-23T08:55:22Z,74,721172,22709400,704.3,105.1
2026-03-23T08:55:23Z,75,739828,22728096,722.5,105.5
2026-03-23T08:55:24Z,76,757564,22745760,739.8,107.2
2026-03-23T08:55:25Z,77,776000,22764456,757.8,105.3
2026-03-23T08:55:26Z,78,796060,22784352,777.4,109.1
2026-03-23T08:55:27Z,79,814836,22803048,795.7,105.5
2026-03-23T08:55:28Z,80,833560,22821744,814.0,106.2
2026-03-23T08:55:30Z,81,852028,22840184,832.1,105.0
2026-03-23T08:55:31Z,82,870512,22858880,850.1,106.2
2026-03-23T08:55:32Z,83,888872,22877832,868.0,106.0
2026-03-23T08:55:33Z,84,907824,22896520,886.5,107.5
2026-03-23T08:55:34Z,85,925788,22914056,904.1,106.1
2026-03-23T08:55:35Z,86,944060,22932296,921.9,105.0
2026-03-23T08:55:36Z,87,962608,22950736,940.0,107.3
2026-03-23T08:55:37Z,88,980964,22969176,958.0,104.4
2026-03-23T08:55:38Z,89,999068,22987360,975.7,106.2
2026-03-23T08:55:39Z,90,1003124,22991712,979.6,109.1
2026-03-23T08:55:40Z,91,1015040,23003656,991.2,111.1
2026-03-23T08:55:41Z,92,1032344,23020680,1008.1,106.5
2026-03-23T08:55:42Z,93,1050632,23038664,1026.0,104.5
2026-03-23T08:55:44Z,94,1069448,23057616,1044.4,105.1
2026-03-23T08:55:45Z,95,1087544,23075544,1062.1,104.6
2026-03-23T08:55:46Z,96,1105888,23093728,1080.0,105.5
2026-03-23T08:55:47Z,97,1163652,23149624,1136.4,140.7
2026-03-23T08:55:48Z,98,1182180,23168064,1154.5,103.6
2026-03-23T08:55:49Z,99,1217064,23203568,1188.5,110.9
2026-03-23T08:55:50Z,100,1318712,23305152,1287.8,128.7
2026-03-23T08:55:51Z,101,1350680,23336816,1319.0,112.0
2026-03-23T08:55:52Z,102,1367960,23353968,1335.9,104.5
2026-03-23T08:55:53Z,103,1385488,23371304,1353.0,104.5
2026-03-23T08:55:54Z,104,1403196,23389224,1370.3,107.3
2026-03-23T08:55:55Z,105,1420560,23406504,1387.3,104.3
2026-03-23T08:55:56Z,106,1438764,23424744,1405.0,105.4
2026-03-23T08:55:57Z,107,1457164,23443432,1423.0,106.4
2026-03-23T08:55:59Z,108,1474436,23460456,1439.9,121.9
2026-03-23T08:56:00Z,109,659856,22646336,644.4,148.1
2026-03-23T08:56:01Z,110,663368,22649848,647.8,106.4
2026-03-23T08:56:02Z,111,664736,22651216,649.2,123.2
2026-03-23T08:56:03Z,112,701224,22689448,684.8,133.5
2026-03-23T08:56:04Z,113,719656,22707632,702.8,104.2
2026-03-23T08:56:05Z,114,736160,22723680,718.9,109.2
2026-03-23T08:56:06Z,115,756048,22743144,738.3,104.6
2026-03-23T08:56:07Z,116,774172,22761072,756.0,105.3
2026-03-23T08:56:08Z,117,793404,22779168,774.8,112.9
2026-03-23T08:56:09Z,118,864352,22850168,844.1,119.5
2026-03-23T08:56:10Z,119,964104,22949496,941.5,129.8
2026-03-23T08:56:11Z,120,984724,22969984,961.6,105.3
2026-03-23T08:56:12Z,121,1002260,22987904,978.8,105.4
2026-03-23T08:56:14Z,122,1020328,23005832,996.4,105.6
2026-03-23T08:56:15Z,123,1039692,23024960,1015.3,105.3
2026-03-23T08:56:16Z,124,1057304,23042624,1032.5,105.4
2026-03-23T08:56:17Z,125,1074880,23060216,1049.7,104.5
2026-03-23T08:56:18Z,126,1093352,23078656,1067.7,106.4
2026-03-23T08:56:19Z,127,1111416,23096832,1085.4,105.3
2026-03-23T08:56:20Z,128,1129032,23114368,1102.6,105.3
2026-03-23T08:56:21Z,129,1147316,23132608,1120.4,106.1
2026-03-23T08:56:22Z,130,869588,22854976,849.2,164.5
2026-03-23T08:56:23Z,131,873720,22859080,853.2,106.3
2026-03-23T08:56:24Z,132,876456,22861816,855.9,110.2
2026-03-23T08:56:25Z,133,879204,22864552,858.6,121.3
2026-03-23T08:56:26Z,134,879236,22864552,858.6,124.2
2026-03-23T08:56:27Z,135,895180,22880504,874.2,128.2
2026-03-23T08:56:29Z,136,913520,22898688,892.1,104.6
2026-03-23T08:56:30Z,137,931004,22917048,909.2,105.4
2026-03-23T08:56:31Z,138,951488,22936504,929.2,106.3
2026-03-23T08:56:32Z,139,969436,22954688,946.7,106.2
2026-03-23T08:56:33Z,140,988176,22973296,965.0,107.2
2026-03-23T08:56:34Z,141,1005496,22990832,981.9,105.2
2026-03-23T08:56:35Z,142,1023636,23008816,999.6,106.1
2026-03-23T08:56:36Z,143,1080040,23065736,1054.7,121.4
2026-03-23T08:56:37Z,144,1177756,23163272,1150.2,133.2
2026-03-23T08:56:38Z,145,1220100,23205176,1191.5,116.4
2026-03-23T08:56:39Z,146,1238180,23223360,1209.2,105.1
2026-03-23T08:56:40Z,147,1255764,23240688,1226.3,106.8
2026-03-23T08:56:41Z,148,1274320,23258872,1244.5,105.5
2026-03-23T08:56:43Z,149,1291868,23277048,1261.6,105.2
2026-03-23T08:56:44Z,150,1309376,23294128,1278.7,105.3
2026-03-23T08:56:45Z,151,1329280,23314104,1298.1,104.6
2026-03-23T08:56:46Z,152,1347588,23332536,1316.0,107.4
2026-03-23T08:56:47Z,153,1364868,23349616,1332.9,104.4
2026-03-23T08:56:48Z,154,1383276,23368056,1350.9,104.6
2026-03-23T08:56:49Z,155,1400528,23385756,1367.7,106.5
2026-03-23T08:56:50Z,156,1437864,23422852,1404.2,112.2
2026-03-23T08:56:51Z,157,1537380,23522692,1501.3,126.9
2026-03-23T08:56:52Z,158,1560028,23544708,1523.5,106.2
2026-03-23T08:56:53Z,159,1579396,23564092,1542.4,106.6
2026-03-23T08:56:54Z,160,1671120,23656252,1632.0,126.5
2026-03-23T08:56:55Z,161,1762004,23746820,1720.7,125.9
2026-03-23T08:56:56Z,162,1779900,23764548,1738.2,106.2
2026-03-23T08:56:58Z,163,1799752,23784772,1757.6,105.3
2026-03-23T08:56:59Z,164,1816588,23801084,1774.0,105.3
2026-03-23T08:57:00Z,165,1836040,23820548,1793.0,106.1
2026-03-23T08:57:01Z,166,1852872,23837444,1809.4,104.7
2026-03-23T08:57:02Z,167,1871380,23856060,1827.5,106.5
2026-03-23T08:57:03Z,168,1888164,23872620,1843.9,105.2
2026-03-23T08:57:04Z,169,1952892,23937988,1907.1,121.2
2026-03-23T08:57:05Z,170,2043760,24028868,1995.9,162.5
2026-03-23T08:57:06Z,171,1045792,23030588,1021.3,159.3
2026-03-23T08:57:07Z,172,1050168,23034692,1025.6,107.3
2026-03-23T08:57:08Z,173,1052908,23037428,1028.2,106.5
2026-03-23T08:57:09Z,174,1057016,23041532,1032.2,108.4
2026-03-23T08:57:10Z,175,1060728,23044268,1035.9,108.4
2026-03-23T08:57:11Z,176,1064832,23048372,1039.9,105.4
2026-03-23T08:57:13Z,177,1068936,23052476,1043.9,105.1
2026-03-23T08:57:14Z,178,1071672,23055212,1046.6,105.6
2026-03-23T08:57:15Z,179,1075776,23059316,1050.6,106.2
2026-03-23T08:57:16Z,180,1078716,23062252,1053.4,106.5
2026-03-23T08:57:17Z,181,1082620,23066156,1057.2,104.6
2026-03-23T08:57:18Z,182,1085356,23068892,1059.9,110.1
2026-03-23T08:57:19Z,183,1106464,23090140,1080.5,129.8
2026-03-23T08:57:20Z,184,1161568,23144836,1134.3,120.4
2026-03-23T08:57:21Z,185,1179404,23163196,1151.8,106.4
2026-03-23T08:57:22Z,186,1200436,23183940,1172.3,106.3
2026-03-23T08:57:23Z,187,1218352,23201980,1189.8,105.3
2026-03-23T08:57:24Z,188,1291848,23275596,1261.6,121.2
2026-03-23T08:57:25Z,189,1387680,23371084,1355.2,126.0
2026-03-23T08:57:26Z,190,1407300,23390548,1374.3,106.3
2026-03-23T08:57:28Z,191,1426900,23410692,1393.5,105.4
2026-03-23T08:57:29Z,192,1445232,23428620,1411.4,105.9
2026-03-23T08:57:30Z,193,1463468,23446796,1429.2,105.5
2026-03-23T08:57:31Z,194,1482616,23465924,1447.9,106.4
2026-03-23T08:57:32Z,195,1524720,23508084,1489.0,112.8
2026-03-23T08:57:33Z,196,1573700,23557324,1536.8,116.6
2026-03-23T08:57:34Z,197,1634892,23618852,1596.6,116.7
2026-03-23T08:57:35Z,198,1677928,23661268,1638.6,112.2
2026-03-23T08:57:36Z,199,1730772,23713916,1690.2,114.6
2026-03-23T08:57:37Z,200,1772712,23756252,1731.2,115.1
2026-03-23T08:57:38Z,201,1854496,23837996,1811.0,127.9
2026-03-23T08:57:39Z,202,1871320,23854564,1827.5,105.5
2026-03-23T08:57:40Z,203,1889060,23872492,1844.8,106.3
2026-03-23T08:57:41Z,204,1905896,23889048,1861.2,106.7
2026-03-23T08:57:43Z,205,1923228,23906456,1878.2,106.3
2026-03-23T08:57:44Z,206,1942032,23925328,1896.5,106.2
2026-03-23T08:57:45Z,207,1959280,23942488,1913.4,105.3
2026-03-23T08:57:46Z,208,1975204,23959048,1928.9,105.5
2026-03-23T08:57:47Z,209,2052476,24036872,2004.4,123.9
2026-03-23T08:57:48Z,210,2149688,24133128,2099.3,128.6
2026-03-23T08:57:49Z,211,2174356,24157968,2123.4,104.6
2026-03-23T08:57:50Z,212,2190800,24174216,2139.5,105.0
2026-03-23T08:57:51Z,213,2208988,24192456,2157.2,105.1
2026-03-23T08:57:52Z,214,2225060,24208448,2172.9,105.4
2026-03-23T08:57:53Z,215,2242656,24226176,2190.1,105.2
2026-03-23T08:57:54Z,216,2258896,24242224,2206.0,106.7
2026-03-23T08:57:55Z,217,2276556,24260408,2223.2,105.8
2026-03-23T08:57:56Z,218,2293116,24276712,2239.4,105.5
2026-03-23T08:57:58Z,219,2310748,24294384,2256.6,106.2
2026-03-23T08:57:59Z,220,2327640,24310944,2273.1,106.2
2026-03-23T08:58:00Z,221,2345328,24329128,2290.4,105.2
2026-03-23T08:58:01Z,222,2361124,24344664,2305.8,106.0
2026-03-23T08:58:02Z,223,2377300,24360792,2321.6,105.4
2026-03-23T08:58:03Z,224,2424128,24405944,2367.3,119.8
2026-03-23T08:58:04Z,225,2483364,24465424,2425.2,119.4
2026-03-23T08:58:05Z,226,2520156,24501696,2461.1,110.0
2026-03-23T08:58:06Z,227,2576120,24558104,2515.7,120.4
2026-03-23T08:58:07Z,228,769872,22751708,751.8,188.0
2026-03-23T08:58:08Z,229,772632,22754444,754.5,110.9
2026-03-23T08:58:09Z,230,776736,22758548,758.5,107.2
2026-03-23T08:58:10Z,231,779672,22761484,761.4,107.4
2026-03-23T08:58:11Z,232,783576,22765388,765.2,105.9
2026-03-23T08:58:13Z,233,787680,22769492,769.2,106.2
2026-03-23T08:58:14Z,234,790416,22772228,771.9,106.6
2026-03-23T08:58:15Z,235,794520,22776332,775.9,106.3
2026-03-23T08:58:16Z,236,797848,22779660,779.1,105.3
2026-03-23T08:58:17Z,237,801560,22783372,782.8,105.6
2026-03-23T08:58:18Z,238,805464,22787276,786.6,107.3
2026-03-23T08:58:19Z,239,809568,22791380,790.6,105.1
2026-03-23T08:58:20Z,240,845840,22828020,826.0,118.2
2026-03-23T08:58:21Z,241,915244,22897284,893.8,124.2
2026-03-23T08:58:22Z,242,982992,22964956,960.0,127.1
2026-03-23T08:58:23Z,243,1003160,22984924,979.6,107.3
2026-03-23T08:58:24Z,244,1022084,23004052,998.1,106.6
2026-03-23T08:58:25Z,245,1040496,23021980,1016.1,106.3
2026-03-23T08:58:27Z,246,1126004,23107740,1099.6,128.7
2026-03-23T08:58:28Z,247,1213112,23194604,1184.7,128.0
2026-03-23T08:58:29Z,248,1230860,23213164,1202.0,105.2
2026-03-23T08:58:30Z,249,1249824,23231404,1220.5,106.4
2026-03-23T08:58:31Z,250,1266808,23248300,1237.1,104.4
2026-03-23T08:58:32Z,251,1285212,23267428,1255.1,108.1
2026-03-23T08:58:33Z,252,1304140,23285868,1273.6,105.3
2026-03-23T08:58:34Z,253,1322532,23304300,1291.5,106.3
2026-03-23T08:58:35Z,254,1341500,23323172,1310.1,105.1
2026-03-23T08:58:36Z,255,1359576,23341100,1327.7,105.4
2026-03-23T08:58:37Z,256,1376668,23358428,1344.4,106.0
2026-03-23T08:58:38Z,257,1410940,23393164,1377.9,112.1
2026-03-23T08:58:39Z,258,1472492,23454692,1438.0,120.2
2026-03-23T08:58:40Z,259,1537664,23519548,1501.6,121.2
2026-03-23T08:58:42Z,260,961084,22943196,938.6,182.4
2026-03-23T08:58:43Z,261,963852,22945932,941.3,114.9
2026-03-23T08:58:44Z,262,967960,22950036,945.3,106.4
2026-03-23T08:58:45Z,263,970704,22952772,948.0,107.2
2026-03-23T08:58:46Z,264,974872,22956876,952.0,107.4
2026-03-23T08:58:47Z,265,978204,22960204,955.3,105.2
2026-03-23T08:58:48Z,266,981716,22963716,958.7,106.3
2026-03-23T08:58:49Z,267,981716,22963716,958.7,124.1
2026-03-23T08:58:50Z,268,1021072,23002460,997.1,122.3
2026-03-23T08:58:51Z,269,1039152,23020644,1014.8,104.4
2026-03-23T08:58:52Z,270,1056748,23038228,1032.0,106.0
2026-03-23T08:58:53Z,271,1076408,23058716,1051.2,108.1
2026-03-23T08:58:54Z,272,1094432,23076124,1068.8,106.4
2026-03-23T08:58:55Z,273,1112660,23094740,1086.6,105.8
2026-03-23T08:58:57Z,274,1131964,23114204,1105.4,105.4
2026-03-23T08:58:58Z,275,1149052,23130508,1122.1,105.3
2026-03-23T08:58:59Z,276,1167480,23149204,1140.1,104.4
2026-03-23T08:59:00Z,277,1221904,23203564,1193.3,119.1
2026-03-23T08:59:01Z,278,1260892,23242140,1231.3,116.5
2026-03-23T08:59:02Z,279,1323752,23305460,1292.7,119.3
2026-03-23T08:59:03Z,280,1418836,23400436,1385.6,128.2
2026-03-23T08:59:04Z,281,1462708,23444132,1428.4,112.6
2026-03-23T08:59:05Z,282,1480196,23461796,1445.5,107.9
2026-03-23T08:59:06Z,283,1497696,23478876,1462.6,106.3
2026-03-23T08:59:07Z,284,1517000,23498596,1481.4,106.3
2026-03-23T08:59:08Z,285,1535968,23517460,1500.0,108.3
2026-03-23T08:59:09Z,286,1553600,23534732,1517.2,105.4
2026-03-23T08:59:10Z,287,1571272,23552460,1534.4,106.4
2026-03-23T08:59:12Z,288,1631880,23613732,1593.6,120.2
2026-03-23T08:59:13Z,289,1729348,23711012,1688.8,129.2
2026-03-23T08:59:14Z,290,1764176,23745492,1722.8,110.9
2026-03-23T08:59:15Z,291,1782268,23763420,1740.5,105.3
2026-03-23T08:59:16Z,292,1800600,23782108,1758.4,105.3
2026-03-23T08:59:17Z,293,1819292,23800468,1776.7,106.4
2026-03-23T08:59:18Z,294,1836868,23818132,1793.8,110.7
2026-03-23T08:59:19Z,295,1854372,23835724,1810.9,105.3
2026-03-23T08:59:20Z,296,1871372,23852620,1827.5,105.4
2026-03-23T08:59:21Z,297,1889924,23871492,1845.6,105.4
2026-03-23T08:59:22Z,298,1944600,23926108,1899.0,117.4
2026-03-23T08:59:23Z,299,2027452,24009132,1979.9,126.5
2026-03-23T08:59:24Z,300,2046340,24027492,1998.4,105.4
2026-03-23T08:59:25Z,301,2065916,24047460,2017.5,106.4
2026-03-23T08:59:27Z,302,2135056,24116588,2085.0,121.2
2026-03-23T08:59:28Z,303,2231064,24212588,2178.8,126.8
2026-03-23T08:59:29Z,304,928224,22909836,906.5,181.9
2026-03-23T08:59:30Z,305,931560,22913164,909.7,109.0
2026-03-23T08:59:31Z,306,935072,22916676,913.2,106.3
2026-03-23T08:59:32Z,307,939180,22920780,917.2,108.2
2026-03-23T08:59:33Z,308,941928,22923516,919.9,107.9
2026-03-23T08:59:34Z,309,946032,22927620,923.9,106.2
2026-03-23T08:59:35Z,310,949360,22930948,927.1,106.5
2026-03-23T08:59:36Z,311,951504,22933092,929.2,115.6
2026-03-23T08:59:37Z,312,951504,22933092,929.2,126.4
2026-03-23T08:59:38Z,313,954240,22935828,931.9,112.7
2026-03-23T08:59:39Z,314,962912,22944140,940.3,106.1
2026-03-23T08:59:41Z,315,982416,22963404,959.4,107.0
2026-03-23T08:59:42Z,316,1000672,22982100,977.2,106.1
2026-03-23T08:59:43Z,317,1020568,23001988,996.6,106.8
2026-03-23T08:59:44Z,318,1039068,23020172,1014.7,106.3
2026-03-23T08:59:45Z,319,1058296,23039636,1033.5,105.4
2026-03-23T08:59:46Z,320,1102008,23083244,1076.2,116.4
2026-03-23T08:59:47Z,321,1200196,23181548,1172.1,132.8
2026-03-23T08:59:48Z,322,1236516,23217308,1207.5,112.8
2026-03-23T08:59:49Z,323,1254612,23235740,1225.2,107.1
2026-03-23T08:59:50Z,324,1273444,23254612,1243.6,106.2
2026-03-23T08:59:51Z,325,1306696,23287812,1276.1,111.9
2026-03-23T08:59:52Z,326,1405052,23386884,1372.1,129.8
2026-03-23T08:59:53Z,327,1475824,23456860,1441.2,121.2
2026-03-23T08:59:54Z,328,1494096,23475292,1459.1,106.7
2026-03-23T08:59:56Z,329,1510852,23491860,1475.4,104.3
2026-03-23T08:59:57Z,330,1530144,23511068,1494.3,104.4
2026-03-23T08:59:58Z,331,1548904,23530524,1512.6,106.2
2026-03-23T08:59:59Z,332,1566376,23547348,1529.7,105.4
2026-03-23T09:00:00Z,333,1584348,23565524,1547.2,106.2
2026-03-23T09:00:01Z,334,1602352,23583628,1564.8,106.8
2026-03-23T09:00:02Z,335,1658048,23639524,1619.2,121.9
2026-03-23T09:00:03Z,336,1755372,23736804,1714.2,129.5
2026-03-23T09:00:04Z,337,1789568,23771284,1747.6,110.1
2026-03-23T09:00:05Z,338,1808088,23788956,1765.7,105.1
2026-03-23T09:00:06Z,339,1825800,23806740,1783.0,107.1
2026-03-23T09:00:07Z,340,1844768,23825748,1801.5,104.7
2026-03-23T09:00:08Z,341,1861796,23843076,1818.2,106.2
2026-03-23T09:00:09Z,342,1881212,23862284,1837.1,106.6
2026-03-23T09:00:11Z,343,1898024,23879180,1853.5,104.7
2026-03-23T09:00:12Z,344,1942468,23923308,1896.9,115.7
2026-03-23T09:00:13Z,345,1997964,23978948,1951.1,117.4
2026-03-23T09:00:14Z,346,2051508,24033052,2003.4,166.1
2026-03-23T09:00:15Z,347,826080,22807180,806.7,124.2
2026-03-23T09:00:16Z,348,827452,22808548,808.1,115.6
2026-03-23T09:00:17Z,349,830188,22811284,810.7,114.9
2026-03-23T09:00:18Z,350,831556,22812652,812.1,112.7
2026-03-23T09:00:19Z,351,833516,22814612,814.0,113.9
2026-03-23T09:00:20Z,352,839120,22820340,819.5,113.9
2026-03-23T09:00:21Z,353,903492,22884940,882.3,122.5
2026-03-23T09:00:22Z,354,947392,22928380,925.2,112.2
2026-03-23T09:00:23Z,355,1007080,22988372,983.5,118.6
2026-03-23T09:00:24Z,356,1060876,23042052,1036.0,115.5
2026-03-23T09:00:26Z,357,1105644,23086684,1079.7,115.0
2026-03-23T09:00:27Z,358,1170972,23152308,1143.5,117.5
2026-03-23T09:00:28Z,359,1217076,23198052,1188.6,113.2
2026-03-23T09:00:29Z,360,1273784,23254716,1243.9,119.4
2026-03-23T09:00:30Z,361,1329196,23310436,1298.0,115.1
2026-03-23T09:00:31Z,362,1372320,23353796,1340.2,113.8
2026-03-23T09:00:32Z,363,1439880,23420956,1406.1,118.4
2026-03-23T09:00:33Z,364,1485284,23466188,1450.5,112.9
2026-03-23T09:00:34Z,365,1535064,23516452,1499.1,115.6
2026-03-23T09:00:35Z,366,1595400,23576644,1558.0,117.1
2026-03-23T09:00:36Z,367,1641396,23622188,1602.9,115.6
2026-03-23T09:00:37Z,368,790148,22771252,771.6,172.3
2026-03-23T09:00:38Z,369,791524,22772620,773.0,119.4
2026-03-23T09:00:39Z,370,794276,22775356,775.7,114.4
2026-03-23T09:00:41Z,371,795644,22776724,777.0,112.0
2026-03-23T09:00:42Z,372,795644,22776724,777.0,126.1
2026-03-23T09:00:43Z,373,844388,22825196,824.6,120.7
2026-03-23T09:00:44Z,374,862528,22843380,842.3,106.6
2026-03-23T09:00:45Z,375,880456,22861308,859.8,106.8
2026-03-23T09:00:46Z,376,897720,22878636,876.7,107.6
2026-03-23T09:00:47Z,377,915728,22896564,894.3,106.4
2026-03-23T09:00:48Z,378,932188,22913380,910.3,107.4
2026-03-23T09:00:49Z,379,950944,22931820,928.7,106.2
2026-03-23T09:00:50Z,380,968920,22949492,946.2,106.0
2026-03-23T09:00:51Z,381,984968,22965540,961.9,107.2
2026-03-23T09:00:52Z,382,1003000,22983980,979.5,105.2
2026-03-23T09:00:53Z,383,1020180,23000876,996.3,106.4
2026-03-23T09:00:54Z,384,1038528,23019492,1014.2,106.6
2026-03-23T09:00:56Z,385,1056508,23037420,1031.7,105.8
2026-03-23T09:00:57Z,386,1074556,23055516,1049.4,107.6
2026-03-23T09:00:58Z,387,1092776,23073444,1067.2,105.3
2026-03-23T09:00:59Z,388,1149384,23130876,1122.4,122.3
2026-03-23T09:01:00Z,389,1192076,23172780,1164.1,110.3
2026-03-23T09:01:01Z,390,1282856,23264172,1252.8,126.6
2026-03-23T09:01:02Z,391,1367340,23348220,1335.3,123.1
2026-03-23T09:01:03Z,392,1385716,23367092,1353.2,105.5
2026-03-23T09:01:04Z,393,1404092,23385276,1371.2,105.3
2026-03-23T09:01:05Z,394,1422064,23402692,1388.7,105.3
2026-03-23T09:01:06Z,395,1440304,23421500,1406.5,106.4
2026-03-23T09:01:07Z,396,1458312,23438972,1424.1,105.3
2026-03-23T09:01:08Z,397,1476356,23457412,1441.8,105.7
2026-03-23T09:01:09Z,398,1492828,23473460,1457.8,104.5
2026-03-23T09:01:11Z,399,1510912,23491644,1475.5,105.6
2026-03-23T09:01:12Z,400,1527628,23508460,1491.8,106.1
2026-03-23T09:01:13Z,401,922040,22902868,900.4,168.3
2026-03-23T09:01:14Z,402,924780,22905604,903.1,107.1
2026-03-23T09:01:15Z,403,928884,22909708,907.1,108.1
2026-03-23T09:01:16Z,404,930252,22911076,908.4,115.5
2026-03-23T09:01:17Z,405,932212,22913036,910.4,116.7
2026-03-23T09:01:18Z,406,935724,22916548,913.8,107.1
2026-03-23T09:01:19Z,407,935724,22916548,913.8,129.4
2026-03-23T09:01:20Z,408,939828,22920652,917.8,105.1
2026-03-23T09:01:21Z,409,942564,22923388,920.5,107.2
2026-03-23T09:01:22Z,410,946668,22927492,924.5,105.5
2026-03-23T09:01:23Z,411,964476,22945756,941.9,119.2
2026-03-23T09:01:24Z,412,1060612,23041756,1035.8,130.0
2026-03-23T09:01:26Z,413,1098548,23079308,1072.8,114.5
2026-03-23T09:01:27Z,414,1118300,23099028,1092.1,105.4
2026-03-23T09:01:28Z,415,1136308,23117212,1109.7,105.6
2026-03-23T09:01:29Z,416,930596,22911548,908.8,164.4
2026-03-23T09:01:30Z,417,933924,22914876,912.0,107.4
2026-03-23T09:01:31Z,418,937636,22918588,915.7,105.5
2026-03-23T09:01:32Z,419,941540,22922492,919.5,106.0
2026-03-23T09:01:33Z,420,945644,22926596,923.5,106.2
2026-03-23T09:01:34Z,421,948972,22929924,926.7,105.3
2026-03-23T09:01:35Z,422,952484,22933436,930.2,105.4
2026-03-23T09:01:36Z,423,953852,22934804,931.5,118.5
2026-03-23T09:01:37Z,424,955812,22936764,933.4,117.4
2026-03-23T09:01:38Z,425,959324,22940276,936.8,106.4
2026-03-23T09:01:40Z,426,959324,22940276,936.8,125.8
2026-03-23T09:01:41Z,427,1031636,23012300,1007.5,127.7
2026-03-23T09:01:42Z,428,1049684,23030596,1025.1,106.4
2026-03-23T09:01:43Z,429,1067984,23048836,1043.0,104.7
2026-03-23T09:01:44Z,430,1088032,23068804,1062.5,106.3
2026-03-23T09:01:45Z,431,1105088,23086140,1079.2,105.2
2026-03-23T09:01:46Z,432,1124372,23105092,1098.0,106.2
2026-03-23T09:01:47Z,433,1142244,23123388,1115.5,106.5
2026-03-23T09:01:48Z,434,1211572,23192908,1183.2,122.1
2026-03-23T09:01:49Z,435,1308572,23289676,1277.9,131.0
2026-03-23T09:01:50Z,436,1336144,23317068,1304.8,107.8
2026-03-23T09:01:51Z,437,1354152,23334916,1322.4,106.0
2026-03-23T09:01:52Z,438,1371784,23352588,1339.6,106.4
2026-03-23T09:01:53Z,439,1389428,23370172,1356.9,104.5
2026-03-23T09:01:55Z,440,1408904,23389636,1375.9,106.4
2026-03-23T09:01:56Z,441,1425324,23406908,1391.9,131.5
2026-03-23T09:01:57Z,442,1094780,23076148,1069.1,145.9
2026-03-23T09:01:58Z,443,1097516,23078884,1071.8,106.9
2026-03-23T09:01:59Z,444,1101620,23082988,1075.8,107.0
2026-03-23T09:02:00Z,445,1102988,23084356,1077.1,116.3
2026-03-23T09:02:01Z,446,1103588,23084948,1077.7,126.6
2026-03-23T09:02:02Z,447,1107100,23088460,1081.2,105.4
2026-03-23T09:02:03Z,448,1109836,23091196,1083.8,111.8
2026-03-23T09:02:04Z,449,1109840,23091196,1083.8,126.1
2026-03-23T09:02:05Z,450,1112092,23092564,1086.0,123.8
2026-03-23T09:02:06Z,451,1129380,23110484,1102.9,106.4
2026-03-23T09:02:07Z,452,1147700,23128844,1120.8,107.5
2026-03-23T09:02:08Z,453,1166152,23146772,1138.8,106.3
2026-03-23T09:02:10Z,454,1183500,23164044,1155.8,106.5
2026-03-23T09:02:11Z,455,1202412,23183052,1174.2,107.7
2026-03-23T09:02:12Z,456,964600,22946020,942.0,168.0
2026-03-23T09:02:13Z,457,968704,22950124,946.0,106.4
2026-03-23T09:02:14Z,458,968704,22950124,946.0,123.9
2026-03-23T09:02:15Z,459,969024,22950124,946.3,133.2
2026-03-23T09:02:16Z,460,973128,22954228,950.3,107.0
2026-03-23T09:02:17Z,461,975864,22956964,953.0,109.1
2026-03-23T09:02:18Z,462,979968,22961068,957.0,107.6
2026-03-23T09:02:19Z,463,983296,22964396,960.2,105.2
2026-03-23T09:02:20Z,464,986808,22967908,963.7,106.0
2026-03-23T09:02:21Z,465,990136,22971236,966.9,106.1
2026-03-23T09:02:22Z,466,993648,22974748,970.4,107.3
2026-03-23T09:02:23Z,467,997676,22978508,974.3,111.7
2026-03-23T09:02:25Z,468,1088484,23068876,1063.0,131.6
2026-03-23T09:02:26Z,469,1157524,23138340,1130.4,127.0
2026-03-23T09:02:27Z,470,1177196,23157540,1149.6,107.4
2026-03-23T09:02:28Z,471,1196448,23176668,1168.4,106.4
2026-03-23T09:02:29Z,472,1216312,23196636,1187.8,107.5
2026-03-23T09:02:30Z,473,1258036,23238716,1228.6,114.8
2026-03-23T09:02:31Z,474,1354164,23334972,1322.4,130.4
2026-03-23T09:02:32Z,475,1415532,23396188,1382.4,121.3
2026-03-23T09:02:33Z,476,1434800,23415196,1401.2,105.4
2026-03-23T09:02:34Z,477,1453152,23433628,1419.1,107.4
2026-03-23T09:02:35Z,478,1470660,23450964,1436.2,106.1
2026-03-23T09:02:36Z,479,1487924,23468372,1453.1,105.2
2026-03-23T09:02:37Z,480,1505064,23485452,1469.8,106.3
2026-03-23T09:02:39Z,481,1524168,23504916,1488.4,106.2
2026-03-23T09:02:40Z,482,1541944,23522500,1505.8,104.3
2026-03-23T09:02:41Z,483,1573352,23554420,1536.5,111.4
2026-03-23T09:02:42Z,484,1667064,23648116,1628.0,130.8
2026-03-23T09:02:43Z,485,1739968,23720396,1699.2,123.2
2026-03-23T09:02:44Z,486,1758336,23738828,1717.1,106.0
2026-03-23T09:02:45Z,487,1775508,23756420,1733.9,105.3
2026-03-23T09:02:46Z,488,1793448,23773828,1751.4,106.3
2026-03-23T09:02:47Z,489,1810348,23790908,1767.9,105.6
2026-03-23T09:02:48Z,490,1829148,23809604,1786.3,105.6
2026-03-23T09:02:49Z,491,1846588,23827188,1803.3,106.5
2026-03-23T09:02:50Z,492,1904456,23885388,1859.8,120.3
2026-03-23T09:02:51Z,493,900952,22881756,879.8,189.7
2026-03-23T09:02:52Z,494,902912,22883716,881.8,119.3
2026-03-23T09:02:54Z,495,906424,22887228,885.2,108.9
2026-03-23T09:02:55Z,496,909860,22890556,888.5,107.0
2026-03-23T09:02:56Z,497,913372,22894068,892.0,107.9
2026-03-23T09:02:57Z,498,917476,22898172,896.0,106.4
2026-03-23T09:02:58Z,499,918844,22899540,897.3,114.3
2026-03-23T09:02:59Z,500,925400,22906452,903.7,126.9
2026-03-23T09:03:00Z,501,957764,22938196,935.3,110.0
2026-03-23T09:03:01Z,502,976952,22957324,954.1,107.2
2026-03-23T09:03:02Z,503,994912,22975244,971.6,106.5
2026-03-23T09:03:03Z,504,1012376,22993348,988.6,106.4
2026-03-23T09:03:04Z,505,1031452,23011788,1007.3,106.2
2026-03-23T09:03:05Z,506,1050956,23031932,1026.3,108.6
2026-03-23T09:03:06Z,507,1069228,23049604,1044.2,106.7
2026-03-23T09:03:07Z,508,1110840,23091500,1084.8,116.0
2026-03-23T09:03:09Z,509,1157860,23138700,1130.7,116.6
2026-03-23T09:03:10Z,510,1221364,23201764,1192.7,125.1
2026-03-23T09:03:11Z,511,1266120,23246484,1236.4,116.7
2026-03-23T09:03:12Z,512,1316148,23297260,1285.3,119.2
2026-03-23T09:03:13Z,513,1375392,23356228,1343.2,121.0
2026-03-23T09:03:14Z,514,1420996,23401204,1387.7,117.5
2026-03-23T09:03:15Z,515,1472688,23453516,1438.2,120.9
2026-03-23T09:03:16Z,516,1530844,23511460,1495.0,121.2
2026-03-23T09:03:17Z,517,1574804,23555156,1537.9,114.6
2026-03-23T09:03:18Z,518,1626552,23607468,1588.4,120.6
2026-03-23T09:03:19Z,519,1685084,23665668,1645.6,120.3
2026-03-23T09:03:20Z,520,1728544,23708852,1688.0,114.6
2026-03-23T09:03:21Z,521,1780576,23761420,1738.8,119.3
2026-03-23T09:03:22Z,522,1838040,23819108,1795.0,148.2
2026-03-23T09:03:24Z,523,797860,22778500,779.2,147.4
2026-03-23T09:03:25Z,524,800004,22780644,781.3,113.9
2026-03-23T09:03:26Z,525,801380,22782012,782.6,116.0
2026-03-23T09:03:27Z,526,804124,22784748,785.3,113.8
2026-03-23T09:03:28Z,527,805504,22786116,786.6,120.1
2026-03-23T09:03:29Z,528,808488,22788852,789.5,115.7
2026-03-23T09:03:30Z,529,851512,22832204,831.6,117.9
2026-03-23T09:03:31Z,530,913912,22894756,892.5,122.4
2026-03-23T09:03:32Z,531,958052,22938196,935.6,115.0
2026-03-23T09:03:33Z,532,1015476,22996140,991.7,120.4
2026-03-23T09:03:34Z,533,1069640,23049812,1044.6,115.5
2026-03-23T09:03:35Z,534,1109680,23090100,1083.7,106.3
2026-03-23T09:03:36Z,535,1165500,23145820,1138.2,118.7
2026-03-23T09:03:37Z,536,1182872,23163100,1155.1,106.1
2026-03-23T09:03:39Z,537,1201160,23181340,1173.0,106.5
2026-03-23T09:03:40Z,538,1281648,23261980,1251.6,128.4
2026-03-23T09:03:41Z,539,1347800,23328116,1316.2,122.1
2026-03-23T09:03:42Z,540,1366204,23346812,1334.2,104.6
2026-03-23T09:03:43Z,541,1383892,23364740,1351.5,106.1
2026-03-23T09:03:44Z,542,1401016,23381556,1368.2,106.1
2026-03-23T09:03:45Z,543,1418664,23398972,1385.4,106.0
2026-03-23T09:03:46Z,544,1435164,23415788,1401.5,105.4
2026-03-23T09:03:47Z,545,1453812,23433972,1419.7,105.4
2026-03-23T09:03:48Z,546,1471508,23451900,1437.0,106.3
2026-03-23T09:03:49Z,547,1487848,23468204,1453.0,105.2
2026-03-23T09:03:50Z,548,1505804,23486644,1470.5,106.1
2026-03-23T09:03:51Z,549,1523932,23504228,1488.2,105.5
2026-03-23T09:03:53Z,550,1540924,23522156,1504.8,156.0
2026-03-23T09:03:54Z,551,882324,22863188,861.6,123.4
2026-03-23T09:03:55Z,552,882324,22863188,861.6,128.8
2026-03-23T09:03:56Z,553,886428,22867292,865.7,105.5
2026-03-23T09:03:57Z,554,889756,22870620,868.9,107.6
2026-03-23T09:03:58Z,555,893268,22874132,872.3,107.3
2026-03-23T09:03:59Z,556,893764,22874132,872.8,125.9
2026-03-23T09:04:00Z,557,898924,22879596,877.9,121.4
2026-03-23T09:04:01Z,558,916972,22897268,895.5,105.4
2026-03-23T09:04:02Z,559,933720,22914084,911.8,106.2
2026-03-23T09:04:03Z,560,953256,22933548,930.9,107.9
2026-03-23T09:04:04Z,561,970400,22950956,947.7,107.0
2026-03-23T09:04:05Z,562,988460,22968804,965.3,107.3
2026-03-23T09:04:06Z,563,1006128,22986476,982.5,107.0
2026-03-23T09:04:08Z,564,1024268,23005084,1000.3,107.0
2026-03-23T09:04:09Z,565,1043776,23024036,1019.3,107.3
2026-03-23T09:04:10Z,566,1060636,23040932,1035.8,106.1
2026-03-23T09:04:11Z,567,1098192,23078916,1072.5,115.1
2026-03-23T09:04:12Z,568,1150736,23131052,1123.8,120.4
2026-03-23T09:04:13Z,569,1167768,23148900,1140.4,106.4
2026-03-23T09:04:14Z,570,869148,22850012,848.8,178.8
2026-03-23T09:04:15Z,571,871884,22852748,851.4,114.8
2026-03-23T09:04:16Z,572,875212,22856076,854.7,108.0
2026-03-23T09:04:17Z,573,878724,22859588,858.1,106.0
2026-03-23T09:04:18Z,574,881460,22862324,860.8,113.0
2026-03-23T09:04:19Z,575,881460,22862324,860.8,128.7
2026-03-23T09:04:20Z,576,926736,22907156,905.0,120.1
2026-03-23T09:04:21Z,577,944728,22925140,922.6,106.9
2026-03-23T09:04:23Z,578,964372,22944604,941.8,106.4
2026-03-23T09:04:24Z,579,981304,22961500,958.3,105.5
2026-03-23T09:04:25Z,580,999944,22980116,976.5,107.2
2026-03-23T09:04:26Z,581,1018404,22999060,994.5,108.1
2026-03-23T09:04:27Z,582,1035816,23016396,1011.5,105.5
2026-03-23T09:04:28Z,583,1053896,23034316,1029.2,109.0
2026-03-23T09:04:29Z,584,1070824,23051140,1045.7,106.1
2026-03-23T09:04:30Z,585,1090032,23070860,1064.5,106.0
2026-03-23T09:04:31Z,586,1170360,23150732,1142.9,128.6
2026-03-23T09:04:32Z,587,1223964,23204156,1195.3,122.8
2026-03-23T09:04:33Z,588,1241756,23221996,1212.7,105.3
2026-03-23T09:04:34Z,589,1261144,23241204,1231.6,107.2
2026-03-23T09:04:35Z,590,1278644,23259300,1248.7,106.2
2026-03-23T09:04:36Z,591,1369920,23350692,1337.8,132.1
2026-03-23T09:04:38Z,592,1417160,23397460,1383.9,113.7
2026-03-23T09:04:39Z,593,1436680,23417548,1403.0,107.4
2026-03-23T09:04:40Z,594,1454764,23435020,1420.7,105.5
2026-03-23T09:04:41Z,595,1472492,23452684,1438.0,104.6
2026-03-23T09:04:42Z,596,1516728,23497324,1481.2,114.5
2026-03-23T09:04:43Z,597,1612844,23593580,1575.0,129.7
2026-03-23T09:04:44Z,598,1668308,23648788,1629.2,116.5
2026-03-23T09:04:45Z,599,1685624,23665812,1646.1,104.3
2026-03-23T09:04:46Z,600,1704416,23684564,1664.5,104.8
2026-03-23T09:04:47Z,601,1722172,23702660,1681.8,104.5
2026-03-23T09:04:48Z,602,1742156,23722380,1701.3,105.3
2026-03-23T09:04:49Z,603,1759088,23740044,1717.9,104.5
2026-03-23T09:04:50Z,604,1777440,23757636,1735.8,104.2
2026-03-23T09:04:51Z,605,1795528,23775812,1753.4,105.4
2026-03-23T09:04:53Z,606,1812876,23793348,1770.4,104.5
2026-03-23T09:04:54Z,607,1873640,23854164,1829.7,118.5
2026-03-23T09:04:55Z,608,981424,22961972,958.4,187.9
2026-03-23T09:04:56Z,609,984360,22964908,961.3,107.1
2026-03-23T09:04:57Z,610,988264,22968812,965.1,106.5
2026-03-23T09:04:58Z,611,991596,22972140,968.4,106.6
2026-03-23T09:04:59Z,612,992372,22972916,969.1,121.8
2026-03-23T09:05:00Z,613,993780,22974284,970.5,124.6
2026-03-23T09:05:01Z,614,996516,22977020,973.2,107.4
2026-03-23T09:05:02Z,615,1000620,22981124,977.2,106.3
2026-03-23T09:05:03Z,616,1003356,22983860,979.8,105.5
2026-03-23T09:05:04Z,617,1007460,22987964,983.8,104.6
2026-03-23T09:05:05Z,618,1010788,22991292,987.1,105.7
2026-03-23T09:05:07Z,619,1012932,22993436,989.2,113.5
2026-03-23T09:05:08Z,620,1082844,23063580,1057.5,128.8
2026-03-23T09:05:09Z,621,1131472,23111628,1105.0,115.8
2026-03-23T09:05:10Z,622,1149236,23129668,1122.3,106.4
2026-03-23T09:05:11Z,623,1167260,23147396,1139.9,105.2
2026-03-23T09:05:12Z,624,1186372,23167116,1158.6,106.3
2026-03-23T09:05:13Z,625,1204264,23184700,1176.0,106.4
2026-03-23T09:05:14Z,626,1222412,23202372,1193.8,105.3
2026-03-23T09:05:15Z,627,1240332,23220548,1211.3,105.4
2026-03-23T09:05:16Z,628,1257676,23237884,1228.2,105.4
2026-03-23T09:05:17Z,629,1276592,23256836,1246.7,107.4
2026-03-23T09:05:18Z,630,1346732,23327236,1315.2,123.8
2026-03-23T09:05:19Z,631,1410816,23390812,1377.8,119.9
2026-03-23T09:05:20Z,632,1432148,23412580,1398.6,107.1
2026-03-23T09:05:22Z,633,1448984,23429220,1415.0,104.4
2026-03-23T09:05:23Z,634,1483300,23463876,1448.5,112.9
2026-03-23T09:05:24Z,635,1579920,23560644,1542.9,129.8
2026-03-23T09:05:25Z,636,1627844,23608436,1589.7,113.8
2026-03-23T09:05:26Z,637,1645212,23625764,1606.7,105.4
2026-03-23T09:05:27Z,638,1663428,23643948,1624.4,103.8
2026-03-23T09:05:28Z,639,1681360,23661612,1642.0,105.6
2026-03-23T09:05:29Z,640,1699476,23679460,1659.6,105.5
2026-03-23T09:05:30Z,641,1717680,23698524,1677.4,104.6
2026-03-23T09:05:31Z,642,1735428,23715740,1694.8,105.4
2026-03-23T09:05:32Z,643,1829224,23809948,1786.4,126.0
2026-03-23T09:05:33Z,644,1918356,23898212,1873.4,126.7
2026-03-23T09:05:34Z,645,1936064,23916196,1890.7,105.7
2026-03-23T09:05:35Z,646,1953636,23933604,1907.8,105.0
2026-03-23T09:05:37Z,647,1970696,23950684,1924.5,105.2
2026-03-23T09:05:38Z,648,1988552,23968604,1941.9,104.4
2026-03-23T09:05:39Z,649,2007176,23987220,1960.1,106.4
2026-03-23T09:05:40Z,650,2026388,24006428,1978.9,105.4
2026-03-23T09:05:41Z,651,2043384,24023500,1995.5,104.4
2026-03-23T09:05:42Z,652,1623424,23603644,1585.4,176.0
2026-03-23T09:05:43Z,653,1097488,23077452,1071.8,124.0
2026-03-23T09:05:44Z,654,1097488,23077452,1071.8,125.8
2026-03-23T09:05:45Z,655,1100224,23080188,1074.4,110.8
2026-03-23T09:05:46Z,656,1104328,23084292,1078.4,106.3
2026-03-23T09:05:47Z,657,1107656,23087620,1081.7,106.3
2026-03-23T09:05:48Z,658,1111168,23091132,1085.1,106.0
2026-03-23T09:05:49Z,659,1112536,23092500,1086.5,114.7
2026-03-23T09:05:50Z,660,1112536,23092500,1086.5,122.5
2026-03-23T09:05:52Z,661,1130128,23110340,1103.6,112.6
2026-03-23T09:05:53Z,662,1149436,23129548,1122.5,107.3
2026-03-23T09:05:54Z,663,1165968,23146620,1138.6,105.4
2026-03-23T09:05:55Z,664,1187016,23167100,1159.2,108.0
2026-03-23T09:05:56Z,665,1204284,23184380,1176.1,105.2
2026-03-23T09:05:57Z,666,1223996,23204156,1195.3,106.5
2026-03-23T09:05:58Z,667,1249408,23229932,1220.1,110.9
2026-03-23T09:05:59Z,668,1016268,22996444,992.4,189.2
2026-03-23T09:06:00Z,669,1019204,22999380,995.3,109.9
2026-03-23T09:06:01Z,670,1023108,23003284,999.1,106.9
2026-03-23T09:06:02Z,671,1025068,23005244,1001.0,116.6
2026-03-23T09:06:03Z,672,1027212,23007388,1003.1,112.7
2026-03-23T09:06:04Z,673,1028800,23008956,1004.7,116.5
2026-03-23T09:06:05Z,674,1031548,23011492,1007.4,112.2
2026-03-23T09:06:07Z,675,1089468,23069948,1063.9,119.2
2026-03-23T09:06:08Z,676,1139340,23119020,1112.6,114.5
2026-03-23T09:06:09Z,677,1189108,23169540,1161.2,118.3
2026-03-23T09:06:10Z,678,1249732,23230244,1220.4,119.5
2026-03-23T09:06:11Z,679,1293312,23273228,1263.0,112.9
2026-03-23T09:06:12Z,680,1354368,23334756,1322.6,118.5
2026-03-23T09:06:13Z,681,1404784,23384844,1371.9,115.6
2026-03-23T09:06:14Z,682,1450252,23430764,1416.3,116.7
2026-03-23T09:06:15Z,683,1513536,23493316,1478.1,118.4
2026-03-23T09:06:16Z,684,1560088,23540340,1523.5,114.1
2026-03-23T09:06:17Z,685,1610772,23591116,1573.0,116.7
2026-03-23T09:06:18Z,686,1672292,23652388,1633.1,120.4
2026-03-23T09:06:19Z,687,1716052,23696084,1675.8,114.7
2026-03-23T09:06:20Z,688,1768232,23748396,1726.8,118.5
2026-03-23T09:06:22Z,689,1826760,23807052,1783.9,116.7
2026-03-23T09:06:23Z,690,1870176,23850036,1826.3,113.5
2026-03-23T09:06:24Z,691,1926716,23906956,1881.6,118.6
2026-03-23T09:06:25Z,692,1981068,23960884,1934.6,116.4
2026-03-23T09:06:26Z,693,2023348,24003988,1975.9,114.8
2026-03-23T09:06:27Z,694,2084976,24065516,2036.1,120.3
2026-03-23T09:06:28Z,695,2136404,24116372,2086.3,115.1
2026-03-23T09:06:29Z,696,2179104,24158964,2128.0,113.6
2026-03-23T09:06:30Z,697,2240024,24220100,2187.5,118.4
2026-03-23T09:06:31Z,698,2293668,24273948,2239.9,106.3
2026-03-23T09:06:32Z,699,2318680,24298524,2264.3,107.3
2026-03-23T09:06:33Z,700,2335724,24315604,2281.0,105.2
2026-03-23T09:06:34Z,701,2361280,24341892,2305.9,108.1
2026-03-23T09:06:36Z,702,1178896,23159128,1151.3,192.1
2026-03-23T09:06:37Z,703,881256,22861488,860.6,119.3
2026-03-23T09:06:38Z,704,885360,22865592,864.6,106.5
2026-03-23T09:06:39Z,705,889492,22869696,868.6,104.9
2026-03-23T09:06:40Z,706,892304,22872432,871.4,106.1
2026-03-23T09:06:41Z,707,896408,22876536,875.4,105.4
2026-03-23T09:06:42Z,708,899144,22879272,878.1,107.4
2026-03-23T09:06:43Z,709,903248,22883376,882.1,105.3
2026-03-23T09:06:44Z,710,907352,22887480,886.1,105.4
2026-03-23T09:06:45Z,711,910680,22890808,889.3,105.3
2026-03-23T09:06:46Z,712,914392,22894520,893.0,105.0
2026-03-23T09:06:47Z,713,918296,22898424,896.8,105.2
2026-03-23T09:06:48Z,714,922400,22902528,900.8,104.5
2026-03-23T09:06:49Z,715,925136,22905264,903.5,107.2
2026-03-23T09:06:51Z,716,926704,22906632,905.0,121.1
2026-03-23T09:06:52Z,717,980556,22960480,957.6,127.4
2026-03-23T09:06:53Z,718,998852,22978656,975.4,106.4
2026-03-23T09:06:54Z,719,1018172,22998040,994.3,106.9
2026-03-23T09:06:55Z,720,1082208,23062128,1056.8,122.6
2026-03-23T09:06:56Z,721,1181856,23161968,1154.2,129.5
2026-03-23T09:06:57Z,722,1213232,23192688,1184.8,110.7
2026-03-23T09:06:58Z,723,1232264,23211816,1203.4,105.5
2026-03-23T09:06:59Z,724,1250136,23229736,1220.8,107.2
2026-03-23T09:07:00Z,725,1267732,23247784,1238.0,105.7
2026-03-23T09:07:01Z,726,1284920,23264480,1254.8,106.3
2026-03-23T09:07:02Z,727,1302252,23282272,1271.7,103.7
2026-03-23T09:07:03Z,728,1320480,23300000,1289.5,105.5
2026-03-23T09:07:04Z,729,1338112,23318176,1306.8,106.4
2026-03-23T09:07:06Z,730,1355676,23335456,1323.9,106.3
2026-03-23T09:07:07Z,731,1373692,23353184,1341.5,106.0
2026-03-23T09:07:08Z,732,1390456,23370456,1357.9,106.3
2026-03-23T09:07:09Z,733,1431776,23411904,1398.2,114.0
2026-03-23T09:07:10Z,734,1502496,23482136,1467.3,123.7
2026-03-23T09:07:11Z,735,1522028,23501600,1486.4,106.1
2026-03-23T09:07:12Z,736,1562480,23542392,1525.9,114.0
2026-03-23T09:07:13Z,737,1659132,23638904,1620.2,129.1
2026-03-23T09:07:14Z,738,1678264,23657856,1638.9,105.4
2026-03-23T09:07:15Z,739,930716,22910392,908.9,170.0
2026-03-23T09:07:16Z,740,934820,22914496,912.9,108.1
2026-03-23T09:07:17Z,741,936188,22915864,914.2,115.8
2026-03-23T09:07:18Z,742,936188,22915864,914.2,123.1
2026-03-23T09:07:19Z,743,938980,22918600,917.0,112.1
2026-03-23T09:07:21Z,744,943084,22922704,921.0,105.5
2026-03-23T09:07:22Z,745,946412,22926808,924.2,104.2
2026-03-23T09:07:23Z,746,950516,22930136,928.2,105.7
2026-03-23T09:07:24Z,747,954028,22933648,931.7,106.1
2026-03-23T09:07:25Z,748,957356,22936976,934.9,106.3
2026-03-23T09:07:26Z,749,961068,22940688,938.5,106.4
2026-03-23T09:07:27Z,750,964972,22944592,942.4,106.5
2026-03-23T09:07:28Z,751,969076,22948696,946.4,104.6
2026-03-23T09:07:29Z,752,971812,22951432,949.0,107.3
2026-03-23T09:07:30Z,753,995456,22975160,972.1,113.0
2026-03-23T09:07:31Z,754,1074076,23053584,1048.9,126.8
2026-03-23T09:07:32Z,755,1092092,23071624,1066.5,105.6
2026-03-23T09:07:33Z,756,1110040,23089864,1084.0,105.5
2026-03-23T09:07:34Z,757,1128320,23107784,1101.9,106.2
2026-03-23T09:07:36Z,758,1204144,23184592,1175.9,123.9
2026-03-23T09:07:37Z,759,1265104,23244784,1235.5,121.3
2026-03-23T09:07:38Z,760,1283140,23263280,1253.1,105.6
2026-03-23T09:07:39Z,761,1303200,23282992,1272.7,107.1
2026-03-23T09:07:40Z,762,1320532,23300584,1289.6,105.3
2026-03-23T09:07:41Z,763,1339760,23319280,1308.4,106.5
2026-03-23T09:07:42Z,764,1419704,23399920,1386.4,124.3
2026-03-23T09:07:43Z,765,1514296,23494128,1478.8,127.6
2026-03-23T09:07:44Z,766,1533132,23512568,1497.2,105.3
2026-03-23T09:07:45Z,767,1033184,23013072,1009.0,171.1
2026-03-23T09:07:46Z,768,1037288,23017176,1013.0,106.3
2026-03-23T09:07:47Z,769,1040628,23020504,1016.2,109.0
2026-03-23T09:07:48Z,770,1044148,23024016,1019.7,106.4
2026-03-23T09:07:49Z,771,1048252,23028120,1023.7,106.4
2026-03-23T09:07:51Z,772,1050988,23030856,1026.4,107.1
2026-03-23T09:07:52Z,773,1055092,23034960,1030.4,105.4
2026-03-23T09:07:53Z,774,1059196,23039064,1034.4,107.4
2026-03-23T09:07:54Z,775,1060572,23040432,1035.7,112.9
2026-03-23T09:07:55Z,776,1061948,23041800,1037.1,122.8
2026-03-23T09:07:56Z,777,1065276,23045128,1040.3,105.1
2026-03-23T09:07:57Z,778,1068788,23048640,1043.7,105.6
2026-03-23T09:07:58Z,779,1071528,23051376,1046.4,110.6
2026-03-23T09:07:59Z,780,1071528,23051376,1046.4,126.5
2026-03-23T09:08:00Z,781,966264,22946224,943.6,185.6
2026-03-23T09:08:01Z,782,970368,22950328,947.6,108.1
2026-03-23T09:08:02Z,783,973304,22953264,950.5,108.0
2026-03-23T09:08:03Z,784,977208,22957168,954.3,107.3
2026-03-23T09:08:05Z,785,980536,22960496,957.6,107.3
2026-03-23T09:08:06Z,786,984048,22964008,961.0,107.1
2026-03-23T09:08:07Z,787,986784,22966744,963.7,110.9
2026-03-23T09:08:08Z,788,997260,22977240,973.9,128.0
2026-03-23T09:08:09Z,789,1062020,23041840,1037.1,122.0
2026-03-23T09:08:10Z,790,1080456,23060024,1055.1,105.5
2026-03-23T09:08:11Z,791,1098488,23078200,1072.7,105.9
2026-03-23T09:08:12Z,792,1116060,23095992,1089.9,105.5
2026-03-23T09:08:13Z,793,1135264,23114744,1108.7,107.4
2026-03-23T09:08:14Z,794,1153216,23132672,1126.2,104.7
2026-03-23T09:08:15Z,795,1170908,23150512,1143.5,105.4
2026-03-23T09:08:16Z,796,1188944,23168440,1161.1,105.5
2026-03-23T09:08:17Z,797,1205768,23185512,1177.5,106.3
2026-03-23T09:08:18Z,798,1225012,23204976,1196.3,106.2
2026-03-23T09:08:20Z,799,1276284,23256520,1246.4,116.5
2026-03-23T09:08:21Z,800,1338356,23318304,1307.0,118.4
2026-03-23T09:08:22Z,801,1356472,23335976,1324.7,105.1
2026-03-23T09:08:23Z,802,1374216,23354152,1342.0,107.0
2026-03-23T09:08:24Z,803,1419024,23399048,1385.8,116.2
2026-03-23T09:08:25Z,804,1513932,23494024,1478.4,132.1
2026-03-23T09:08:26Z,805,1552096,23531832,1515.7,111.8
2026-03-23T09:08:27Z,806,1571300,23550784,1534.5,106.2
2026-03-23T09:08:28Z,807,1589292,23568880,1552.0,106.4
2026-03-23T09:08:29Z,808,1608576,23588088,1570.9,103.8
2026-03-23T09:08:30Z,809,1625780,23605752,1587.7,105.3
2026-03-23T09:08:31Z,810,1643492,23623088,1605.0,106.6
2026-03-23T09:08:32Z,811,1660684,23640672,1621.8,108.0
2026-03-23T09:08:33Z,812,1756040,23735648,1714.9,130.8
2026-03-23T09:08:35Z,813,1835640,23815096,1792.6,125.9
2026-03-23T09:08:36Z,814,1852488,23831992,1809.1,105.4
2026-03-23T09:08:37Z,815,1871008,23850608,1827.2,104.6
2026-03-23T09:08:38Z,816,1887836,23867168,1843.6,105.4
2026-03-23T09:08:39Z,817,1907352,23887144,1862.6,105.3
2026-03-23T09:08:40Z,818,1923892,23903528,1878.8,105.4
2026-03-23T09:08:41Z,819,1942120,23921632,1896.6,105.5
2026-03-23T09:08:42Z,820,1958684,23938016,1912.8,105.3
2026-03-23T09:08:43Z,821,1977720,23957400,1931.4,105.9
2026-03-23T09:08:44Z,822,1995404,23975072,1948.6,104.3
2026-03-23T09:08:45Z,823,2041344,24021240,1993.5,115.8
2026-03-23T09:08:46Z,824,2107464,24087120,2058.1,118.1
2026-03-23T09:08:47Z,825,2125420,24104784,2075.6,106.3
2026-03-23T09:08:48Z,826,2142108,24122120,2091.9,105.1
2026-03-23T09:08:50Z,827,2159548,24139016,2108.9,106.7
2026-03-23T09:08:51Z,828,2199560,24179304,2148.0,113.8
2026-03-23T09:08:52Z,829,2294560,24274536,2240.8,126.9
2026-03-23T09:08:53Z,830,2323720,24303720,2269.3,107.3
2026-03-23T09:08:54Z,831,2340872,24320288,2286.0,105.2
2026-03-23T09:08:55Z,832,2360396,24339744,2305.1,106.2
2026-03-23T09:08:56Z,833,2377672,24357080,2321.9,104.3
2026-03-23T09:08:57Z,834,2394912,24375000,2338.8,105.5
2026-03-23T09:08:58Z,835,2413684,24393360,2357.1,105.4
2026-03-23T09:08:59Z,836,2462356,24442088,2404.6,115.7
2026-03-23T09:09:00Z,837,2522776,24502848,2463.6,116.7
2026-03-23T09:09:01Z,838,1352340,23332264,1320.6,172.7
2026-03-23T09:09:02Z,839,864500,22844168,844.2,118.6
2026-03-23T09:09:03Z,840,865868,22845536,845.6,120.6
2026-03-23T09:09:05Z,841,869012,22848272,848.6,112.8
2026-03-23T09:09:06Z,842,870380,22849640,850.0,115.5
2026-03-23T09:09:07Z,843,873116,22852376,852.7,113.9
2026-03-23T09:09:08Z,844,874484,22853744,854.0,115.0
2026-03-23T09:09:09Z,845,880724,22860432,860.1,118.3
2026-03-23T09:09:10Z,846,924352,22904184,902.7,113.6
2026-03-23T09:09:11Z,847,989376,22969040,966.2,121.6
2026-03-23T09:09:12Z,848,1036356,23015808,1012.1,110.8
2026-03-23T09:09:13Z,849,1094796,23074520,1069.1,116.2
2026-03-23T09:09:14Z,850,1151156,23130496,1124.2,115.2
2026-03-23T09:09:15Z,851,1194348,23174368,1166.4,114.6
2026-03-23T09:09:16Z,852,1260360,23240248,1230.8,120.3
2026-03-23T09:09:17Z,853,1307316,23286760,1276.7,114.8
2026-03-23T09:09:18Z,854,1355912,23335744,1324.1,116.5
2026-03-23T09:09:20Z,855,1417596,23397472,1384.4,118.4
2026-03-23T09:09:21Z,856,1463324,23442760,1429.0,114.6
2026-03-23T09:09:22Z,857,1519408,23499424,1483.8,119.7
2026-03-23T09:09:23Z,858,843948,22824024,824.2,172.2
2026-03-23T09:09:24Z,859,846684,22826760,826.8,113.9
2026-03-23T09:09:25Z,860,848060,22828128,828.2,107.2
2026-03-23T09:09:26Z,861,849428,22829496,829.5,120.3
2026-03-23T09:09:27Z,862,852756,22832824,832.8,105.3
2026-03-23T09:09:28Z,863,856468,22836536,836.4,105.6
2026-03-23T09:09:29Z,864,860372,22840440,840.2,107.1
2026-03-23T09:09:30Z,865,863700,22843768,843.5,106.1
2026-03-23T09:09:31Z,866,867212,22847280,846.9,106.2
2026-03-23T09:09:32Z,867,870540,22850608,850.1,107.0
2026-03-23T09:09:34Z,868,874052,22854120,853.6,107.1
2026-03-23T09:09:35Z,869,876788,22856856,856.2,111.7
2026-03-23T09:09:36Z,870,918428,22897904,896.9,122.7
2026-03-23T09:09:37Z,871,936460,22916088,914.5,106.4
2026-03-23T09:09:38Z,872,953372,22932984,931.0,105.5
2026-03-23T09:09:39Z,873,972624,22952624,949.8,107.1
2026-03-23T09:09:40Z,874,990612,22970552,967.4,105.6
2026-03-23T09:09:41Z,875,1007772,22987312,984.2,106.2
2026-03-23T09:09:42Z,876,1025952,23005808,1001.9,105.3
2026-03-23T09:09:43Z,877,1061212,23041056,1036.3,112.4
2026-03-23T09:09:44Z,878,1127820,23107704,1101.4,120.6
2026-03-23T09:09:45Z,879,1226496,23206776,1197.8,128.7
2026-03-23T09:09:46Z,880,1282660,23262248,1252.6,115.2
2026-03-23T09:09:47Z,881,1300232,23279832,1269.8,105.2
2026-03-23T09:09:49Z,882,1317948,23297504,1287.1,105.4
2026-03-23T09:09:50Z,883,1336600,23316192,1305.3,106.1
2026-03-23T09:09:51Z,884,1354984,23334552,1323.2,106.4
2026-03-23T09:09:52Z,885,1372748,23352336,1340.6,106.5
2026-03-23T09:09:53Z,886,1390712,23370064,1358.1,106.3
2026-03-23T09:09:54Z,887,1409592,23389272,1376.6,105.4
2026-03-23T09:09:55Z,888,1455184,23434672,1421.1,115.7
2026-03-23T09:09:56Z,889,1551140,23531184,1514.8,130.0
2026-03-23T09:09:57Z,890,1076412,23055992,1051.2,182.5
2026-03-23T09:09:58Z,891,1080316,23059896,1055.0,107.8
2026-03-23T09:09:59Z,892,1083656,23063224,1058.3,108.2
2026-03-23T09:10:00Z,893,1087168,23066736,1061.7,107.3
2026-03-23T09:10:01Z,894,1091292,23070840,1065.7,106.3
2026-03-23T09:10:02Z,895,1094228,23073776,1068.6,108.1
2026-03-23T09:10:04Z,896,1096848,23076312,1071.1,113.9
2026-03-23T09:10:05Z,897,1098224,23077680,1072.5,123.8
2026-03-23T09:10:06Z,898,1101552,23081008,1075.7,106.1
2026-03-23T09:10:07Z,899,1103696,23083152,1077.8,114.5
2026-03-23T09:10:08Z,900,1103696,23083152,1077.8,123.8
2026-03-23T09:10:09Z,901,1139724,23119416,1113.0,118.5
2026-03-23T09:10:10Z,902,1157228,23136696,1130.1,106.4
2026-03-23T09:10:11Z,903,1174328,23153904,1146.8,106.3
2026-03-23T09:10:12Z,904,1193180,23173288,1165.2,106.4
2026-03-23T09:10:13Z,905,1211532,23190960,1183.1,105.2
2026-03-23T09:10:14Z,906,1229940,23209648,1201.1,106.2
2026-03-23T09:10:15Z,907,1248552,23228264,1219.3,105.3
2026-03-23T09:10:16Z,908,1267800,23247216,1238.1,107.2
2026-03-23T09:10:17Z,909,1284972,23264368,1254.9,106.5
2026-03-23T09:10:19Z,910,1352424,23332216,1320.7,122.3
2026-03-23T09:10:20Z,911,1414884,23394456,1381.7,118.3
2026-03-23T09:10:21Z,912,1434368,23414232,1400.8,106.4
2026-03-23T09:10:22Z,913,1452700,23432408,1418.7,106.4
2026-03-23T09:10:23Z,914,1469904,23449488,1435.5,105.3
2026-03-23T09:10:24Z,915,1489820,23469464,1454.9,106.2
2026-03-23T09:10:25Z,916,1511284,23491144,1475.9,108.1
2026-03-23T09:10:26Z,917,1605404,23585352,1567.8,128.4
2026-03-23T09:10:27Z,918,1623348,23603280,1585.3,105.1
2026-03-23T09:10:28Z,919,1640508,23620040,1602.1,106.1
2026-03-23T09:10:29Z,920,1659440,23638792,1620.5,107.2
2026-03-23T09:10:30Z,921,1710236,23690080,1670.2,116.3
2026-03-23T09:10:31Z,922,1805532,23785312,1763.2,128.8
2026-03-23T09:10:33Z,923,1852552,23832336,1809.1,113.5
2026-03-23T09:10:34Z,924,1870180,23849864,1826.3,105.3
2026-03-23T09:10:35Z,925,1887876,23867592,1843.6,105.4
2026-03-23T09:10:36Z,926,1905204,23884744,1860.6,106.2
2026-03-23T09:10:37Z,927,1922440,23901824,1877.4,105.4
2026-03-23T09:10:38Z,928,1940224,23919488,1894.8,106.6
2026-03-23T09:10:39Z,929,1957484,23936824,1911.6,104.7
2026-03-23T09:10:40Z,930,1976560,23956032,1930.2,105.4
2026-03-23T09:10:41Z,931,1993900,23973360,1947.2,107.1
2026-03-23T09:10:42Z,932,2024944,24005024,1977.5,109.2
2026-03-23T09:10:43Z,933,2106176,24085496,2056.8,126.4
2026-03-23T09:10:44Z,934,2122356,24102000,2072.6,104.2
2026-03-23T09:10:45Z,935,2140212,24119728,2090.1,105.2
2026-03-23T09:10:46Z,936,2157600,24137136,2107.0,105.4
2026-03-23T09:10:48Z,937,2176132,24155752,2125.1,105.4
2026-03-23T09:10:49Z,938,2194976,24175128,2143.5,106.4
2026-03-23T09:10:50Z,939,2290764,24270616,2237.1,127.7
2026-03-23T09:10:51Z,940,929628,22909448,907.8,179.7
2026-03-23T09:10:52Z,941,932956,22912776,911.1,109.0
2026-03-23T09:10:53Z,942,936468,22916288,914.5,106.0
2026-03-23T09:10:54Z,943,940572,22920392,918.5,108.1
2026-03-23T09:10:55Z,944,941940,22921760,919.9,112.7
2026-03-23T09:10:56Z,945,941940,22921760,919.9,124.2
2026-03-23T09:10:57Z,946,944676,22924496,922.5,110.0
2026-03-23T09:10:58Z,947,948004,22927824,925.8,106.3
2026-03-23T09:10:59Z,948,951516,22931336,929.2,105.3
2026-03-23T09:11:00Z,949,955620,22935440,933.2,105.7
2026-03-23T09:11:01Z,950,958948,22938768,936.5,105.4
2026-03-23T09:11:03Z,951,963052,22942872,940.5,105.2
2026-03-23T09:11:04Z,952,966572,22946384,943.9,108.5
2026-03-23T09:11:05Z,953,969900,22949712,947.2,105.5
2026-03-23T09:11:06Z,954,973416,22953224,950.6,107.5
2026-03-23T09:11:07Z,955,1053328,23033352,1028.6,127.8
2026-03-23T09:11:08Z,956,1088788,23068088,1063.3,110.7
2026-03-23T09:11:09Z,957,1108148,23087552,1082.2,107.2
2026-03-23T09:11:10Z,958,1125068,23104448,1098.7,105.6
2026-03-23T09:11:11Z,959,1143764,23123320,1117.0,106.4
2026-03-23T09:11:12Z,960,1161672,23141240,1134.4,109.0
2026-03-23T09:11:13Z,961,1178892,23158576,1151.3,104.6
2026-03-23T09:11:14Z,962,1203956,23183840,1175.7,111.7
2026-03-23T09:11:15Z,963,1298028,23277792,1267.6,131.2
2026-03-23T09:11:16Z,964,1332916,23312472,1301.7,110.1
2026-03-23T09:11:18Z,965,1352484,23331736,1320.8,107.1
2026-03-23T09:11:19Z,966,1370124,23349408,1338.0,105.3
2026-03-23T09:11:20Z,967,1388076,23367760,1355.5,106.2
2026-03-23T09:11:21Z,968,1446396,23426216,1412.5,119.8
2026-03-23T09:11:22Z,969,1540104,23519912,1504.0,130.7
2026-03-23T09:11:23Z,970,1588056,23567704,1550.8,113.5
2026-03-23T09:11:24Z,971,1605272,23585288,1567.6,107.0
2026-03-23T09:11:25Z,972,1625072,23604752,1587.0,105.8
2026-03-23T09:11:26Z,973,1642736,23622280,1604.2,107.5
2026-03-23T09:11:27Z,974,1660760,23640264,1621.8,105.4
2026-03-23T09:11:28Z,975,1677232,23656768,1637.9,106.3
2026-03-23T09:11:29Z,976,1696160,23675776,1656.4,105.6
2026-03-23T09:11:30Z,977,1712644,23691904,1672.5,104.6
2026-03-23T09:11:31Z,978,1055432,23035224,1030.7,185.3
2026-03-23T09:11:33Z,979,1055432,23035224,1030.7,124.9
2026-03-23T09:11:34Z,980,1058168,23037960,1033.4,111.8
2026-03-23T09:11:35Z,981,1062272,23042064,1037.4,107.9
2026-03-23T09:11:36Z,982,1065600,23045392,1040.6,106.2
2026-03-23T09:11:37Z,983,1069112,23048904,1044.1,106.5
2026-03-23T09:11:38Z,984,1072048,23051840,1046.9,108.4
2026-03-23T09:11:39Z,985,1075952,23055744,1050.7,106.7
2026-03-23T09:11:40Z,986,1080056,23059848,1054.7,106.5
2026-03-23T09:11:41Z,987,1083384,23063176,1058.0,106.1
2026-03-23T09:11:42Z,988,1084160,23063952,1058.8,120.3
2026-03-23T09:11:43Z,989,1086896,23066688,1061.4,110.8
2026-03-23T09:11:44Z,990,1091000,23070792,1065.4,106.2
2026-03-23T09:11:45Z,991,1094540,23074120,1068.9,107.1
2026-03-23T09:11:47Z,992,1106316,23086080,1080.4,106.6
2026-03-23T09:11:48Z,993,1135944,23115440,1109.3,113.5
2026-03-23T09:11:49Z,994,1228208,23208368,1199.4,131.4
2026-03-23T09:11:50Z,995,1248520,23227832,1219.3,107.3
2026-03-23T09:11:51Z,996,1268224,23247464,1238.5,108.3
2026-03-23T09:11:52Z,997,1311696,23291160,1281.0,114.6
2026-03-23T09:11:53Z,998,1368032,23348080,1336.0,120.2
2026-03-23T09:11:54Z,999,1422688,23402128,1389.3,119.5
2026-03-23T09:11:55Z,1000,1465028,23444600,1430.7,115.4
2026-03-23T09:11:56Z,1001,1527904,23508176,1492.1,120.1
2026-03-23T09:11:57Z,1002,1578616,23558008,1541.6,116.7
2026-03-23T09:11:58Z,1003,1621520,23601368,1583.5,113.8
2026-03-23T09:11:59Z,1004,1687920,23667504,1648.4,117.3
2026-03-23T09:12:00Z,1005,1733984,23713504,1693.3,113.8
2026-03-23T09:12:02Z,1006,1781428,23761208,1739.7,115.4
2026-03-23T09:12:03Z,1007,1844312,23824272,1801.1,118.5
2026-03-23T09:12:04Z,1008,1887304,23866944,1843.1,113.7
2026-03-23T09:12:05Z,1009,1939556,23919000,1894.1,118.7
2026-03-23T09:12:06Z,1010,2000028,23980016,1953.2,117.5
2026-03-23T09:12:07Z,1011,2043184,24022432,1995.3,113.6
2026-03-23T09:12:08Z,1012,2093704,24073464,2044.6,118.5
2026-03-23T09:12:09Z,1013,2153340,24133456,2102.9,117.3
2026-03-23T09:12:10Z,1014,855832,22835888,835.8,179.6
2026-03-23T09:12:11Z,1015,857200,22837256,837.1,114.9
2026-03-23T09:12:12Z,1016,858768,22838824,838.6,117.3
2026-03-23T09:12:13Z,1017,861324,22841360,841.1,114.5
2026-03-23T09:12:14Z,1018,862692,22842728,842.5,115.9
2026-03-23T09:12:15Z,1019,865428,22845464,845.1,111.9
2026-03-23T09:12:17Z,1020,866796,22846832,846.5,115.6
2026-03-23T09:12:18Z,1021,896328,22875936,875.3,116.0
2026-03-23T09:12:19Z,1022,952592,22932600,930.3,115.6
2026-03-23T09:12:20Z,1023,970156,22949496,947.4,106.4
2026-03-23T09:12:21Z,1024,1012888,22992600,989.1,113.8
2026-03-23T09:12:22Z,1025,1111816,23091672,1085.8,132.6
2026-03-23T09:12:23Z,1026,1159124,23138184,1132.0,114.7
2026-03-23T09:12:24Z,1027,1177396,23156624,1149.8,105.2
2026-03-23T09:12:25Z,1028,1194736,23173952,1166.7,106.0
2026-03-23T09:12:26Z,1029,1213188,23192392,1184.8,106.1
2026-03-23T09:12:27Z,1030,1230028,23209408,1201.2,107.5
2026-03-23T09:12:28Z,1031,1248076,23227392,1218.8,105.3
2026-03-23T09:12:29Z,1032,1266368,23246080,1236.7,105.5
2026-03-23T09:12:30Z,1033,1285164,23264952,1255.0,106.9
2026-03-23T09:12:32Z,1034,1303496,23282624,1272.9,105.3
2026-03-23T09:12:33Z,1035,1328284,23307888,1297.2,110.1
2026-03-23T09:12:34Z,1036,1391836,23371464,1359.2,119.3
2026-03-23T09:12:35Z,1037,1489016,23468744,1454.1,130.0
2026-03-23T09:12:36Z,1038,1512604,23492040,1477.2,107.1
2026-03-23T09:12:37Z,1039,1533184,23512704,1497.2,107.1
2026-03-23T09:12:38Z,1040,877420,22857048,856.9,167.9
2026-03-23T09:12:39Z,1041,877424,22857048,856.9,125.0
2026-03-23T09:12:40Z,1042,880160,22859784,859.5,113.9
2026-03-23T09:12:41Z,1043,884324,22863888,863.6,105.9
2026-03-23T09:12:42Z,1044,887060,22866624,866.3,107.2
2026-03-23T09:12:43Z,1045,891164,22870728,870.3,107.4
2026-03-23T09:12:44Z,1046,894100,22873664,873.1,105.5
2026-03-23T09:12:46Z,1047,898004,22877568,877.0,105.3
2026-03-23T09:12:47Z,1048,902108,22881672,881.0,106.1
2026-03-23T09:12:48Z,1049,905436,22885000,884.2,105.2
2026-03-23T09:12:49Z,1050,907580,22887144,886.3,112.7
2026-03-23T09:12:50Z,1051,939048,22918632,917.0,128.0
2026-03-23T09:12:51Z,1052,975992,22955160,953.1,114.8
2026-03-23T09:12:52Z,1053,997780,22977176,974.4,107.1
2026-03-23T09:12:53Z,1054,1069188,23048864,1044.1,125.2
2026-03-23T09:12:54Z,1055,1158560,23137776,1131.4,123.8
2026-03-23T09:12:55Z,1056,1176492,23155624,1148.9,104.5
2026-03-23T09:12:56Z,1057,1197556,23176880,1169.5,106.5
2026-03-23T09:12:57Z,1058,1217532,23197024,1189.0,106.3
2026-03-23T09:12:58Z,1059,1314008,23293536,1283.2,129.7
2026-03-23T09:12:59Z,1060,1396052,23375280,1363.3,127.7
2026-03-23T09:13:01Z,1061,1413664,23393072,1380.5,105.4
2026-03-23T09:13:02Z,1062,1433244,23412336,1399.7,105.3
2026-03-23T09:13:03Z,1063,1451488,23431280,1417.5,106.2
2026-03-23T09:13:04Z,1064,1470488,23449640,1436.0,104.5
2026-03-23T09:13:05Z,1065,1488196,23467560,1453.3,105.3
2026-03-23T09:13:06Z,1066,1505808,23485096,1470.5,104.2
2026-03-23T09:13:07Z,1067,1524952,23504104,1489.2,105.4
2026-03-23T09:13:08Z,1068,1574284,23554112,1537.4,118.4
2026-03-23T09:13:09Z,1069,1135676,23115096,1109.1,197.7
2026-03-23T09:13:10Z,1070,1139780,23119200,1113.1,107.1
2026-03-23T09:13:11Z,1071,1142716,23122136,1115.9,107.4
2026-03-23T09:13:12Z,1072,1145252,23124672,1118.4,112.2
2026-03-23T09:13:13Z,1073,1145276,23124672,1118.4,127.2
2026-03-23T09:13:14Z,1074,1146692,23126040,1119.8,122.3
2026-03-23T09:13:16Z,1075,1150024,23129368,1123.1,107.3
2026-03-23T09:13:17Z,1076,1153536,23132880,1126.5,106.3
2026-03-23T09:13:18Z,1077,1156864,23136208,1129.8,106.1
2026-03-23T09:13:19Z,1078,1159012,23138352,1131.8,114.9
2026-03-23T09:13:20Z,1079,1218252,23197744,1189.7,129.0
2026-03-23T09:13:21Z,1080,1266772,23246048,1237.1,114.0
2026-03-23T09:13:22Z,1081,1284896,23264480,1254.8,106.2
2026-03-23T09:13:23Z,1082,1303476,23282584,1272.9,106.2
2026-03-23T09:13:24Z,1083,1321812,23301272,1290.8,106.2
2026-03-23T09:13:25Z,1084,1339176,23318352,1307.8,105.1
2026-03-23T09:13:26Z,1085,1359136,23338584,1327.3,106.2
2026-03-23T09:13:27Z,1086,1376992,23356112,1344.7,106.0
2026-03-23T09:13:28Z,1087,1416904,23396280,1383.7,111.9
2026-03-23T09:13:29Z,1088,1514568,23493560,1479.1,128.9
2026-03-23T09:13:31Z,1089,1534476,23513528,1498.5,106.3
2026-03-23T09:13:32Z,1090,1553628,23532912,1517.2,105.4
2026-03-23T09:13:33Z,1091,1572892,23552376,1536.0,105.5
2026-03-23T09:13:34Z,1092,1651816,23631224,1613.1,126.5
2026-03-23T09:13:35Z,1093,1748900,23727992,1707.9,129.9
2026-03-23T09:13:36Z,1094,1773860,23753080,1732.3,107.9
2026-03-23T09:13:37Z,1095,1793032,23772208,1751.0,104.5
2026-03-23T09:13:38Z,1096,1812032,23791784,1769.6,107.1
2026-03-23T09:13:39Z,1097,1829724,23809000,1786.8,104.7
2026-03-23T09:13:40Z,1098,1847780,23827176,1804.5,105.5
2026-03-23T09:13:41Z,1099,1923068,23902704,1878.0,125.6
2026-03-23T09:13:42Z,1100,2018264,23997680,1971.0,128.9
2026-03-23T09:13:43Z,1101,2045760,24025328,1997.8,107.3
2026-03-23T09:13:44Z,1102,2063484,24042920,2015.1,105.6
2026-03-23T09:13:46Z,1103,2082156,24061352,2033.4,106.2
2026-03-23T09:13:47Z,1104,2100552,24079712,2051.3,105.5
2026-03-23T09:13:48Z,1105,2118076,24097496,2068.4,105.4
2026-03-23T09:13:49Z,1106,2135708,24114712,2085.7,106.3
2026-03-23T09:13:50Z,1107,2153492,24133144,2103.0,105.5
2026-03-23T09:13:51Z,1108,2222356,24202272,2170.3,121.9
2026-03-23T09:13:52Z,1109,2312940,24292896,2258.7,127.8
2026-03-23T09:13:53Z,1110,2330780,24310056,2276.2,106.1
2026-03-23T09:13:54Z,1111,2349644,24328920,2294.6,106.2
2026-03-23T09:13:55Z,1112,2368888,24348128,2313.4,105.2
2026-03-23T09:13:56Z,1113,2414168,24394040,2357.6,117.3
2026-03-23T09:13:57Z,1114,1182412,23161944,1154.7,209.8
2026-03-23T09:13:58Z,1115,1183780,23163312,1156.0,122.1
2026-03-23T09:14:00Z,1116,1187112,23166640,1159.3,108.2
2026-03-23T09:14:01Z,1117,1190628,23170152,1162.7,105.3
2026-03-23T09:14:02Z,1118,1194732,23174256,1166.7,107.1
2026-03-23T09:14:03Z,1119,1197668,23177192,1169.6,107.9
2026-03-23T09:14:04Z,1120,1201572,23181096,1173.4,105.4
2026-03-23T09:14:05Z,1121,1202940,23182464,1174.7,116.5
2026-03-23T09:14:06Z,1122,1202940,23182464,1174.7,123.4
2026-03-23T09:14:07Z,1123,1205676,23185200,1177.4,114.1
2026-03-23T09:14:08Z,1124,1209780,23189304,1181.4,105.8
2026-03-23T09:14:09Z,1125,1213108,23192632,1184.7,104.5
2026-03-23T09:14:10Z,1126,1216620,23196144,1188.1,106.2
2026-03-23T09:14:11Z,1127,1220188,23199472,1191.6,106.3
2026-03-23T09:14:12Z,1128,1224508,23203576,1195.8,105.6
2026-03-23T09:14:13Z,1129,1240456,23219888,1211.4,105.7
2026-03-23T09:14:15Z,1130,1324296,23303856,1293.3,125.8
2026-03-23T09:14:16Z,1131,1374384,23353440,1342.2,116.0
2026-03-23T09:14:17Z,1132,1392320,23371480,1359.7,105.5
2026-03-23T09:14:18Z,1133,1411880,23391000,1378.8,106.3
2026-03-23T09:14:19Z,1134,1429844,23408920,1396.3,105.7
2026-03-23T09:14:20Z,1135,1467604,23447160,1433.2,114.1
2026-03-23T09:14:21Z,1136,1565184,23544696,1528.5,130.0
2026-03-23T09:14:22Z,1137,1607084,23586600,1569.4,112.1
2026-03-23T09:14:23Z,1138,1625732,23604776,1587.6,107.7
2026-03-23T09:14:24Z,1139,1644728,23623904,1606.2,105.3
2026-03-23T09:14:25Z,1140,1663556,23642856,1624.6,106.3
2026-03-23T09:14:26Z,1141,1679560,23658904,1640.2,105.4
2026-03-23T09:14:27Z,1142,1698836,23678368,1659.0,106.1
2026-03-23T09:14:28Z,1143,1776660,23755936,1735.0,127.1
2026-03-23T09:14:30Z,1144,1873676,23852960,1829.8,129.1
2026-03-23T09:14:31Z,1145,1894948,23873704,1850.5,106.1
2026-03-23T09:14:32Z,1146,1912124,23891544,1867.3,105.1
2026-03-23T09:14:33Z,1147,1930096,23908960,1884.9,105.3
2026-03-23T09:14:34Z,1148,1949396,23928592,1903.7,106.5
2026-03-23T09:14:35Z,1149,1968032,23947032,1921.9,106.2
2026-03-23T09:14:36Z,1150,1985920,23964872,1939.4,106.2
2026-03-23T09:14:37Z,1151,2003264,23981776,1956.3,105.2
2026-03-23T09:14:38Z,1152,2081424,24060368,2032.6,125.1
2026-03-23T09:14:39Z,1153,2150352,24129064,2100.0,121.1
2026-03-23T09:14:40Z,1154,2169892,24148896,2119.0,106.6
2026-03-23T09:14:41Z,1155,2190332,24169184,2139.0,105.6
2026-03-23T09:14:42Z,1156,2206096,24184976,2154.4,106.4
2026-03-23T09:14:43Z,1157,2267840,24246504,2214.7,121.3
2026-03-23T09:14:45Z,1158,2318264,24297104,2263.9,114.3
2026-03-23T09:14:46Z,1159,2360868,24339696,2305.5,112.5
2026-03-23T09:14:47Z,1160,2421672,24400456,2364.9,119.4
2026-03-23T09:14:48Z,1161,2471812,24450800,2413.9,114.6
2026-03-23T09:14:49Z,1162,2514056,24492880,2455.1,114.1
2026-03-23T09:14:50Z,1163,2571388,24550568,2511.1,116.4
2026-03-23T09:14:51Z,1164,928300,22907312,906.5,181.4
2026-03-23T09:14:52Z,1165,931036,22910048,909.2,112.7
2026-03-23T09:14:53Z,1166,932404,22911416,910.6,115.8
2026-03-23T09:14:54Z,1167,934364,22913376,912.5,115.6
2026-03-23T09:14:55Z,1168,936616,22915520,914.7,113.8
2026-03-23T09:14:56Z,1169,937984,22916888,916.0,117.7
2026-03-23T09:14:57Z,1170,940720,22919624,918.7,110.0
2026-03-23T09:14:58Z,1171,942192,22920992,920.1,118.4
2026-03-23T09:15:00Z,1172,988544,22967504,965.4,114.6
2026-03-23T09:15:01Z,1173,1042836,23022120,1018.4,116.7
2026-03-23T09:15:02Z,1174,1101840,23080656,1076.0,115.8
2026-03-23T09:15:03Z,1175,1147196,23126576,1120.3,114.6
2026-03-23T09:15:04Z,1176,1214016,23192712,1185.6,120.2
2026-03-23T09:15:05Z,1177,1278604,23257568,1248.6,121.5
2026-03-23T09:15:06Z,1178,1312940,23292048,1282.2,113.0
2026-03-23T09:15:07Z,1179,1370576,23349560,1338.5,116.5
2026-03-23T09:15:08Z,1180,1413520,23392408,1380.4,112.6
2026-03-23T09:15:09Z,1181,1480668,23459312,1446.0,121.0
2026-03-23T09:15:10Z,1182,1525072,23504032,1489.3,112.9
2026-03-23T09:15:11Z,1183,1576232,23555064,1539.3,115.6
2026-03-23T09:15:12Z,1184,1638448,23617616,1600.0,117.4
2026-03-23T09:15:13Z,1185,875420,22854320,854.9,167.7
2026-03-23T09:15:15Z,1186,876788,22855688,856.2,106.3
2026-03-23T09:15:16Z,1187,879524,22858424,858.9,114.9
2026-03-23T09:15:17Z,1188,882872,22861752,862.2,105.2
2026-03-23T09:15:18Z,1189,885060,22863896,864.3,115.4
2026-03-23T09:15:19Z,1190,885060,22863896,864.3,126.9
2026-03-23T09:15:20Z,1191,889164,22868000,868.3,105.5
2026-03-23T09:15:21Z,1192,893268,22872104,872.3,105.3
2026-03-23T09:15:22Z,1193,896004,22874840,875.0,105.3
2026-03-23T09:15:23Z,1194,900108,22878944,879.0,103.5
2026-03-23T09:15:24Z,1195,903044,22881880,881.9,106.2
2026-03-23T09:15:25Z,1196,906952,22885784,885.7,104.6
2026-03-23T09:15:26Z,1197,911056,22889888,889.7,105.3
2026-03-23T09:15:27Z,1198,920980,22900392,899.4,106.1
2026-03-23T09:15:28Z,1199,939032,22917720,917.0,107.2
2026-03-23T09:15:30Z,1200,957028,22935904,934.6,106.2
2026-03-23T09:15:31Z,1201,1008160,22987448,984.5,120.3
2026-03-23T09:15:32Z,1202,1102400,23081656,1076.6,131.7
2026-03-23T09:15:33Z,1203,1122800,23101632,1096.5,107.1
2026-03-23T09:15:34Z,1204,1140748,23119672,1114.0,106.3
2026-03-23T09:15:35Z,1205,1180988,23160096,1153.3,114.8
2026-03-23T09:15:36Z,1206,1279180,23258144,1249.2,134.2
2026-03-23T09:15:37Z,1207,1336024,23315144,1304.7,116.6
2026-03-23T09:15:38Z,1208,1355128,23333760,1323.4,106.1
2026-03-23T09:15:39Z,1209,1373304,23351944,1341.1,105.3
2026-03-23T09:15:40Z,1210,1390520,23369216,1357.9,105.6
2026-03-23T09:15:41Z,1211,1409868,23388736,1376.8,106.1
2026-03-23T09:15:42Z,1212,1428216,23407424,1394.7,106.2
2026-03-23T09:15:44Z,1213,1445624,23424760,1411.7,104.5
2026-03-23T09:15:45Z,1214,1463844,23442944,1429.5,104.7
2026-03-23T09:15:46Z,1215,1481320,23460096,1446.6,105.2
2026-03-23T09:15:47Z,1216,1499148,23478712,1464.0,104.3
2026-03-23T09:15:48Z,1217,1103952,23083096,1078.1,188.8
2026-03-23T09:15:49Z,1218,1106688,23085832,1080.8,118.7
2026-03-23T09:15:50Z,1219,1109424,23088568,1083.4,109.9
2026-03-23T09:15:51Z,1220,1110792,23089936,1084.8,118.8
2026-03-23T09:15:52Z,1221,1112160,23091304,1086.1,123.2
2026-03-23T09:15:53Z,1222,1115488,23094632,1089.3,107.1
2026-03-23T09:15:54Z,1223,1119000,23098144,1092.8,105.3
2026-03-23T09:15:55Z,1224,1120368,23099512,1094.1,116.2
2026-03-23T09:15:56Z,1225,1120956,23099512,1094.7,124.8
2026-03-23T09:15:57Z,1226,1147336,23125880,1120.4,107.4
2026-03-23T09:15:59Z,1227,1164764,23143416,1137.5,106.4
2026-03-23T09:16:00Z,1228,1184348,23163192,1156.6,106.3
2026-03-23T09:16:01Z,1229,1202520,23181368,1174.3,107.2
2026-03-23T09:16:02Z,1230,1220072,23198704,1191.5,106.0
2026-03-23T09:16:03Z,1231,1239180,23218168,1210.1,106.1
2026-03-23T09:16:04Z,1232,1256864,23235752,1227.4,106.3
2026-03-23T09:16:05Z,1233,1276520,23255216,1246.6,106.8
2026-03-23T09:16:06Z,1234,1325204,23304200,1294.1,116.9
2026-03-23T09:16:07Z,1235,1385220,23364272,1352.8,118.4
2026-03-23T09:16:08Z,1236,1404156,23383144,1371.2,105.6
2026-03-23T09:16:09Z,1237,1422272,23401064,1388.9,105.4
2026-03-23T09:16:10Z,1238,1439508,23418144,1405.8,105.5
2026-03-23T09:16:11Z,1239,1501480,23480696,1466.3,119.4
2026-03-23T09:16:12Z,1240,1555576,23534368,1519.1,116.9
2026-03-23T09:16:14Z,1241,1572816,23551392,1536.0,106.2
2026-03-23T09:16:15Z,1242,1591576,23570144,1554.3,105.4
2026-03-23T09:16:16Z,1243,1609312,23588184,1571.6,107.1
2026-03-23T09:16:17Z,1244,1648660,23627584,1610.0,113.7
2026-03-23T09:16:18Z,1245,1744496,23723584,1703.6,129.6
2026-03-23T09:16:19Z,1246,1807260,23786080,1764.9,117.5
2026-03-23T09:16:20Z,1247,1825752,23804576,1783.0,105.5
2026-03-23T09:16:21Z,1248,1842940,23821904,1799.7,107.2
2026-03-23T09:16:22Z,1249,1861352,23840088,1817.7,105.4
2026-03-23T09:16:23Z,1250,1878720,23857872,1834.7,107.3
2026-03-23T09:16:24Z,1251,1898292,23877136,1853.8,105.2
2026-03-23T09:16:25Z,1252,1916248,23895056,1871.3,105.8
2026-03-23T09:16:26Z,1253,1933588,23912392,1888.3,105.2
2026-03-23T09:16:27Z,1254,2021364,24000456,1974.0,127.9
2026-03-23T09:16:29Z,1255,2093852,24072480,2044.8,120.3
2026-03-23T09:16:30Z,1256,2111188,24089896,2061.7,105.3
2026-03-23T09:16:31Z,1257,2129244,24108248,2079.3,105.6
2026-03-23T09:16:32Z,1258,2150004,24128848,2099.6,107.3
2026-03-23T09:16:33Z,1259,2189116,24168248,2137.8,112.3
2026-03-23T09:16:34Z,1260,2281764,24260664,2228.3,128.8
2026-03-23T09:16:35Z,1261,1238332,23217584,1209.3,205.6
2026-03-23T09:16:36Z,1262,1241268,23220520,1212.2,109.0
2026-03-23T09:16:37Z,1263,1245172,23224424,1216.0,106.4
2026-03-23T09:16:38Z,1264,1248500,23227752,1219.2,108.9
2026-03-23T09:16:39Z,1265,1252012,23231264,1222.7,107.0
2026-03-23T09:16:40Z,1266,1255340,23234592,1225.9,108.1
2026-03-23T09:16:41Z,1267,1257484,23236736,1228.0,114.8
2026-03-23T09:16:43Z,1268,1257484,23236736,1228.0,125.1
2026-03-23T09:16:44Z,1269,1259444,23238696,1229.9,119.1
2026-03-23T09:16:45Z,1270,1262956,23242208,1233.4,105.5
2026-03-23T09:16:46Z,1271,1267060,23246312,1237.4,107.3
2026-03-23T09:16:47Z,1272,1269996,23249248,1240.2,104.3
2026-03-23T09:16:48Z,1273,1273900,23253152,1244.0,106.4
2026-03-23T09:16:49Z,1274,1277228,23256480,1247.3,106.4
2026-03-23T09:16:50Z,1275,1280740,23259992,1250.7,105.3
2026-03-23T09:16:51Z,1276,1283724,23262728,1253.6,110.8
2026-03-23T09:16:52Z,1277,1361924,23340808,1330.0,133.2
2026-03-23T09:16:53Z,1278,1411148,23389624,1378.1,116.6
2026-03-23T09:16:54Z,1279,1430156,23409256,1396.6,106.4
2026-03-23T09:16:55Z,1280,1450248,23428976,1416.3,106.1
2026-03-23T09:16:56Z,1281,1467740,23446816,1433.3,107.3
2026-03-23T09:16:58Z,1282,1532832,23511928,1496.9,122.8
2026-03-23T09:16:59Z,1283,1627544,23606904,1589.4,132.2
2026-03-23T09:17:00Z,1284,1646028,23624576,1607.4,105.4
2026-03-23T09:17:01Z,1285,1662236,23641392,1623.3,107.2
2026-03-23T09:17:02Z,1286,1681000,23659576,1641.6,104.2
2026-03-23T09:17:03Z,1287,1699248,23678008,1659.4,105.4
2026-03-23T09:17:04Z,1288,1718132,23696880,1677.9,106.2
2026-03-23T09:17:05Z,1289,1736576,23715312,1695.9,106.0
2026-03-23T09:17:06Z,1290,1773780,23753040,1732.2,113.7
2026-03-23T09:17:07Z,1291,1870444,23849552,1826.6,130.2
2026-03-23T09:17:08Z,1292,1931392,23910256,1886.1,117.6
2026-03-23T09:17:09Z,1293,1949032,23927472,1903.4,104.4
2026-03-23T09:17:10Z,1294,1966780,23945392,1920.7,106.3
2026-03-23T09:17:11Z,1295,1985108,23963752,1938.6,105.5
2026-03-23T09:17:13Z,1296,2002884,23982304,1955.9,106.4
2026-03-23T09:17:14Z,1297,2021672,24000288,1974.3,106.5
2026-03-23T09:17:15Z,1298,2038132,24016672,1990.4,106.0
2026-03-23T09:17:16Z,1299,2074440,24053888,2025.8,113.3
2026-03-23T09:17:17Z,1300,2165664,24144512,2114.9,129.6
2026-03-23T09:17:18Z,1301,2212760,24191280,2160.9,116.8
2026-03-23T09:17:19Z,1302,2227856,24207072,2175.6,105.3
2026-03-23T09:17:20Z,1303,2248544,24227672,2195.8,108.0
2026-03-23T09:17:21Z,1304,2266164,24245144,2213.1,105.2
2026-03-23T09:17:22Z,1305,2283872,24262296,2230.3,106.2
2026-03-23T09:17:23Z,1306,2320960,24300024,2266.6,113.2
2026-03-23T09:17:24Z,1307,2414508,24393720,2357.9,126.3
2026-03-23T09:17:25Z,1308,2455548,24434088,2398.0,111.1
2026-03-23T09:17:26Z,1309,2472356,24451616,2414.4,106.3
2026-03-23T09:17:28Z,1310,2489576,24468320,2431.2,105.6
2026-03-23T09:17:29Z,1311,2506196,24485648,2447.5,106.4
2026-03-23T09:17:30Z,1312,2523936,24502800,2464.8,105.5
2026-03-23T09:17:31Z,1313,2541392,24520392,2481.8,106.2
2026-03-23T09:17:32Z,1314,2557424,24536008,2497.5,105.5
2026-03-23T09:17:33Z,1315,1610564,23589720,1572.8,179.5
2026-03-23T09:17:34Z,1316,911004,22890160,889.7,128.7
2026-03-23T09:17:35Z,1317,915108,22894264,893.7,107.9
2026-03-23T09:17:36Z,1318,918044,22897200,896.5,108.0
2026-03-23T09:17:37Z,1319,921964,22901104,900.4,107.3
