# run_id: sidecar_blocks_header_20260323_064545_661461 | service: sidecar | endpoint: blocks_header | process: node (PID 160509)
timestamp,elapsed_s,rss_kb,vsz_kb,rss_mb,cpu_pct
2026-03-23T06:45:46Z,0,124404,22123256,121.5,0.0
2026-03-23T06:45:47Z,1,124404,22123256,121.5,0.0
2026-03-23T06:45:48Z,2,124404,22123256,121.5,0.0
2026-03-23T06:45:49Z,3,124404,22123256,121.5,0.0
2026-03-23T06:45:50Z,4,124404,22123256,121.5,0.0
2026-03-23T06:45:51Z,5,124404,22123256,121.5,0.0
2026-03-23T06:45:52Z,6,124404,22123256,121.5,0.0
2026-03-23T06:45:53Z,7,124404,22123256,121.5,0.0
2026-03-23T06:45:54Z,8,124404,22123256,121.5,0.0
2026-03-23T06:45:55Z,9,124404,22123256,121.5,0.0
2026-03-23T06:45:56Z,10,124404,22123256,121.5,0.0
2026-03-23T06:45:57Z,11,124404,22123256,121.5,0.0
2026-03-23T06:45:59Z,12,124404,22123256,121.5,0.0
2026-03-23T06:46:00Z,13,124404,22123256,121.5,0.0
2026-03-23T06:46:01Z,14,124404,22123256,121.5,0.0
2026-03-23T06:46:02Z,15,124404,22123256,121.5,0.0
2026-03-23T06:46:03Z,16,124404,22123256,121.5,0.0
2026-03-23T06:46:04Z,17,124404,22123256,121.5,0.0
2026-03-23T06:46:05Z,18,124404,22123256,121.5,0.0
2026-03-23T06:46:06Z,19,124404,22123256,121.5,0.0
2026-03-23T06:46:07Z,20,124404,22123256,121.5,0.0
2026-03-23T06:46:08Z,21,124404,22123256,121.5,0.0
2026-03-23T06:46:09Z,22,124404,22123256,121.5,0.0
2026-03-23T06:46:10Z,23,124404,22123256,121.5,0.0
2026-03-23T06:46:11Z,24,124404,22123256,121.5,0.0
2026-03-23T06:46:13Z,25,124404,22123256,121.5,0.0
2026-03-23T06:46:14Z,26,124404,22123256,121.5,0.0
2026-03-23T06:46:15Z,27,124404,22123256,121.5,0.0
2026-03-23T06:46:16Z,28,124404,22123256,121.5,0.0
2026-03-23T06:46:17Z,29,124404,22123256,121.5,0.0
2026-03-23T06:46:18Z,30,124404,22123256,121.5,0.0
2026-03-23T06:46:19Z,31,124404,22123256,121.5,0.0
2026-03-23T06:46:20Z,32,124404,22123256,121.5,0.0
2026-03-23T06:46:21Z,33,124404,22123256,121.5,0.0
2026-03-23T06:46:22Z,34,124404,22123256,121.5,0.0
2026-03-23T06:46:23Z,35,124404,22123256,121.5,0.0
2026-03-23T06:46:24Z,36,124404,22123256,121.5,0.0
2026-03-23T06:46:25Z,37,124404,22123256,121.5,0.0
2026-03-23T06:46:26Z,38,124404,22123256,121.5,0.0
2026-03-23T06:46:28Z,39,124404,22123256,121.5,0.0
2026-03-23T06:46:29Z,40,124404,22123256,121.5,0.0
2026-03-23T06:46:30Z,41,124404,22123256,121.5,0.0
2026-03-23T06:46:31Z,42,124404,22123256,121.5,0.0
2026-03-23T06:46:32Z,43,124404,22123256,121.5,0.0
2026-03-23T06:46:33Z,44,124404,22123256,121.5,0.0
2026-03-23T06:46:34Z,45,124404,22123256,121.5,0.9
2026-03-23T06:46:35Z,46,124404,22123256,121.5,0.0
2026-03-23T06:46:36Z,47,124404,22123256,121.5,0.0
2026-03-23T06:46:37Z,48,124404,22123256,121.5,0.0
2026-03-23T06:46:38Z,49,124404,22123256,121.5,0.0
2026-03-23T06:46:39Z,50,124404,22123256,121.5,0.0
2026-03-23T06:46:40Z,51,124404,22123256,121.5,0.0
2026-03-23T06:46:42Z,52,124404,22123256,121.5,0.0
2026-03-23T06:46:43Z,53,124404,22123256,121.5,0.0
2026-03-23T06:46:44Z,54,124404,22123256,121.5,0.0
2026-03-23T06:46:45Z,55,124404,22123256,121.5,0.0
2026-03-23T06:46:46Z,56,201068,22196516,196.4,150.3
2026-03-23T06:46:47Z,57,335020,22331172,327.2,168.6
2026-03-23T06:46:48Z,58,398632,22392600,389.3,208.2
2026-03-23T06:46:49Z,59,442088,22435608,431.7,134.0
2026-03-23T06:46:50Z,60,501108,22494232,489.4,109.3
2026-03-23T06:46:51Z,61,562040,22555928,548.9,108.5
2026-03-23T06:46:52Z,62,620656,22614040,606.1,103.6
2026-03-23T06:46:53Z,63,685076,22678296,669.0,111.4
2026-03-23T06:46:54Z,64,745440,22738456,728.0,107.4
2026-03-23T06:46:55Z,65,805064,22798872,786.2,101.3
2026-03-23T06:46:56Z,66,868276,22861336,847.9,111.6
2026-03-23T06:46:58Z,67,931848,22925592,910.0,108.7
2026-03-23T06:46:59Z,68,988212,22981144,965.1,100.1
2026-03-23T06:47:00Z,69,1042088,23035160,1017.7,92.6
2026-03-23T06:47:01Z,70,1098324,23091736,1072.6,95.4
2026-03-23T06:47:02Z,71,525952,22519064,513.6,145.9
2026-03-23T06:47:03Z,72,526140,22519064,513.8,101.0
2026-03-23T06:47:04Z,73,543300,22536472,530.6,100.0
2026-03-23T06:47:05Z,74,603004,22596632,588.9,101.7
2026-03-23T06:47:06Z,75,663184,22656536,647.6,103.7
2026-03-23T06:47:07Z,76,725172,22718744,708.2,104.6
2026-03-23T06:47:08Z,77,785952,22779416,767.5,105.3
2026-03-23T06:47:09Z,78,849764,22843160,829.8,108.4
2026-03-23T06:47:10Z,79,908512,22902040,887.2,101.7
2026-03-23T06:47:11Z,80,972080,22965016,949.3,109.7
2026-03-23T06:47:13Z,81,1034124,23027736,1009.9,106.7
2026-03-23T06:47:14Z,82,1090528,23084056,1065.0,96.7
2026-03-23T06:47:15Z,83,527900,22520600,515.5,148.8
2026-03-23T06:47:16Z,84,527928,22520600,515.6,103.7
2026-03-23T06:47:17Z,85,527928,22520600,515.6,105.9
2026-03-23T06:47:18Z,86,588008,22580760,574.2,111.4
2026-03-23T06:47:19Z,87,654148,22647320,638.8,111.2
2026-03-23T06:47:20Z,88,718100,22710808,701.3,111.2
2026-03-23T06:47:21Z,89,779324,22772248,761.1,102.0
2026-03-23T06:47:22Z,90,837100,22829848,817.5,98.2
2026-03-23T06:47:23Z,91,899084,22892056,878.0,106.7
2026-03-23T06:47:24Z,92,959040,22952216,936.6,100.6
2026-03-23T06:47:25Z,93,1021348,23014424,997.4,107.5
2026-03-23T06:47:26Z,94,1078048,23071000,1052.8,98.9
2026-03-23T06:47:28Z,95,543588,22536472,530.8,152.2
2026-03-23T06:47:29Z,96,543968,22536472,531.2,95.8
2026-03-23T06:47:30Z,97,543968,22536472,531.2,104.6
2026-03-23T06:47:31Z,98,578976,22571800,565.4,105.9
2026-03-23T06:47:32Z,99,640560,22633240,625.5,104.3
2026-03-23T06:47:33Z,100,704196,22697240,687.7,108.7
2026-03-23T06:47:34Z,101,766176,22759448,748.2,104.7
2026-03-23T06:47:35Z,102,820956,22813720,801.7,94.5
2026-03-23T06:47:36Z,103,875268,22867992,854.8,94.5
2026-03-23T06:47:37Z,104,935616,22928664,913.7,101.0
2026-03-23T06:47:38Z,105,996048,22988824,972.7,105.7
2026-03-23T06:47:39Z,106,1049864,23042840,1025.3,91.6
2026-03-23T06:47:40Z,107,1110008,23103000,1084.0,103.9
2026-03-23T06:47:41Z,108,534720,22527768,522.2,138.3
2026-03-23T06:47:42Z,109,534860,22527768,522.3,94.4
2026-03-23T06:47:44Z,110,535108,22527768,522.6,95.4
2026-03-23T06:47:45Z,111,591932,22585112,578.1,105.9
2026-03-23T06:47:46Z,112,651544,22644760,636.3,100.1
2026-03-23T06:47:47Z,113,709148,22702360,692.5,98.5
2026-03-23T06:47:48Z,114,770996,22763800,752.9,106.6
2026-03-23T06:47:49Z,115,833232,22826264,813.7,103.6
2026-03-23T06:47:50Z,116,891332,22884632,870.4,97.3
2026-03-23T06:47:51Z,117,945184,22937880,923.0,92.1
2026-03-23T06:47:52Z,118,1004036,22997016,980.5,97.3
2026-03-23T06:47:53Z,119,1057720,23051032,1032.9,90.6
2026-03-23T06:47:54Z,120,1112456,23105560,1086.4,94.3
2026-03-23T06:47:55Z,121,533356,22526232,520.9,150.2
2026-03-23T06:47:56Z,122,533356,22526232,520.9,90.5
2026-03-23T06:47:57Z,123,543456,22535960,530.7,92.5
2026-03-23T06:47:59Z,124,608416,22601496,594.2,110.5
2026-03-23T06:48:00Z,125,670444,22663192,654.7,105.6
2026-03-23T06:48:01Z,126,732132,22725400,715.0,100.1
2026-03-23T06:48:02Z,127,790068,22783256,771.6,99.3
2026-03-23T06:48:03Z,128,848932,22841624,829.0,101.4
2026-03-23T06:48:04Z,129,911092,22904088,889.7,107.1
2026-03-23T06:48:05Z,130,970860,22963736,948.1,102.9
2026-03-23T06:48:06Z,131,1022316,23015192,998.4,89.8
2026-03-23T06:48:07Z,132,1080528,23073816,1055.2,98.2
2026-03-23T06:48:08Z,133,539668,22532632,527.0,138.6
2026-03-23T06:48:09Z,134,539736,22532632,527.1,107.1
2026-03-23T06:48:10Z,135,539736,22532632,527.1,86.1
2026-03-23T06:48:11Z,136,564212,22557464,551.0,93.4
2026-03-23T06:48:12Z,137,621844,22614808,607.3,97.1
2026-03-23T06:48:13Z,138,686656,22680088,670.6,111.7
2026-03-23T06:48:15Z,139,742296,22735640,724.9,94.5
2026-03-23T06:48:16Z,140,799704,22792728,781.0,98.3
2026-03-23T06:48:17Z,141,856272,22849560,836.2,98.3
2026-03-23T06:48:18Z,142,917620,22910488,896.1,108.3
2026-03-23T06:48:19Z,143,974032,22967320,951.2,97.4
2026-03-23T06:48:20Z,144,1032708,23025944,1008.5,98.8
2026-03-23T06:48:21Z,145,1092520,23085336,1066.9,105.6
2026-03-23T06:48:22Z,146,543856,22536472,531.1,155.0
2026-03-23T06:48:23Z,147,543856,22536472,531.1,78.4
2026-03-23T06:48:24Z,148,543856,22536472,531.1,95.0
2026-03-23T06:48:25Z,149,578756,22571800,565.2,99.7
2026-03-23T06:48:26Z,150,630680,22623512,615.9,91.5
2026-03-23T06:48:27Z,151,690916,22683928,674.7,102.8
2026-03-23T06:48:28Z,152,745116,22737944,727.7,91.1
2026-03-23T06:48:30Z,153,805208,22797848,786.3,103.7
2026-03-23T06:48:31Z,154,866728,22859800,846.4,105.8
2026-03-23T06:48:32Z,155,921264,22914072,899.7,96.7
2026-03-23T06:48:33Z,156,984992,22978328,961.9,108.6
2026-03-23T06:48:34Z,157,1045136,23037720,1020.6,104.0
2026-03-23T06:48:35Z,158,1103432,23097104,1077.6,101.2
2026-03-23T06:48:36Z,159,543940,22536472,531.2,146.0
2026-03-23T06:48:37Z,160,543940,22536472,531.2,98.1
2026-03-23T06:48:38Z,161,543968,22536472,531.2,98.8
2026-03-23T06:48:39Z,162,594580,22587416,580.6,107.0
2026-03-23T06:48:40Z,163,661048,22654232,645.6,110.3
2026-03-23T06:48:41Z,164,719364,22712600,702.5,100.8
2026-03-23T06:48:42Z,165,781528,22774552,763.2,105.5
2026-03-23T06:48:43Z,166,842216,22834968,822.5,106.4
2026-03-23T06:48:44Z,167,906688,22899480,885.4,109.5
2026-03-23T06:48:46Z,168,946756,22939672,924.6,66.2
2026-03-23T06:48:47Z,169,946756,22939672,924.6,0.9
2026-03-23T06:48:48Z,170,958996,22952472,936.5,32.7
2026-03-23T06:48:49Z,171,1009232,23002136,985.6,95.1
2026-03-23T06:48:50Z,172,1065180,23058200,1040.2,99.8
2026-03-23T06:48:51Z,173,1123120,23116568,1096.8,100.7
2026-03-23T06:48:52Z,174,558764,22552088,545.7,137.5
2026-03-23T06:48:53Z,175,558972,22552088,545.9,94.6
2026-03-23T06:48:54Z,176,558972,22552088,545.9,91.7
2026-03-23T06:48:55Z,177,596340,22589976,582.4,98.2
2026-03-23T06:48:56Z,178,655576,22648600,640.2,102.2
2026-03-23T06:48:57Z,179,715744,22709016,699.0,102.9
2026-03-23T06:48:58Z,180,778580,22771992,760.3,106.5
2026-03-23T06:48:59Z,181,839836,22833176,820.2,106.2
2026-03-23T06:49:01Z,182,900052,22893336,879.0,104.0
2026-03-23T06:49:02Z,183,954212,22947608,931.8,92.8
2026-03-23T06:49:03Z,184,1015988,23009304,992.2,105.6
2026-03-23T06:49:04Z,185,1076408,23069720,1051.2,105.1
2026-03-23T06:49:05Z,186,573684,22566680,560.2,149.0
2026-03-23T06:49:06Z,187,573816,22566680,560.4,86.9
2026-03-23T06:49:07Z,188,573816,22566680,560.4,99.2
2026-03-23T06:49:08Z,189,573816,22566680,560.4,97.3
2026-03-23T06:49:09Z,190,627460,22620952,612.8,102.7
2026-03-23T06:49:10Z,191,691988,22684952,675.8,110.2
2026-03-23T06:49:11Z,192,754764,22747672,737.1,108.7
2026-03-23T06:49:12Z,193,817044,22810648,797.9,104.0
2026-03-23T06:49:13Z,194,877404,22870552,856.8,103.6
2026-03-23T06:49:14Z,195,938288,22931480,916.3,102.2
2026-03-23T06:49:15Z,196,998788,22992152,975.4,102.9
2026-03-23T06:49:17Z,197,1058780,23052056,1034.0,105.8
2026-03-23T06:49:18Z,198,1119048,23112216,1092.8,131.0
2026-03-23T06:49:19Z,199,572996,22566168,559.6,132.7
2026-03-23T06:49:20Z,200,572996,22566168,559.6,108.4
2026-03-23T06:49:21Z,201,573352,22566168,559.9,105.6
2026-03-23T06:49:22Z,202,634848,22627864,620.0,105.5
2026-03-23T06:49:23Z,203,689104,22682136,673.0,94.4
2026-03-23T06:49:24Z,204,748776,22742296,731.2,100.1
2026-03-23T06:49:25Z,205,809244,22802712,790.3,102.2
2026-03-23T06:49:26Z,206,871524,22864920,851.1,107.6
2026-03-23T06:49:27Z,207,934672,22927896,912.8,107.7
2026-03-23T06:49:28Z,208,997072,22990360,973.7,108.5
2026-03-23T06:49:29Z,209,1059596,23052824,1034.8,109.4
2026-03-23T06:49:30Z,210,1121572,23114776,1095.3,105.9
2026-03-23T06:49:32Z,211,576296,22569240,562.8,151.0
2026-03-23T06:49:33Z,212,576296,22569240,562.8,108.0
2026-03-23T06:49:34Z,213,576296,22569240,562.8,103.9
2026-03-23T06:49:35Z,214,624140,22617624,609.5,105.9
2026-03-23T06:49:36Z,215,683152,22676504,667.1,100.9
2026-03-23T06:49:37Z,216,745996,22739480,728.5,108.0
2026-03-23T06:49:38Z,217,804544,22797336,785.7,101.8
2026-03-23T06:49:39Z,218,870268,22863640,849.9,109.2
2026-03-23T06:49:40Z,219,928680,22921752,906.9,104.6
2026-03-23T06:49:41Z,220,991628,22984472,968.4,108.2
2026-03-23T06:49:42Z,221,1054516,23047960,1029.8,102.8
2026-03-23T06:49:43Z,222,1104004,23097112,1078.1,87.7
2026-03-23T06:49:44Z,223,560104,22553624,547.0,145.9
2026-03-23T06:49:45Z,224,560388,22553624,547.3,107.5
2026-03-23T06:49:47Z,225,560388,22553624,547.3,94.5
2026-03-23T06:49:48Z,226,589960,22582808,576.1,103.6
2026-03-23T06:49:49Z,227,652284,22645528,637.0,105.9
2026-03-23T06:49:50Z,228,714576,22707736,697.8,106.0
2026-03-23T06:49:51Z,229,775440,22768152,757.3,103.7
2026-03-23T06:49:52Z,230,835120,22828056,815.5,102.0
2026-03-23T06:49:53Z,231,899932,22893080,878.8,110.5
2026-03-23T06:49:54Z,232,965080,22957848,942.5,111.2
2026-03-23T06:49:55Z,233,1024704,23018264,1000.7,102.0
2026-03-23T06:49:56Z,234,1086516,23079448,1061.1,107.5
2026-03-23T06:49:57Z,235,578736,22572056,565.2,153.1
2026-03-23T06:49:58Z,236,578816,22572056,565.2,106.8
2026-03-23T06:49:59Z,237,578816,22572056,565.2,107.7
2026-03-23T06:50:00Z,238,601196,22594328,587.1,109.5
2026-03-23T06:50:01Z,239,652960,22646296,637.7,86.2
2026-03-23T06:50:03Z,240,711988,22704920,695.3,103.0
2026-03-23T06:50:04Z,241,771152,22764312,753.1,101.0
2026-03-23T06:50:05Z,242,830264,22823192,810.8,101.1
2026-03-23T06:50:06Z,243,890056,22882840,869.2,101.1
2026-03-23T06:50:07Z,244,946064,22939160,923.9,97.2
2026-03-23T06:50:08Z,245,1008612,23001368,985.0,107.8
2026-03-23T06:50:09Z,246,1070576,23063832,1045.5,104.8
2026-03-23T06:50:10Z,247,1130484,23124248,1104.0,141.0
2026-03-23T06:50:11Z,248,584296,22577432,570.6,110.9
2026-03-23T06:50:12Z,249,584296,22577432,570.6,103.5
2026-03-23T06:50:13Z,250,584296,22577432,570.6,109.2
2026-03-23T06:50:14Z,251,638228,22631448,623.3,108.5
2026-03-23T06:50:15Z,252,699716,22692632,683.3,106.7
2026-03-23T06:50:16Z,253,758168,22751256,740.4,99.4
2026-03-23T06:50:18Z,254,821784,22815256,802.5,108.7
2026-03-23T06:50:19Z,255,882220,22875416,861.5,105.7
2026-03-23T06:50:20Z,256,938080,22930968,916.1,95.4
2026-03-23T06:50:21Z,257,989568,22982936,966.4,88.2
2026-03-23T06:50:22Z,258,1043880,23036952,1019.4,97.1
2026-03-23T06:50:23Z,259,1106060,23099672,1080.1,107.6
2026-03-23T06:50:24Z,260,575364,22568216,561.9,146.1
2026-03-23T06:50:25Z,261,575364,22568216,561.9,96.2
2026-03-23T06:50:26Z,262,575364,22568216,561.9,88.8
2026-03-23T06:50:27Z,263,594996,22588440,581.1,101.8
2026-03-23T06:50:28Z,264,658848,22652440,643.4,107.5
2026-03-23T06:50:29Z,265,722132,22715416,705.2,107.5
2026-03-23T06:50:30Z,266,782272,22775832,763.9,102.0
2026-03-23T06:50:31Z,267,836432,22829336,816.8,94.6
2026-03-23T06:50:32Z,268,898872,22892312,877.8,105.8
2026-03-23T06:50:34Z,269,959260,22952472,936.8,107.6
2026-03-23T06:50:35Z,270,1021508,23015192,997.6,107.8
2026-03-23T06:50:36Z,271,1083712,23077400,1058.3,105.8
2026-03-23T06:50:37Z,272,1136792,23130392,1110.1,134.6
2026-03-23T06:50:38Z,273,566392,22559768,553.1,112.5
2026-03-23T06:50:39Z,274,566652,22559768,553.4,88.9
2026-03-23T06:50:40Z,275,566652,22559768,553.4,98.2
2026-03-23T06:50:41Z,276,616796,22610200,602.3,99.0
2026-03-23T06:50:42Z,277,672796,22666008,657.0,96.2
2026-03-23T06:50:43Z,278,734900,22727704,717.7,104.9
2026-03-23T06:50:44Z,279,795980,22788888,777.3,104.8
2026-03-23T06:50:45Z,280,859420,22852376,839.3,109.3
2026-03-23T06:50:46Z,281,922476,22915864,900.9,106.4
2026-03-23T06:50:47Z,282,985456,22978584,962.4,109.3
2026-03-23T06:50:49Z,283,988196,22981144,965.0,5.6
2026-03-23T06:50:50Z,284,988208,22981144,965.0,0.9
2026-03-23T06:50:51Z,285,1036624,23029784,1012.3,85.4
2026-03-23T06:50:52Z,286,1088208,23080984,1062.7,89.7
2026-03-23T06:50:53Z,287,572532,22565400,559.1,152.3
2026-03-23T06:50:54Z,288,572532,22565400,559.1,104.6
2026-03-23T06:50:55Z,289,572532,22565400,559.1,108.1
2026-03-23T06:50:56Z,290,593532,22586904,579.6,97.2
2026-03-23T06:50:57Z,291,648992,22642456,633.8,89.7
2026-03-23T06:50:58Z,292,706268,22699288,689.7,97.5
2026-03-23T06:50:59Z,293,772024,22765336,753.9,113.6
2026-03-23T06:51:00Z,294,836200,22829080,816.6,110.3
2026-03-23T06:51:01Z,295,893956,22886680,873.0,97.3
2026-03-23T06:51:02Z,296,956428,22949912,934.0,107.3
2026-03-23T06:51:03Z,297,1017536,23010584,993.7,103.8
2026-03-23T06:51:05Z,298,1073856,23066648,1048.7,98.1
2026-03-23T06:51:06Z,299,587876,22581016,574.1,150.4
2026-03-23T06:51:07Z,300,588068,22581016,574.3,91.5
2026-03-23T06:51:08Z,301,588068,22581016,574.3,99.9
2026-03-23T06:51:09Z,302,588068,22581016,574.3,100.1
2026-03-23T06:51:10Z,303,628988,22622232,614.2,102.8
2026-03-23T06:51:11Z,304,687144,22680088,671.0,97.3
2026-03-23T06:51:12Z,305,742784,22736152,725.4,94.5
2026-03-23T06:51:13Z,306,798904,22791704,780.2,97.2
2026-03-23T06:51:14Z,307,856920,22849816,836.8,99.0
2026-03-23T06:51:15Z,308,919336,22912536,897.8,107.3
2026-03-23T06:51:16Z,309,969436,22962712,946.7,84.2
2026-03-23T06:51:17Z,310,1024352,23017496,1000.3,95.4
2026-03-23T06:51:18Z,311,1086108,23079192,1060.7,106.8
2026-03-23T06:51:20Z,312,583064,22575896,569.4,147.5
2026-03-23T06:51:21Z,313,583064,22575896,569.4,109.3
2026-03-23T06:51:22Z,314,583064,22575896,569.4,106.7
2026-03-23T06:51:23Z,315,595292,22588440,581.3,95.4
2026-03-23T06:51:24Z,316,655820,22649112,640.4,103.8
2026-03-23T06:51:25Z,317,719384,22712600,702.5,109.5
2026-03-23T06:51:26Z,318,782548,22775576,764.2,111.3
2026-03-23T06:51:27Z,319,847088,22840856,827.2,111.5
2026-03-23T06:51:28Z,320,907756,22901016,886.5,106.7
2026-03-23T06:51:29Z,321,969940,22963480,947.2,107.3
2026-03-23T06:51:30Z,322,1027764,23020824,1003.7,100.2
2026-03-23T06:51:31Z,323,1079392,23072280,1054.1,93.0
2026-03-23T06:51:32Z,324,1134564,23127576,1108.0,119.6
2026-03-23T06:51:33Z,325,570392,22563096,557.0,122.6
2026-03-23T06:51:35Z,326,570392,22563096,557.0,95.4
2026-03-23T06:51:36Z,327,570392,22563096,557.0,98.0
2026-03-23T06:51:37Z,328,604932,22597912,590.8,87.9
2026-03-23T06:51:38Z,329,658604,22651672,643.2,91.8
2026-03-23T06:51:39Z,330,716648,22709528,699.9,99.3
2026-03-23T06:51:40Z,331,774264,22767640,756.1,96.4
2026-03-23T06:51:41Z,332,835900,22828824,816.3,107.2
2026-03-23T06:51:42Z,333,886796,22880280,866.0,83.9
2026-03-23T06:51:43Z,334,946492,22939928,924.3,101.8
2026-03-23T06:51:44Z,335,1002484,22995992,979.0,95.2
2026-03-23T06:51:45Z,336,1057484,23050520,1032.7,97.3
2026-03-23T06:51:46Z,337,1115084,23108120,1088.9,98.3
2026-03-23T06:51:47Z,338,575256,22567960,561.8,153.5
2026-03-23T06:51:48Z,339,575256,22567960,561.8,106.6
2026-03-23T06:51:49Z,340,575256,22567960,561.8,107.8
2026-03-23T06:51:51Z,341,619848,22612760,605.3,106.8
2026-03-23T06:51:52Z,342,681952,22675736,666.0,102.1
2026-03-23T06:51:53Z,343,741424,22734360,724.0,102.8
2026-03-23T06:51:54Z,344,791152,22784024,772.6,84.0
2026-03-23T06:51:55Z,345,848476,22841368,828.6,96.5
2026-03-23T06:51:56Z,346,903824,22897432,882.6,92.8
2026-03-23T06:51:57Z,347,962164,22955032,939.6,102.1
2026-03-23T06:51:58Z,348,1021424,23014936,997.5,99.0
2026-03-23T06:51:59Z,349,1080340,23073048,1055.0,103.3
2026-03-23T06:52:00Z,350,586344,22579480,572.6,149.6
2026-03-23T06:52:01Z,351,586344,22579480,572.6,99.1
2026-03-23T06:52:02Z,352,586408,22579480,572.7,95.4
2026-03-23T06:52:03Z,353,586408,22579480,572.7,94.4
2026-03-23T06:52:04Z,354,635100,22628632,620.2,104.7
2026-03-23T06:52:06Z,355,699396,22692632,683.0,111.4
2026-03-23T06:52:07Z,356,756032,22748952,738.3,96.1
2026-03-23T06:52:08Z,357,816332,22809368,797.2,100.9
2026-03-23T06:52:09Z,358,874796,22868504,854.3,97.1
2026-03-23T06:52:10Z,359,930468,22923800,908.7,93.3
2026-03-23T06:52:11Z,360,990584,22983960,967.4,102.0
2026-03-23T06:52:12Z,361,1043928,23036696,1019.5,92.3
2026-03-23T06:52:13Z,362,1103740,23097112,1077.9,101.6
2026-03-23T06:52:14Z,363,580644,22573848,567.0,139.9
2026-03-23T06:52:15Z,364,580664,22573848,567.1,101.9
2026-03-23T06:52:16Z,365,580760,22573848,567.1,81.4
2026-03-23T06:52:17Z,366,580992,22573848,567.4,84.2
2026-03-23T06:52:18Z,367,620496,22614296,606.0,83.4
2026-03-23T06:52:19Z,368,678848,22671896,662.9,101.3
2026-03-23T06:52:20Z,369,741332,22734616,724.0,106.7
2026-03-23T06:52:22Z,370,797320,22790680,778.6,98.1
2026-03-23T06:52:23Z,371,856796,22850328,836.7,100.6
2026-03-23T06:52:24Z,372,914944,22908184,893.5,100.0
2026-03-23T06:52:25Z,373,971292,22964248,948.5,99.0
2026-03-23T06:52:26Z,374,1030840,23023896,1006.7,101.9
2026-03-23T06:52:27Z,375,1082780,23075608,1057.4,90.7
2026-03-23T06:52:28Z,376,587808,22581272,574.0,145.6
2026-03-23T06:52:29Z,377,588172,22581272,574.4,103.2
2026-03-23T06:52:30Z,378,588172,22581272,574.4,94.3
2026-03-23T06:52:31Z,379,588172,22581272,574.4,83.1
2026-03-23T06:52:32Z,380,615668,22608664,601.2,98.0
2026-03-23T06:52:33Z,381,675040,22667800,659.2,100.9
2026-03-23T06:52:34Z,382,733384,22726168,716.2,100.1
2026-03-23T06:52:35Z,383,793136,22786584,774.5,100.0
2026-03-23T06:52:37Z,384,850108,22842904,830.2,100.5
2026-03-23T06:52:38Z,385,910564,22903832,889.2,103.1
2026-03-23T06:52:39Z,386,971432,22965016,948.7,103.1
2026-03-23T06:52:40Z,387,1024116,23016984,1000.1,91.0
2026-03-23T06:52:41Z,388,1078736,23071768,1053.5,93.3
2026-03-23T06:52:42Z,389,580176,22573336,566.6,145.3
2026-03-23T06:52:43Z,390,580176,22573336,566.6,103.0
2026-03-23T06:52:44Z,391,580332,22573336,566.7,103.1
2026-03-23T06:52:45Z,392,580332,22573336,566.7,89.6
2026-03-23T06:52:46Z,393,627568,22620696,612.9,98.3
2026-03-23T06:52:47Z,394,688660,22681624,672.5,103.0
2026-03-23T06:52:48Z,395,748832,22742040,731.3,102.7
2026-03-23T06:52:49Z,396,812192,22805528,793.2,112.5
2026-03-23T06:52:50Z,397,839824,22833432,820.1,44.8
2026-03-23T06:52:51Z,398,839824,22833432,820.1,0.9
2026-03-23T06:52:53Z,399,865872,22859288,845.6,49.5
2026-03-23T06:52:54Z,400,919176,22912024,897.6,92.5
2026-03-23T06:52:55Z,401,977080,22970648,954.2,98.0
2026-03-23T06:52:56Z,402,1040540,23034136,1016.2,108.4
2026-03-23T06:52:57Z,403,1101832,23094808,1076.0,107.0
2026-03-23T06:52:58Z,404,633140,22626328,618.3,145.2
2026-03-23T06:52:59Z,405,633212,22626328,618.4,96.5
2026-03-23T06:53:00Z,406,633212,22626328,618.4,94.4
2026-03-23T06:53:01Z,407,633212,22626328,618.4,88.6
2026-03-23T06:53:02Z,408,640400,22633752,625.4,98.9
2026-03-23T06:53:03Z,409,695236,22688536,678.9,89.7
2026-03-23T06:53:04Z,410,755928,22749208,738.2,105.8
2026-03-23T06:53:05Z,411,815740,22808600,796.6,103.8
2026-03-23T06:53:06Z,412,867828,22861336,847.5,85.9
2026-03-23T06:53:08Z,413,923496,22917144,901.9,92.7
2026-03-23T06:53:09Z,414,982000,22975000,959.0,103.4
2026-03-23T06:53:10Z,415,1044140,23037208,1019.7,107.6
2026-03-23T06:53:11Z,416,1106116,23099416,1080.2,105.5
2026-03-23T06:53:12Z,417,582624,22575640,569.0,143.2
2026-03-23T06:53:13Z,418,582624,22575640,569.0,91.6
2026-03-23T06:53:14Z,419,582744,22575640,569.1,89.0
2026-03-23T06:53:15Z,420,584084,22577432,570.4,96.9
2026-03-23T06:53:16Z,421,642260,22635032,627.2,100.1
2026-03-23T06:53:17Z,422,697608,22690840,681.3,93.4
2026-03-23T06:53:18Z,423,755372,22748696,737.7,100.9
2026-03-23T06:53:19Z,424,817008,22810392,797.9,101.8
2026-03-23T06:53:20Z,425,877324,22870040,856.8,104.8
2026-03-23T06:53:21Z,426,937664,22931224,915.7,100.1
2026-03-23T06:53:23Z,427,993788,22986776,970.5,97.2
2026-03-23T06:53:24Z,428,1050136,23043352,1025.5,96.4
2026-03-23T06:53:25Z,429,1111796,23105048,1085.7,103.7
2026-03-23T06:53:26Z,430,582596,22575384,568.9,150.5
2026-03-23T06:53:27Z,431,582688,22575384,569.0,107.7
2026-03-23T06:53:28Z,432,582688,22575384,569.0,106.9
2026-03-23T06:53:29Z,433,625336,22618392,610.7,112.0
2026-03-23T06:53:30Z,434,690316,22683672,674.1,108.3
2026-03-23T06:53:31Z,435,750440,22743576,732.9,101.1
2026-03-23T06:53:32Z,436,813792,22806808,794.7,107.6
2026-03-23T06:53:33Z,437,869448,22862360,849.1,94.4
2026-03-23T06:53:34Z,438,929776,22923288,908.0,101.8
2026-03-23T06:53:35Z,439,986532,22979608,963.4,97.1
2026-03-23T06:53:36Z,440,1043312,23036184,1018.9,98.7
2026-03-23T06:53:37Z,441,1100064,23092760,1074.3,97.3
2026-03-23T06:53:39Z,442,570752,22563608,557.4,144.1
2026-03-23T06:53:40Z,443,570752,22563608,557.4,109.4
2026-03-23T06:53:41Z,444,570752,22563608,557.4,100.3
2026-03-23T06:53:42Z,445,601688,22595096,587.6,101.5
2026-03-23T06:53:43Z,446,661296,22654744,645.8,101.8
2026-03-23T06:53:44Z,447,722076,22715416,705.2,102.2
2026-03-23T06:53:45Z,448,778584,22771736,760.3,97.3
2026-03-23T06:53:46Z,449,842560,22835736,822.8,110.1
2026-03-23T06:53:47Z,450,898372,22892056,877.3,97.1
2026-03-23T06:53:48Z,451,957212,22950680,934.8,100.8
2026-03-23T06:53:49Z,452,1016412,23009816,992.6,101.0
2026-03-23T06:53:50Z,453,1071972,23064856,1046.8,100.1
2026-03-23T06:53:51Z,454,1134908,23129112,1108.3,146.7
2026-03-23T06:53:52Z,455,592100,22585112,578.2,105.6
2026-03-23T06:53:54Z,456,592100,22585112,578.2,103.6
2026-03-23T06:53:55Z,457,592100,22585112,578.2,108.7
2026-03-23T06:53:56Z,458,632824,22626072,618.0,102.1
2026-03-23T06:53:57Z,459,693352,22686232,677.1,104.8
2026-03-23T06:53:58Z,460,755424,22748696,737.7,106.5
2026-03-23T06:53:59Z,461,815708,22808600,796.6,102.8
2026-03-23T06:54:00Z,462,876464,22869528,855.9,103.8
2026-03-23T06:54:01Z,463,937076,22930456,915.1,102.1
2026-03-23T06:54:02Z,464,997280,22990616,973.9,104.6
2026-03-23T06:54:03Z,465,1056120,23049496,1031.4,103.5
2026-03-23T06:54:04Z,466,1115840,23109144,1089.7,101.7
2026-03-23T06:54:05Z,467,580948,22573848,567.3,146.5
2026-03-23T06:54:06Z,468,580948,22573848,567.3,80.5
2026-03-23T06:54:07Z,469,580948,22573848,567.3,99.1
2026-03-23T06:54:09Z,470,599988,22592792,585.9,104.0
2026-03-23T06:54:10Z,471,659468,22652696,644.0,102.0
2026-03-23T06:54:11Z,472,710004,22703384,693.4,85.2
2026-03-23T06:54:12Z,473,770836,22763800,752.8,107.4
2026-03-23T06:54:13Z,474,826628,22819608,807.3,91.6
2026-03-23T06:54:14Z,475,880828,22873624,860.2,93.3
2026-03-23T06:54:15Z,476,939972,22933272,917.9,98.5
2026-03-23T06:54:16Z,477,1000496,22993432,977.0,105.1
2026-03-23T06:54:17Z,478,1056896,23050008,1032.1,98.2
2026-03-23T06:54:18Z,479,1112956,23106328,1086.9,97.4
2026-03-23T06:54:19Z,480,572860,22565656,559.4,148.7
2026-03-23T06:54:20Z,481,572960,22565656,559.5,105.6
2026-03-23T06:54:21Z,482,572960,22565656,559.5,96.4
2026-03-23T06:54:22Z,483,604688,22597912,590.5,101.8
2026-03-23T06:54:23Z,484,663328,22656280,647.8,101.9
2026-03-23T06:54:25Z,485,725816,22718744,708.8,106.4
2026-03-23T06:54:26Z,486,786156,22779416,767.7,101.5
2026-03-23T06:54:27Z,487,847036,22840088,827.2,104.0
2026-03-23T06:54:28Z,488,904904,22898200,883.7,100.1
2026-03-23T06:54:29Z,489,965972,22959128,943.3,106.2
2026-03-23T06:54:30Z,490,1030540,23023640,1006.4,109.4
2026-03-23T06:54:31Z,491,1087040,23079960,1061.6,99.7
2026-03-23T06:54:32Z,492,575884,22568728,562.4,146.0
2026-03-23T06:54:33Z,493,575884,22568728,562.4,82.4
2026-03-23T06:54:34Z,494,575884,22568728,562.4,97.3
2026-03-23T06:54:35Z,495,575884,22568728,562.4,92.6
2026-03-23T06:54:36Z,496,613488,22606616,599.1,91.6
2026-03-23T06:54:37Z,497,672024,22664728,656.3,102.7
2026-03-23T06:54:38Z,498,737044,22730520,719.8,106.8
2026-03-23T06:54:40Z,499,797240,22790424,778.6,102.9
2026-03-23T06:54:41Z,500,858976,22852120,838.8,107.7
2026-03-23T06:54:42Z,501,914840,22908184,893.4,94.5
2026-03-23T06:54:43Z,502,971012,22964248,948.3,97.3
2026-03-23T06:54:44Z,503,1034660,23027736,1010.4,109.2
2026-03-23T06:54:45Z,504,1096432,23089432,1070.7,106.3
2026-03-23T06:54:46Z,505,585324,22578712,571.6,144.8
2026-03-23T06:54:47Z,506,585324,22578712,571.6,92.8
2026-03-23T06:54:48Z,507,585324,22578712,571.6,99.3
2026-03-23T06:54:49Z,508,585948,22578712,572.2,97.5
2026-03-23T06:54:50Z,509,640488,22634008,625.5,93.4
2026-03-23T06:54:51Z,510,697068,22690328,680.7,93.5
2026-03-23T06:54:52Z,511,741992,22735384,724.6,76.4
2026-03-23T06:54:53Z,512,741992,22735384,724.6,0.9
2026-03-23T06:54:55Z,513,751040,22744344,733.4,23.4
2026-03-23T06:54:56Z,514,810236,22803224,791.2,102.8
2026-03-23T06:54:57Z,515,865836,22859288,845.5,92.6
2026-03-23T06:54:58Z,516,921168,22914072,899.6,97.4
2026-03-23T06:54:59Z,517,983316,22976536,960.3,105.6
2026-03-23T06:55:00Z,518,1039852,23033112,1015.5,94.6
2026-03-23T06:55:01Z,519,1097676,23091224,1071.9,96.9
2026-03-23T06:55:02Z,520,604708,22597912,590.5,141.2
2026-03-23T06:55:03Z,521,604860,22597912,590.7,98.1
2026-03-23T06:55:04Z,522,604860,22597912,590.7,100.0
2026-03-23T06:55:05Z,523,604860,22597912,590.7,102.0
2026-03-23T06:55:06Z,524,648592,22641944,633.4,97.0
2026-03-23T06:55:07Z,525,703456,22696472,687.0,92.8
2026-03-23T06:55:08Z,526,762112,22755608,744.2,97.3
2026-03-23T06:55:09Z,527,820332,22813720,801.1,100.3
2026-03-23T06:55:11Z,528,880960,22873880,860.3,106.5
2026-03-23T06:55:12Z,529,943052,22936088,920.9,105.0
2026-03-23T06:55:13Z,530,999308,22992152,975.9,97.0
2026-03-23T06:55:14Z,531,1057060,23050264,1032.3,99.4
2026-03-23T06:55:15Z,532,1119440,23112728,1093.2,108.6
2026-03-23T06:55:16Z,533,583772,22576664,570.1,153.1
2026-03-23T06:55:17Z,534,583772,22576664,570.1,86.9
2026-03-23T06:55:18Z,535,583772,22576664,570.1,92.4
2026-03-23T06:55:19Z,536,609692,22602776,595.4,105.5
2026-03-23T06:55:20Z,537,668384,22661144,652.7,99.4
2026-03-23T06:55:21Z,538,726776,22719768,709.7,101.0
2026-03-23T06:55:22Z,539,779360,22772760,761.1,85.9
2026-03-23T06:55:23Z,540,839044,22832664,819.4,101.0
2026-03-23T06:55:24Z,541,899988,22893336,878.9,107.3
2026-03-23T06:55:26Z,542,961888,22955288,939.3,105.8
2026-03-23T06:55:27Z,543,1017660,23010840,993.8,97.2
2026-03-23T06:55:28Z,544,1078008,23071256,1052.7,106.5
2026-03-23T06:55:29Z,545,591444,22584344,577.6,150.7
2026-03-23T06:55:30Z,546,591444,22584344,577.6,88.9
2026-03-23T06:55:31Z,547,591488,22584344,577.6,95.4
2026-03-23T06:55:32Z,548,591488,22584344,577.6,82.2
2026-03-23T06:55:33Z,549,612308,22605592,598.0,95.3
2026-03-23T06:55:34Z,550,672844,22666008,657.1,105.8
2026-03-23T06:55:35Z,551,737212,22730520,719.9,107.5
2026-03-23T06:55:36Z,552,795060,22788376,776.4,98.3
2026-03-23T06:55:37Z,553,848304,22841624,828.4,89.9
2026-03-23T06:55:38Z,554,910052,22904084,888.7,106.5
2026-03-23T06:55:39Z,555,966344,22959640,943.7,97.2
2026-03-23T06:55:40Z,556,1022024,23015192,998.1,96.5
2026-03-23T06:55:42Z,557,1076828,23069976,1051.6,93.5
2026-03-23T06:55:43Z,558,1131248,23124760,1104.7,135.5
2026-03-23T06:55:44Z,559,583800,22576920,570.1,107.5
2026-03-23T06:55:45Z,560,583800,22576920,570.1,104.1
2026-03-23T06:55:46Z,561,583800,22576920,570.1,83.0
2026-03-23T06:55:47Z,562,610404,22604056,596.1,89.6
2026-03-23T06:55:48Z,563,671024,22663960,655.3,103.6
2026-03-23T06:55:49Z,564,726856,22720024,709.8,94.4
2026-03-23T06:55:50Z,565,780176,22773016,761.9,89.8
2026-03-23T06:55:51Z,566,840180,22833432,820.5,101.9
2026-03-23T06:55:52Z,567,894736,22887448,873.8,94.6
2026-03-23T06:55:53Z,568,952892,22946072,930.6,98.3
2026-03-23T06:55:54Z,569,1011384,23004440,987.7,100.1
2026-03-23T06:55:55Z,570,1073096,23066392,1047.9,104.6
2026-03-23T06:55:57Z,571,601948,22595352,587.8,147.4
2026-03-23T06:55:58Z,572,602276,22595352,588.2,100.0
2026-03-23T06:55:59Z,573,602276,22595352,588.2,95.3
2026-03-23T06:56:00Z,574,602276,22595352,588.2,106.8
2026-03-23T06:56:01Z,575,638676,22632216,623.7,101.9
2026-03-23T06:56:02Z,576,694340,22687768,678.1,91.6
2026-03-23T06:56:03Z,577,754540,22747672,736.9,104.2
2026-03-23T06:56:04Z,578,815736,22808600,796.6,107.0
2026-03-23T06:56:05Z,579,878304,22871320,857.7,106.4
2026-03-23T06:56:06Z,580,939156,22932248,917.1,103.1
2026-03-23T06:56:07Z,581,994852,22988312,971.5,96.9
2026-03-23T06:56:08Z,582,1049044,23042328,1024.5,93.5
2026-03-23T06:56:09Z,583,1110684,23104280,1084.7,105.5
2026-03-23T06:56:10Z,584,608412,22601496,594.2,158.7
2026-03-23T06:56:12Z,585,608412,22601496,594.2,100.0
2026-03-23T06:56:13Z,586,608412,22601496,594.2,92.4
2026-03-23T06:56:14Z,587,608668,22601496,594.4,87.1
2026-03-23T06:56:15Z,588,671976,22664984,656.2,109.3
2026-03-23T06:56:16Z,589,736824,22729752,719.6,109.4
2026-03-23T06:56:17Z,590,796816,22790424,778.1,100.4
2026-03-23T06:56:18Z,591,857960,22850840,837.9,104.6
2026-03-23T06:56:19Z,592,920504,22913816,898.9,105.6
2026-03-23T06:56:20Z,593,983756,22977048,960.7,105.6
2026-03-23T06:56:21Z,594,1042684,23035672,1018.2,99.9
2026-03-23T06:56:22Z,595,1099904,23093272,1074.1,96.3
2026-03-23T06:56:23Z,596,585812,22578712,572.1,135.6
2026-03-23T06:56:24Z,597,585864,22578712,572.1,97.2
2026-03-23T06:56:25Z,598,585864,22578712,572.1,96.5
2026-03-23T06:56:26Z,599,585864,22578712,572.1,91.6
2026-03-23T06:56:28Z,600,641564,22634520,626.5,107.6
2026-03-23T06:56:29Z,601,705828,22698520,689.3,109.8
2026-03-23T06:56:30Z,602,762508,22755352,744.6,94.4
2026-03-23T06:56:31Z,603,824464,22817816,805.1,107.8
2026-03-23T06:56:32Z,604,876352,22869528,855.8,89.8
2026-03-23T06:56:33Z,605,936600,22930200,914.6,102.7
2026-03-23T06:56:34Z,606,992612,22986264,969.3,97.4
2026-03-23T06:56:35Z,607,1050368,23043352,1025.8,101.1
2026-03-23T06:56:36Z,608,1112396,23105560,1086.3,105.7
2026-03-23T06:56:37Z,609,585396,22578200,571.7,136.5
2026-03-23T06:56:38Z,610,585396,22578200,571.7,106.0
2026-03-23T06:56:39Z,611,585396,22578200,571.7,94.3
2026-03-23T06:56:40Z,612,598980,22592280,584.9,101.8
2026-03-23T06:56:41Z,613,659032,22652184,643.6,101.7
2026-03-23T06:56:43Z,614,719352,22712344,702.5,102.9
2026-03-23T06:56:44Z,615,779568,22772760,761.3,103.5
2026-03-23T06:56:45Z,616,841576,22834968,821.9,105.9
2026-03-23T06:56:46Z,617,900248,22893848,879.1,102.7
2026-03-23T06:56:47Z,618,954480,22948120,932.1,90.7
2026-03-23T06:56:48Z,619,1017676,23011352,993.8,112.4
2026-03-23T06:56:49Z,620,1076404,23069976,1051.2,102.8
2026-03-23T06:56:50Z,621,1130168,23123224,1103.7,99.2
2026-03-23T06:56:51Z,622,572552,22565400,559.1,131.2
2026-03-23T06:56:52Z,623,572708,22565400,559.3,84.1
2026-03-23T06:56:53Z,624,572708,22565400,559.3,96.6
2026-03-23T06:56:54Z,625,600376,22593560,586.3,100.0
2026-03-23T06:56:55Z,626,609332,22602520,595.1,14.0
2026-03-23T06:56:56Z,627,609332,22602520,595.1,0.9
2026-03-23T06:56:57Z,628,653512,22647064,638.2,78.5
2026-03-23T06:56:59Z,629,713776,22707224,697.0,103.9
2026-03-23T06:57:00Z,630,770716,22764568,752.7,101.9
2026-03-23T06:57:01Z,631,834508,22827544,814.9,109.5
2026-03-23T06:57:02Z,632,889680,22883352,868.8,96.6
2026-03-23T06:57:03Z,633,950108,22943512,927.8,106.3
2026-03-23T06:57:04Z,634,1012304,23005464,988.6,103.8
2026-03-23T06:57:05Z,635,1073056,23066136,1047.9,106.8
2026-03-23T06:57:06Z,636,1131012,23124760,1104.5,141.8
2026-03-23T06:57:07Z,637,596792,22590232,582.8,87.0
2026-03-23T06:57:08Z,638,597024,22590232,583.0,94.1
2026-03-23T06:57:09Z,639,597052,22590232,583.1,107.5
2026-03-23T06:57:10Z,640,616320,22609944,601.9,109.7
2026-03-23T06:57:11Z,641,678096,22671640,662.2,103.5
2026-03-23T06:57:12Z,642,733744,22726680,716.5,100.0
2026-03-23T06:57:14Z,643,794444,22787352,775.8,104.6
2026-03-23T06:57:15Z,644,857788,22851352,837.7,105.6
2026-03-23T06:57:16Z,645,921124,22914584,899.5,109.2
2026-03-23T06:57:17Z,646,977908,22971160,955.0,99.2
2026-03-23T06:57:18Z,647,1039748,23032856,1015.4,105.8
2026-03-23T06:57:19Z,648,1098132,23090968,1072.4,104.8
2026-03-23T06:57:20Z,649,597120,22590232,583.1,148.7
2026-03-23T06:57:21Z,650,597120,22590232,583.1,95.5
2026-03-23T06:57:22Z,651,597120,22590232,583.1,82.3
2026-03-23T06:57:23Z,652,597120,22590232,583.1,91.7
2026-03-23T06:57:24Z,653,645104,22637848,630.0,110.4
2026-03-23T06:57:25Z,654,705980,22698776,689.4,104.4
2026-03-23T06:57:26Z,655,771436,22764312,753.4,112.3
2026-03-23T06:57:27Z,656,830288,22823192,810.8,99.9
2026-03-23T06:57:28Z,657,890816,22883608,869.9,108.6
2026-03-23T06:57:30Z,658,950672,22943768,928.4,102.0
2026-03-23T06:57:31Z,659,1011920,23005208,988.2,106.5
2026-03-23T06:57:32Z,660,1071580,23064344,1046.5,102.7
2026-03-23T06:57:33Z,661,1091108,23084568,1065.5,142.7
2026-03-23T06:57:34Z,662,591692,22584856,577.8,112.8
2026-03-23T06:57:35Z,663,591876,22584856,578.0,102.7
2026-03-23T06:57:36Z,664,591876,22584856,578.0,104.9
2026-03-23T06:57:37Z,665,637236,22630936,622.3,100.1
2026-03-23T06:57:38Z,666,699508,22692888,683.1,104.7
2026-03-23T06:57:39Z,667,761784,22755096,743.9,104.5
2026-03-23T06:57:40Z,668,820584,22813464,801.4,102.8
2026-03-23T06:57:41Z,669,884716,22877720,864.0,105.7
2026-03-23T06:57:42Z,670,947756,22940952,925.5,106.3
2026-03-23T06:57:43Z,671,1010056,23003416,986.4,105.8
2026-03-23T06:57:45Z,672,1067832,23061016,1042.8,101.0
2026-03-23T06:57:46Z,673,1128508,23122200,1102.1,130.9
2026-03-23T06:57:47Z,674,586744,22579480,573.0,121.6
2026-03-23T06:57:48Z,675,586788,22579480,573.0,107.4
2026-03-23T06:57:49Z,676,586788,22579480,573.0,108.4
2026-03-23T06:57:50Z,677,639456,22632728,624.5,109.3
2026-03-23T06:57:51Z,678,703752,22697240,687.3,111.3
2026-03-23T06:57:52Z,679,766096,22758936,748.1,107.6
2026-03-23T06:57:53Z,680,828768,22821912,809.3,107.6
2026-03-23T06:57:54Z,681,891040,22883864,870.2,107.6
2026-03-23T06:57:55Z,682,955044,22948632,932.7,108.5
2026-03-23T06:57:56Z,683,1008808,23002136,985.2,93.4
2026-03-23T06:57:57Z,684,1070992,23063832,1045.9,106.5
2026-03-23T06:57:58Z,685,1131620,23124504,1105.1,111.5
2026-03-23T06:58:00Z,686,584228,22576920,570.5,147.6
2026-03-23T06:58:01Z,687,584228,22576920,570.5,107.3
2026-03-23T06:58:02Z,688,584228,22576920,570.5,99.0
2026-03-23T06:58:03Z,689,625396,22618648,610.7,98.0
2026-03-23T06:58:04Z,690,686016,22679064,669.9,106.6
2026-03-23T06:58:05Z,691,746472,22739480,729.0,103.8
2026-03-23T06:58:06Z,692,808040,22801176,789.1,110.2
2026-03-23T06:58:07Z,693,872516,22865688,852.1,113.0
2026-03-23T06:58:08Z,694,934684,22927896,912.8,104.8
2026-03-23T06:58:09Z,695,997184,22990104,973.8,109.2
2026-03-23T06:58:10Z,696,1058104,23051288,1033.3,102.7
2026-03-23T06:58:11Z,697,1109708,23103256,1083.7,87.8
2026-03-23T06:58:12Z,698,581828,22574872,568.2,153.9
2026-03-23T06:58:13Z,699,581828,22574872,568.2,108.6
2026-03-23T06:58:15Z,700,581828,22574872,568.2,108.5
2026-03-23T06:58:16Z,701,614216,22607640,599.8,109.9
2026-03-23T06:58:17Z,702,676696,22669848,660.8,107.3
2026-03-23T06:58:18Z,703,740464,22733848,723.1,105.4
2026-03-23T06:58:19Z,704,802488,22795800,783.7,105.0
2026-03-23T06:58:20Z,705,854504,22847512,834.5,90.6
2026-03-23T06:58:21Z,706,914664,22907416,893.2,103.1
2026-03-23T06:58:22Z,707,967804,22960664,945.1,91.6
2026-03-23T06:58:23Z,708,1034328,23027736,1010.1,109.3
2026-03-23T06:58:24Z,709,1098080,23091224,1072.3,110.0
2026-03-23T06:58:25Z,710,593024,22585880,579.1,147.6
2026-03-23T06:58:26Z,711,593188,22585880,579.3,104.0
2026-03-23T06:58:27Z,712,593188,22585880,579.3,107.7
2026-03-23T06:58:28Z,713,598892,22591768,584.9,93.4
2026-03-23T06:58:29Z,714,658864,22651672,643.4,104.8
2026-03-23T06:58:31Z,715,716420,22709272,699.6,97.5
2026-03-23T06:58:32Z,716,778636,22771480,760.4,106.8
2026-03-23T06:58:33Z,717,840472,22833432,820.8,106.4
2026-03-23T06:58:34Z,718,902640,22896152,881.5,105.6
2026-03-23T06:58:35Z,719,964856,22958616,942.2,104.5
2026-03-23T06:58:36Z,720,1023980,23016984,1000.0,103.0
2026-03-23T06:58:37Z,721,1085848,23079192,1060.4,106.8
2026-03-23T06:58:38Z,722,595380,22588440,581.4,151.4
2026-03-23T06:58:39Z,723,595380,22588440,581.4,108.4
2026-03-23T06:58:40Z,724,595380,22588440,581.4,103.6
2026-03-23T06:58:41Z,725,595472,22588440,581.5,107.2
2026-03-23T06:58:42Z,726,648256,22641176,633.1,106.7
2026-03-23T06:58:43Z,727,711744,22704664,695.1,107.6
2026-03-23T06:58:44Z,728,774640,22767640,756.5,105.9
2026-03-23T06:58:46Z,729,836560,22830104,817.0,107.7
2026-03-23T06:58:47Z,730,897344,22890776,876.3,105.7
2026-03-23T06:58:48Z,731,957392,22950936,935.0,99.2
2026-03-23T06:58:49Z,732,1017904,23011096,994.0,105.1
2026-03-23T06:58:50Z,733,1081572,23074328,1056.2,111.2
2026-03-23T06:58:51Z,734,601436,22594328,587.3,150.0
2026-03-23T06:58:52Z,735,601636,22594328,587.5,108.2
2026-03-23T06:58:53Z,736,601636,22594328,587.5,107.6
2026-03-23T06:58:54Z,737,601636,22594328,587.5,103.9
2026-03-23T06:58:55Z,738,653056,22646040,637.8,107.7
2026-03-23T06:58:56Z,739,714364,22707480,697.6,104.8
2026-03-23T06:58:57Z,740,744272,22737688,726.8,50.3
2026-03-23T06:58:58Z,741,744272,22737688,726.8,0.9
2026-03-23T06:58:59Z,742,769320,22762520,751.3,48.6
2026-03-23T06:59:00Z,743,827352,22820632,808.0,99.5
2026-03-23T06:59:02Z,744,881164,22874392,860.5,91.6
2026-03-23T06:59:03Z,745,942308,22935576,920.2,108.4
2026-03-23T06:59:04Z,746,1004016,22996760,980.5,104.9
2026-03-23T06:59:05Z,747,1068048,23061784,1043.0,107.5
2026-03-23T06:59:06Z,748,1128424,23121688,1102.0,140.9
2026-03-23T06:59:07Z,749,602832,22596120,588.7,120.9
2026-03-23T06:59:08Z,750,602832,22596120,588.7,102.4
2026-03-23T06:59:09Z,751,602832,22596120,588.7,100.1
2026-03-23T06:59:10Z,752,634040,22627608,619.2,108.5
2026-03-23T06:59:11Z,753,694348,22687256,678.1,101.9
2026-03-23T06:59:12Z,754,754272,22747416,736.6,102.2
2026-03-23T06:59:13Z,755,820080,22813464,800.9,109.2
2026-03-23T06:59:14Z,756,883240,22876184,862.5,111.2
2026-03-23T06:59:15Z,757,943140,22936600,921.0,98.3
2026-03-23T06:59:17Z,758,1002436,22995736,978.9,103.0
2026-03-23T06:59:18Z,759,1062764,23056152,1037.9,104.7
2026-03-23T06:59:19Z,760,1119960,23112984,1093.7,99.2
2026-03-23T06:59:20Z,761,584996,22577688,571.3,149.9
2026-03-23T06:59:21Z,762,584996,22577688,571.3,108.5
2026-03-23T06:59:22Z,763,584996,22577688,571.3,99.9
2026-03-23T06:59:23Z,764,616284,22609688,601.8,105.5
2026-03-23T06:59:24Z,765,678580,22671640,662.7,106.4
2026-03-23T06:59:25Z,766,740216,22733336,722.9,107.3
2026-03-23T06:59:26Z,767,801920,22795032,783.1,103.9
2026-03-23T06:59:27Z,768,863188,22856216,843.0,109.3
2026-03-23T06:59:28Z,769,916420,22909976,894.9,90.5
2026-03-23T06:59:29Z,770,976716,22969880,953.8,105.6
2026-03-23T06:59:30Z,771,1037228,23030040,1012.9,107.7
2026-03-23T06:59:31Z,772,1094788,23088152,1069.1,96.4
2026-03-23T06:59:33Z,773,581328,22574360,567.7,137.2
2026-03-23T06:59:34Z,774,581328,22574360,567.7,99.1
2026-03-23T06:59:35Z,775,581328,22574360,567.7,101.1
2026-03-23T06:59:36Z,776,581588,22574360,568.0,97.1
2026-03-23T06:59:37Z,777,635528,22628888,620.6,96.5
2026-03-23T06:59:38Z,778,695868,22689048,679.6,104.7
2026-03-23T06:59:39Z,779,756456,22749208,738.7,103.8
2026-03-23T06:59:40Z,780,821128,22813976,801.9,110.3
2026-03-23T06:59:41Z,781,884232,22876952,863.5,111.1
2026-03-23T06:59:42Z,782,943620,22937112,921.5,99.7
2026-03-23T06:59:43Z,783,1002828,22995992,979.3,102.2
2026-03-23T06:59:44Z,784,1064204,23057432,1039.3,108.5
2026-03-23T06:59:45Z,785,1125068,23117848,1098.7,112.2
2026-03-23T06:59:46Z,786,596668,22589976,582.7,142.1
2026-03-23T06:59:48Z,787,596808,22589976,582.8,95.3
2026-03-23T06:59:49Z,788,596808,22589976,582.8,103.6
2026-03-23T06:59:50Z,789,627972,22621464,613.3,111.3
2026-03-23T06:59:51Z,790,693928,22687512,677.7,113.1
2026-03-23T06:59:52Z,791,750632,22743576,733.0,97.4
2026-03-23T06:59:53Z,792,808152,22801432,789.2,97.3
2026-03-23T06:59:54Z,793,866392,22859800,846.1,96.4
2026-03-23T06:59:55Z,794,930220,22923800,908.4,108.5
2026-03-23T06:59:56Z,795,992528,22985752,969.3,107.9
2026-03-23T06:59:57Z,796,1054836,23047960,1030.1,106.6
2026-03-23T06:59:58Z,797,1117240,23110168,1091.1,108.2
2026-03-23T06:59:59Z,798,589856,22582808,576.0,142.9
2026-03-23T07:00:00Z,799,589956,22582808,576.1,97.1
2026-03-23T07:00:01Z,800,589956,22582808,576.1,99.9
2026-03-23T07:00:03Z,801,614088,22607384,599.7,97.4
2026-03-23T07:00:04Z,802,667852,22660632,652.2,91.6
2026-03-23T07:00:05Z,803,733104,22726424,715.9,109.8
2026-03-23T07:00:06Z,804,795840,22789400,777.2,105.9
2026-03-23T07:00:07Z,805,861256,22854680,841.1,108.3
2026-03-23T07:00:08Z,806,922176,22915096,900.6,103.0
2026-03-23T07:00:09Z,807,987048,22980376,963.9,109.5
2026-03-23T07:00:10Z,808,1049256,23042584,1024.7,101.2
2026-03-23T07:00:11Z,809,1114380,23107352,1088.3,110.8
2026-03-23T07:00:12Z,810,593900,22586648,580.0,136.6
2026-03-23T07:00:13Z,811,593956,22586648,580.0,103.9
2026-03-23T07:00:14Z,812,593956,22586648,580.0,103.6
2026-03-23T07:00:15Z,813,603472,22596632,589.3,94.5
2026-03-23T07:00:16Z,814,666392,22659864,650.8,106.4
2026-03-23T07:00:17Z,815,727072,22720280,710.0,101.8
2026-03-23T07:00:19Z,816,785112,22778392,766.7,100.2
2026-03-23T07:00:20Z,817,841064,22834456,821.4,95.4
2026-03-23T07:00:21Z,818,903156,22896664,882.0,104.0
2026-03-23T07:00:22Z,819,957488,22950936,935.0,93.6
2026-03-23T07:00:23Z,820,1020832,23013912,996.9,111.4
2026-03-23T07:00:24Z,821,1085288,23078680,1059.9,110.5
2026-03-23T07:00:25Z,822,602488,22595608,588.4,150.0
2026-03-23T07:00:26Z,823,602604,22595608,588.5,89.6
2026-03-23T07:00:27Z,824,602748,22595608,588.6,96.1
2026-03-23T07:00:28Z,825,602748,22595608,588.6,101.0
2026-03-23T07:00:29Z,826,630364,22623512,615.6,103.7
2026-03-23T07:00:30Z,827,685836,22679576,669.8,91.5
2026-03-23T07:00:31Z,828,750736,22743832,733.1,112.0
2026-03-23T07:00:32Z,829,812996,22806040,793.9,104.4
2026-03-23T07:00:34Z,830,875464,22868248,854.9,107.2
2026-03-23T07:00:35Z,831,934548,22927896,912.6,99.2
2026-03-23T07:00:36Z,832,993584,22987288,970.3,102.8
2026-03-23T07:00:37Z,833,1053656,23046936,1029.0,101.9
2026-03-23T07:00:38Z,834,1114328,23107352,1088.2,105.6
2026-03-23T07:00:39Z,835,599340,22592536,585.3,151.4
2026-03-23T07:00:40Z,836,599492,22592536,585.4,103.6
2026-03-23T07:00:41Z,837,599492,22592536,585.4,106.6
2026-03-23T07:00:42Z,838,623964,22617368,609.3,108.3
2026-03-23T07:00:43Z,839,689508,22682904,673.3,111.4
2026-03-23T07:00:44Z,840,750604,22743320,733.0,107.5
2026-03-23T07:00:45Z,841,807992,22801432,789.1,98.2
2026-03-23T07:00:46Z,842,868396,22861336,848.0,105.6
2026-03-23T07:00:47Z,843,931208,22924568,909.4,108.3
2026-03-23T07:00:48Z,844,988496,22981912,965.3,98.8
2026-03-23T07:00:50Z,845,1045992,23039512,1021.5,96.4
2026-03-23T07:00:51Z,846,1106844,23100184,1080.9,107.6
2026-03-23T07:00:52Z,847,584228,22576920,570.5,153.6
2026-03-23T07:00:53Z,848,584228,22576920,570.5,108.8
2026-03-23T07:00:54Z,849,584228,22576920,570.5,104.9
2026-03-23T07:00:55Z,850,607644,22600728,593.4,106.5
2026-03-23T07:00:56Z,851,671820,22664984,656.1,109.4
2026-03-23T07:00:57Z,852,735460,22728728,718.2,108.4
2026-03-23T07:00:58Z,853,798496,22791704,779.8,105.9
2026-03-23T07:00:59Z,854,849904,22842648,830.0,87.8
2026-03-23T07:01:00Z,855,849904,22842648,830.0,0.9
2026-03-23T07:01:01Z,856,854392,22847768,834.4,13.1
2026-03-23T07:01:02Z,857,919496,22912792,897.9,112.4
2026-03-23T07:01:03Z,858,981440,22974232,958.4,105.8
2026-03-23T07:01:05Z,859,1043904,23036952,1019.4,109.5
2026-03-23T07:01:06Z,860,1107380,23100696,1081.4,107.9
2026-03-23T07:01:07Z,861,603288,22596120,589.1,152.0
2026-03-23T07:01:08Z,862,603288,22596120,589.1,105.7
2026-03-23T07:01:09Z,863,603288,22596120,589.1,108.7
2026-03-23T07:01:10Z,864,616004,22609176,601.6,108.4
2026-03-23T07:01:11Z,865,674288,22667800,658.5,98.1
2026-03-23T07:01:12Z,866,735096,22728728,717.9,105.6
2026-03-23T07:01:13Z,867,797084,22789912,778.4,104.7
2026-03-23T07:01:14Z,868,851616,22844440,831.7,93.4
2026-03-23T07:01:15Z,869,911920,22904600,890.5,102.0
2026-03-23T07:01:16Z,870,974764,22967832,951.9,106.7
2026-03-23T07:01:17Z,871,1037336,23030552,1013.0,107.4
2026-03-23T07:01:18Z,872,1102184,23095064,1076.4,111.2
2026-03-23T07:01:19Z,873,604828,22597656,590.7,151.7
2026-03-23T07:01:21Z,874,604828,22597656,590.7,107.6
2026-03-23T07:01:22Z,875,604828,22597656,590.7,95.3
2026-03-23T07:01:23Z,876,604928,22597656,590.8,98.2
2026-03-23T07:01:24Z,877,663128,22656280,647.6,107.6
2026-03-23T07:01:25Z,878,727236,22720024,710.2,110.4
2026-03-23T07:01:26Z,879,790100,22782744,771.6,107.5
2026-03-23T07:01:27Z,880,851516,22844952,831.6,104.2
2026-03-23T07:01:28Z,881,913772,22907416,892.4,109.2
2026-03-23T07:01:29Z,882,976004,22969112,953.1,106.2
2026-03-23T07:01:30Z,883,1035776,23029016,1011.5,103.1
2026-03-23T07:01:31Z,884,1094496,23087384,1068.8,102.0
2026-03-23T07:01:32Z,885,582212,22575128,568.6,142.8
2026-03-23T07:01:33Z,886,582212,22575128,568.6,101.9
2026-03-23T07:01:34Z,887,582212,22575128,568.6,94.5
2026-03-23T07:01:36Z,888,582212,22575128,568.6,107.5
2026-03-23T07:01:37Z,889,643704,22637592,628.6,110.3
2026-03-23T07:01:38Z,890,704936,22698008,688.4,105.8
2026-03-23T07:01:39Z,891,766984,22759960,749.0,106.7
2026-03-23T07:01:40Z,892,829136,22822680,809.7,105.1
2026-03-23T07:01:41Z,893,889676,22882840,868.8,105.8
2026-03-23T07:01:42Z,894,951756,22945048,929.4,106.4
2026-03-23T07:01:43Z,895,1012612,23005720,988.9,104.7
2026-03-23T07:01:44Z,896,1072344,23065624,1047.2,100.2
2026-03-23T07:01:45Z,897,1126788,23119640,1100.4,115.4
2026-03-23T07:01:46Z,898,587444,22580504,573.7,132.2
2026-03-23T07:01:47Z,899,587444,22580504,573.7,106.4
2026-03-23T07:01:48Z,900,587444,22580504,573.7,105.4
2026-03-23T07:01:49Z,901,634116,22627096,619.3,110.3
2026-03-23T07:01:50Z,902,701292,22694424,684.9,112.2
2026-03-23T07:01:52Z,903,766496,22759448,748.5,109.5
2026-03-23T07:01:53Z,904,824428,22817816,805.1,93.9
2026-03-23T07:01:54Z,905,885016,22877976,864.3,107.4
2026-03-23T07:01:55Z,906,946776,22939928,924.6,107.0
2026-03-23T07:01:56Z,907,1004612,22998040,981.1,102.1
2026-03-23T07:01:57Z,908,1061052,23053848,1036.2,100.0
2026-03-23T07:01:58Z,909,1118108,23111192,1091.9,98.0
2026-03-23T07:01:59Z,910,587744,22580504,574.0,150.4
2026-03-23T07:02:00Z,911,587744,22580504,574.0,107.6
2026-03-23T07:02:01Z,912,587744,22580504,574.0,106.9
2026-03-23T07:02:02Z,913,626028,22618904,611.4,107.6
2026-03-23T07:02:03Z,914,688308,22681624,672.2,103.7
2026-03-23T07:02:04Z,915,746964,22739992,729.5,100.3
2026-03-23T07:02:05Z,916,807596,22800664,788.7,102.0
2026-03-23T07:02:07Z,917,863040,22856472,842.8,93.7
2026-03-23T07:02:08Z,918,923472,22916632,901.8,103.0
2026-03-23T07:02:09Z,919,985636,22978840,962.5,105.1
2026-03-23T07:02:10Z,920,1047816,23041048,1023.3,106.7
2026-03-23T07:02:11Z,921,1108512,23101208,1082.5,105.5
2026-03-23T07:02:12Z,922,590412,22583064,576.6,148.7
2026-03-23T07:02:13Z,923,590452,22583064,576.6,107.1
2026-03-23T07:02:14Z,924,590452,22583064,576.6,105.7
2026-03-23T07:02:15Z,925,617056,22609944,602.6,109.6
2026-03-23T07:02:16Z,926,680580,22673432,664.6,110.1
2026-03-23T07:02:17Z,927,741092,22734360,723.7,101.7
2026-03-23T07:02:18Z,928,806284,22799128,787.4,109.5
2026-03-23T07:02:19Z,929,868348,22861592,848.0,105.7
2026-03-23T07:02:20Z,930,925732,22918424,904.0,99.1
2026-03-23T07:02:21Z,931,986756,22980120,963.6,104.2
2026-03-23T07:02:23Z,932,1044896,23038232,1020.4,101.1
2026-03-23T07:02:24Z,933,1105140,23098136,1079.2,102.7
2026-03-23T07:02:25Z,934,589920,22582808,576.1,148.1
2026-03-23T07:02:26Z,935,589920,22582808,576.1,101.1
2026-03-23T07:02:27Z,936,589920,22582808,576.1,89.8
2026-03-23T07:02:28Z,937,590196,22582808,576.4,96.6
2026-03-23T07:02:29Z,938,649620,22642456,634.4,103.0
2026-03-23T07:02:30Z,939,708004,22700824,691.4,98.3
2026-03-23T07:02:31Z,940,770900,22763800,752.8,106.5
2026-03-23T07:02:32Z,941,831900,22824728,812.4,102.7
2026-03-23T07:02:33Z,942,894584,22887448,873.6,107.7
2026-03-23T07:02:34Z,943,957400,22950424,935.0,106.7
2026-03-23T07:02:35Z,944,1017824,23011096,994.0,104.7
2026-03-23T07:02:36Z,945,1082844,23076120,1057.5,108.3
2026-03-23T07:02:38Z,946,591548,22584344,577.7,146.6
2026-03-23T07:02:39Z,947,591552,22584344,577.7,108.5
2026-03-23T07:02:40Z,948,591732,22584344,577.9,107.8
2026-03-23T07:02:41Z,949,591732,22584344,577.9,105.6
2026-03-23T07:02:42Z,950,651540,22644248,636.3,107.5
2026-03-23T07:02:43Z,951,703648,22696472,687.2,88.9
2026-03-23T07:02:44Z,952,765132,22757912,747.2,105.9
2026-03-23T07:02:45Z,953,827496,22820632,808.1,107.4
2026-03-23T07:02:46Z,954,887396,22880280,866.6,103.1
2026-03-23T07:02:47Z,955,949320,22942744,927.1,108.5
2026-03-23T07:02:48Z,956,1009812,23002904,986.1,107.5
2026-03-23T07:02:49Z,957,1071740,23065368,1046.6,106.5
2026-03-23T07:02:50Z,958,1130508,23123736,1104.0,104.4
2026-03-23T07:02:51Z,959,589604,22582552,575.8,150.3
2026-03-23T07:02:53Z,960,589604,22582552,575.8,109.2
2026-03-23T07:02:54Z,961,589632,22582552,575.8,101.0
2026-03-23T07:02:55Z,962,617472,22610456,603.0,94.3
2026-03-23T07:02:56Z,963,679920,22673176,664.0,106.6
2026-03-23T07:02:57Z,964,742908,22735896,725.5,110.4
2026-03-23T07:02:58Z,965,807400,22800664,788.5,111.1
2026-03-23T07:02:59Z,966,873296,22866712,852.8,110.7
2026-03-23T07:03:00Z,967,929856,22923288,908.1,97.2
2026-03-23T07:03:01Z,968,992712,22986008,969.4,108.2
2026-03-23T07:03:02Z,969,1005876,22999064,982.3,22.3
2026-03-23T07:03:03Z,970,1005876,22999064,982.3,0.0
2026-03-23T07:03:04Z,971,1044760,23037464,1020.3,73.8
2026-03-23T07:03:05Z,972,1105896,23098904,1080.0,105.6
2026-03-23T07:03:06Z,973,620016,22612760,605.5,143.8
2026-03-23T07:03:07Z,974,620220,22612760,605.7,106.8
2026-03-23T07:03:09Z,975,620220,22612760,605.7,110.0
2026-03-23T07:03:10Z,976,622868,22615832,608.3,108.3
2026-03-23T07:03:11Z,977,687780,22680600,671.7,110.1
2026-03-23T07:03:12Z,978,748384,22741528,730.8,101.1
2026-03-23T07:03:13Z,979,810452,22803736,791.5,103.8
2026-03-23T07:03:14Z,980,872752,22865688,852.3,106.7
2026-03-23T07:03:15Z,981,931132,22924312,909.3,98.2
2026-03-23T07:03:16Z,982,993528,22986520,970.2,106.3
2026-03-23T07:03:17Z,983,1054448,23047448,1029.7,106.5
2026-03-23T07:03:18Z,984,1117184,23110424,1091.0,106.6
2026-03-23T07:03:19Z,985,603496,22596120,589.4,159.4
2026-03-23T07:03:20Z,986,603496,22596120,589.4,92.3
2026-03-23T07:03:21Z,987,603496,22596120,589.4,105.9
2026-03-23T07:03:22Z,988,619616,22612248,605.1,100.2
2026-03-23T07:03:24Z,989,681696,22674968,665.7,105.6
2026-03-23T07:03:25Z,990,744232,22736920,726.8,108.5
2026-03-23T07:03:26Z,991,806248,22799128,787.4,105.8
2026-03-23T07:03:27Z,992,866952,22861072,846.6,105.1
2026-03-23T07:03:28Z,993,928780,22922008,907.0,103.8
2026-03-23T07:03:29Z,994,982584,22975512,959.6,93.8
2026-03-23T07:03:30Z,995,1040948,23034136,1016.6,100.1
2026-03-23T07:03:31Z,996,1102340,23095064,1076.5,105.5
2026-03-23T07:03:32Z,997,599700,22592536,585.6,138.8
2026-03-23T07:03:33Z,998,599828,22592536,585.8,99.1
2026-03-23T07:03:34Z,999,599828,22592536,585.8,96.4
2026-03-23T07:03:35Z,1000,599828,22592536,585.8,98.9
2026-03-23T07:03:36Z,1001,647380,22640152,632.2,102.0
2026-03-23T07:03:37Z,1002,707776,22700568,691.2,104.9
2026-03-23T07:03:39Z,1003,769936,22762776,751.9,104.0
2026-03-23T07:03:40Z,1004,825996,22819096,806.6,96.9
2026-03-23T07:03:41Z,1005,886016,22879256,865.2,100.2
2026-03-23T07:03:42Z,1006,948620,22941464,926.4,110.4
2026-03-23T07:03:43Z,1007,1012940,23006232,989.2,109.5
2026-03-23T07:03:44Z,1008,1075544,23068952,1050.3,108.4
2026-03-23T07:03:45Z,1009,602716,22595864,588.6,143.4
2026-03-23T07:03:46Z,1010,602880,22595864,588.8,105.7
2026-03-23T07:03:47Z,1011,602880,22595864,588.8,105.7
2026-03-23T07:03:48Z,1012,602880,22595864,588.8,104.9
2026-03-23T07:03:49Z,1013,645204,22638360,630.1,109.6
2026-03-23T07:03:50Z,1014,705596,22699032,689.1,102.7
2026-03-23T07:03:51Z,1015,761444,22754328,743.6,95.4
2026-03-23T07:03:52Z,1016,821496,22814488,802.2,103.9
2026-03-23T07:03:53Z,1017,883448,22876952,862.7,103.6
2026-03-23T07:03:55Z,1018,945776,22939160,923.6,106.5
2026-03-23T07:03:56Z,1019,1008084,23001368,984.5,106.4
2026-03-23T07:03:57Z,1020,1070792,23063576,1045.7,107.4
2026-03-23T07:03:58Z,1021,1122240,23115288,1095.9,136.5
2026-03-23T07:03:59Z,1022,590376,22583064,576.5,111.6
2026-03-23T07:04:00Z,1023,590376,22583064,576.5,106.7
2026-03-23T07:04:01Z,1024,590376,22583064,576.5,99.2
2026-03-23T07:04:02Z,1025,633508,22626584,618.7,104.7
2026-03-23T07:04:03Z,1026,695876,22689048,679.6,104.5
2026-03-23T07:04:04Z,1027,758004,22751000,740.2,105.8
2026-03-23T07:04:05Z,1028,820460,22813208,801.2,105.6
2026-03-23T07:04:06Z,1029,882320,22875160,861.6,106.3
2026-03-23T07:04:07Z,1030,945060,22938136,922.9,106.3
2026-03-23T07:04:08Z,1031,1007528,23000856,983.9,106.6
2026-03-23T07:04:10Z,1032,1069840,23062808,1044.8,108.7
2026-03-23T07:04:11Z,1033,1131784,23124760,1105.3,106.6
2026-03-23T07:04:12Z,1034,607732,22600472,593.5,152.5
2026-03-23T07:04:13Z,1035,607932,22600472,593.7,106.0
2026-03-23T07:04:14Z,1036,607932,22600472,593.7,104.8
2026-03-23T07:04:15Z,1037,628456,22621208,613.7,108.0
2026-03-23T07:04:16Z,1038,690352,22683416,674.2,104.9
2026-03-23T07:04:17Z,1039,753244,22745880,735.6,108.5
2026-03-23T07:04:18Z,1040,817192,22810136,798.0,108.5
2026-03-23T07:04:19Z,1041,878200,22871320,857.6,105.8
2026-03-23T07:04:20Z,1042,942812,22936088,920.7,109.1
2026-03-23T07:04:21Z,1043,1001336,22994456,977.9,99.3
2026-03-23T07:04:22Z,1044,1061340,23054616,1036.5,102.7
2026-03-23T07:04:23Z,1045,1115756,23108888,1089.6,93.6
2026-03-23T07:04:24Z,1046,588684,22581528,574.9,150.1
2026-03-23T07:04:26Z,1047,588684,22581528,574.9,101.3
2026-03-23T07:04:27Z,1048,588684,22581528,574.9,107.6
2026-03-23T07:04:28Z,1049,621244,22614040,606.7,108.6
2026-03-23T07:04:29Z,1050,685396,22678040,669.3,108.6
2026-03-23T07:04:30Z,1051,749116,22742040,731.6,104.3
2026-03-23T07:04:31Z,1052,804632,22797848,785.8,94.5
2026-03-23T07:04:32Z,1053,866556,22860056,846.2,104.4
2026-03-23T07:04:33Z,1054,928596,22922004,906.8,105.6
2026-03-23T07:04:34Z,1055,982732,22976024,959.7,92.1
2026-03-23T07:04:35Z,1056,1038576,23031832,1014.2,96.2
2026-03-23T07:04:36Z,1057,1098984,23092248,1073.2,104.8
2026-03-23T07:04:37Z,1058,594328,22587160,580.4,140.6
2026-03-23T07:04:38Z,1059,594328,22587160,580.4,99.8
2026-03-23T07:04:39Z,1060,594328,22587160,580.4,105.8
2026-03-23T07:04:41Z,1061,598096,22590744,584.1,109.1
2026-03-23T07:04:42Z,1062,663556,22656280,648.0,111.2
2026-03-23T07:04:43Z,1063,728488,22721816,711.4,108.5
2026-03-23T07:04:44Z,1064,788600,22781208,770.1,103.0
2026-03-23T07:04:45Z,1065,850496,22843672,830.6,104.5
2026-03-23T07:04:46Z,1066,911072,22903832,889.7,104.4
2026-03-23T07:04:47Z,1067,972116,22965016,949.3,105.8
2026-03-23T07:04:48Z,1068,1032180,23025176,1008.0,102.8
2026-03-23T07:04:49Z,1069,1094240,23087384,1068.6,105.9
2026-03-23T07:04:50Z,1070,613156,22605848,598.8,149.8
2026-03-23T07:04:51Z,1071,613156,22605848,598.8,107.6
2026-03-23T07:04:52Z,1072,613156,22605848,598.8,106.6
2026-03-23T07:04:53Z,1073,613156,22605848,598.8,106.7
2026-03-23T07:04:54Z,1074,661216,22654744,645.7,103.0
2026-03-23T07:04:56Z,1075,721768,22714392,704.9,104.7
2026-03-23T07:04:57Z,1076,782000,22774552,763.7,102.0
2026-03-23T07:04:58Z,1077,843972,22836760,824.2,106.6
2026-03-23T07:04:59Z,1078,908860,22901784,887.6,112.9
2026-03-23T07:05:00Z,1079,971644,22964248,948.9,109.3
2026-03-23T07:05:01Z,1080,1033704,23026456,1009.5,105.8
2026-03-23T07:05:02Z,1081,1095816,23088664,1070.1,109.3
2026-03-23T07:05:03Z,1082,597308,22590488,583.3,150.6
2026-03-23T07:05:04Z,1083,597708,22590488,583.7,59.7
2026-03-23T07:05:05Z,1084,597708,22590488,583.7,1.9
2026-03-23T07:05:06Z,1085,597956,22590488,583.9,35.5
2026-03-23T07:05:07Z,1086,597956,22590488,583.9,93.4
2026-03-23T07:05:08Z,1087,597956,22590488,583.9,100.6
2026-03-23T07:05:09Z,1088,647948,22640920,632.8,109.1
2026-03-23T07:05:11Z,1089,710840,22704152,694.2,106.4
2026-03-23T07:05:12Z,1090,773088,22766104,755.0,105.1
2026-03-23T07:05:13Z,1091,837616,22830360,818.0,110.2
2026-03-23T07:05:14Z,1092,895776,22888728,874.8,101.2
2026-03-23T07:05:15Z,1093,960808,22953752,938.3,112.6
2026-03-23T07:05:16Z,1094,1025204,23018520,1001.2,110.8
2026-03-23T07:05:17Z,1095,1085800,23078936,1060.4,106.0
2026-03-23T07:05:18Z,1096,620916,22614040,606.4,155.1
2026-03-23T07:05:19Z,1097,620940,22614040,606.4,100.1
2026-03-23T07:05:20Z,1098,621168,22614040,606.6,106.8
2026-03-23T07:05:21Z,1099,621168,22614040,606.6,106.7
2026-03-23T07:05:22Z,1100,649324,22642456,634.1,108.6
2026-03-23T07:05:23Z,1101,714812,22707736,698.1,111.2
2026-03-23T07:05:24Z,1102,775844,22768664,757.7,104.7
2026-03-23T07:05:25Z,1103,834132,22827032,814.6,100.9
2026-03-23T07:05:27Z,1104,894056,22887192,873.1,103.6
2026-03-23T07:05:28Z,1105,955040,22948376,932.7,104.8
2026-03-23T07:05:29Z,1106,1015980,23009048,992.2,104.8
2026-03-23T07:05:30Z,1107,1075980,23068952,1050.8,104.4
2026-03-23T07:05:31Z,1108,823676,22816536,804.4,152.3
2026-03-23T07:05:32Z,1109,596420,22588952,582.4,110.1
2026-03-23T07:05:33Z,1110,596420,22588952,582.4,104.5
2026-03-23T07:05:34Z,1111,596420,22588952,582.4,108.2
2026-03-23T07:05:35Z,1112,645980,22639384,630.8,110.3
2026-03-23T07:05:36Z,1113,709512,22702360,692.9,111.4
2026-03-23T07:05:37Z,1114,773532,22766616,755.4,109.2
2026-03-23T07:05:38Z,1115,833984,22827032,814.4,104.6
2026-03-23T07:05:39Z,1116,892724,22885912,871.8,98.9
2026-03-23T07:05:40Z,1117,953000,22946328,930.7,105.8
2026-03-23T07:05:42Z,1118,1015164,23007768,991.4,106.9
2026-03-23T07:05:43Z,1119,1079844,23073048,1054.5,109.5
2026-03-23T07:05:44Z,1120,602724,22596632,588.6,152.1
2026-03-23T07:05:45Z,1121,603804,22596632,589.7,107.6
2026-03-23T07:05:46Z,1122,603804,22596632,589.7,105.6
2026-03-23T07:05:47Z,1123,603804,22596632,589.7,109.1
2026-03-23T07:05:48Z,1124,641740,22634520,626.7,106.6
2026-03-23T07:05:49Z,1125,703688,22696728,687.2,105.7
2026-03-23T07:05:50Z,1126,764072,22757144,746.2,105.6
2026-03-23T07:05:51Z,1127,825508,22818584,806.2,107.5
2026-03-23T07:05:52Z,1128,886324,22879512,865.6,104.0
2026-03-23T07:05:53Z,1129,945592,22938648,923.4,104.4
2026-03-23T07:05:54Z,1130,1007708,23000600,984.1,106.7
2026-03-23T07:05:55Z,1131,1071388,23064344,1046.3,113.0
2026-03-23T07:05:56Z,1132,1128256,23121688,1101.8,142.2
2026-03-23T07:05:58Z,1133,597300,22589976,583.3,106.1
2026-03-23T07:05:59Z,1134,597444,22589976,583.4,98.3
2026-03-23T07:06:00Z,1135,597444,22589976,583.4,100.9
2026-03-23T07:06:01Z,1136,627036,22619928,612.3,104.5
2026-03-23T07:06:02Z,1137,693996,22687256,677.7,112.0
2026-03-23T07:06:03Z,1138,757604,22750488,739.8,110.0
2026-03-23T07:06:04Z,1139,817800,22810904,798.6,101.1
2026-03-23T07:06:05Z,1140,881204,22874392,860.6,106.6
2026-03-23T07:06:06Z,1141,942048,22935320,920.0,107.6
2026-03-23T07:06:07Z,1142,1006792,22999576,983.2,110.1
2026-03-23T07:06:08Z,1143,1062720,23055896,1037.8,94.5
2026-03-23T07:06:09Z,1144,1122192,23114776,1095.9,105.3
2026-03-23T07:06:10Z,1145,585180,22577944,571.5,152.0
2026-03-23T07:06:11Z,1146,585180,22577944,571.5,109.6
2026-03-23T07:06:13Z,1147,585180,22577944,571.5,102.0
2026-03-23T07:06:14Z,1148,621732,22614296,607.2,108.7
2026-03-23T07:06:15Z,1149,686268,22679064,670.2,109.7
2026-03-23T07:06:16Z,1150,748052,22741272,730.5,104.7
2026-03-23T07:06:17Z,1151,808664,22801432,789.7,104.7
2026-03-23T07:06:18Z,1152,869828,22862872,849.4,105.8
2026-03-23T07:06:19Z,1153,932808,22926104,910.9,108.5
2026-03-23T07:06:20Z,1154,991008,22983960,967.8,101.9
2026-03-23T07:06:21Z,1155,1047196,23040280,1022.7,99.2
2026-03-23T07:06:22Z,1156,1109332,23102744,1083.3,106.6
2026-03-23T07:06:23Z,1157,593040,22585624,579.1,150.8
2026-03-23T07:06:24Z,1158,593092,22585624,579.2,104.0
2026-03-23T07:06:25Z,1159,593092,22585624,579.2,100.1
2026-03-23T07:06:26Z,1160,612972,22605848,598.6,109.3
2026-03-23T07:06:27Z,1161,676392,22669336,660.5,110.2
2026-03-23T07:06:29Z,1162,739720,22732568,722.4,108.5
2026-03-23T07:06:30Z,1163,802796,22796056,784.0,107.4
2026-03-23T07:06:31Z,1164,863984,22857240,843.7,104.7
2026-03-23T07:06:32Z,1165,924184,22917400,902.5,106.6
2026-03-23T07:06:33Z,1166,986348,22979608,963.2,106.4
2026-03-23T07:06:34Z,1167,1046916,23039512,1022.4,109.2
2026-03-23T07:06:35Z,1168,1108084,23101208,1082.1,104.7
2026-03-23T07:06:36Z,1169,592012,22584856,578.1,157.0
2026-03-23T07:06:37Z,1170,592012,22584856,578.1,106.6
2026-03-23T07:06:38Z,1171,592012,22584856,578.1,104.7
2026-03-23T07:06:39Z,1172,617536,22610456,603.1,109.4
2026-03-23T07:06:40Z,1173,683152,22676248,667.1,109.5
2026-03-23T07:06:41Z,1174,748288,22741272,730.8,113.3
2026-03-23T07:06:42Z,1175,808500,22801688,789.6,102.8
2026-03-23T07:06:44Z,1176,868788,22862104,848.4,103.2
2026-03-23T07:06:45Z,1177,929328,22922264,907.5,107.4
2026-03-23T07:06:46Z,1178,991352,22984728,968.1,105.9
2026-03-23T07:06:47Z,1179,1052000,23044888,1027.3,107.0
2026-03-23T07:06:48Z,1180,1114276,23107608,1088.2,107.6
2026-03-23T07:06:49Z,1181,597724,22590744,583.7,135.8
2026-03-23T07:06:50Z,1182,597724,22590744,583.7,104.6
2026-03-23T07:06:51Z,1183,597724,22590744,583.7,108.3
2026-03-23T07:06:52Z,1184,615196,22608408,600.8,107.7
2026-03-23T07:06:53Z,1185,678564,22671384,662.7,108.5
2026-03-23T07:06:54Z,1186,742548,22735640,725.1,109.3
2026-03-23T07:06:55Z,1187,804776,22797592,785.9,109.4
2026-03-23T07:06:56Z,1188,865248,22858008,845.0,105.8
2026-03-23T07:06:57Z,1189,926488,22919192,904.8,108.5
2026-03-23T07:06:58Z,1190,989716,22982424,966.5,109.4
2026-03-23T07:07:00Z,1191,1050124,23043096,1025.5,104.9
2026-03-23T07:07:01Z,1192,1112584,23105816,1086.5,110.3
2026-03-23T07:07:02Z,1193,592976,22585624,579.1,151.1
2026-03-23T07:07:03Z,1194,592976,22585624,579.1,100.1
2026-03-23T07:07:04Z,1195,592976,22585624,579.1,94.5
2026-03-23T07:07:05Z,1196,606552,22599448,592.3,104.6
2026-03-23T07:07:06Z,1197,667176,22660376,651.5,100.4
2026-03-23T07:07:07Z,1198,667176,22660376,651.5,0.9
2026-03-23T07:07:08Z,1199,667176,22660376,651.5,0.0
2026-03-23T07:07:09Z,1200,667176,22660376,651.5,0.0
2026-03-23T07:07:10Z,1201,667176,22660376,651.5,0.0
2026-03-23T07:07:11Z,1202,667176,22660376,651.5,0.0
2026-03-23T07:07:12Z,1203,667176,22660376,651.5,0.0
2026-03-23T07:07:13Z,1204,667176,22660376,651.5,0.0
2026-03-23T07:07:15Z,1205,667176,22660376,651.5,0.0
2026-03-23T07:07:16Z,1206,667176,22660376,651.5,0.0
2026-03-23T07:07:17Z,1207,667176,22660376,651.5,0.0
2026-03-23T07:07:18Z,1208,667176,22660376,651.5,33.5
2026-03-23T07:07:19Z,1209,333220,22327320,325.4,64.3
2026-03-23T07:07:20Z,1210,332888,22327064,325.1,38.0
2026-03-23T07:07:21Z,1211,332888,22327064,325.1,0.0
2026-03-23T07:07:22Z,1212,332888,22327064,325.1,0.0
2026-03-23T07:07:23Z,1213,332888,22327064,325.1,0.0
2026-03-23T07:07:24Z,1214,332888,22327064,325.1,0.0
2026-03-23T07:07:25Z,1215,332920,22327064,325.1,0.0
2026-03-23T07:07:26Z,1216,332920,22327064,325.1,0.0
2026-03-23T07:07:27Z,1217,332920,22327064,325.1,0.0
2026-03-23T07:07:29Z,1218,332920,22327064,325.1,0.0
2026-03-23T07:07:30Z,1219,332920,22327064,325.1,0.0
2026-03-23T07:07:31Z,1220,332920,22327064,325.1,0.0
2026-03-23T07:07:32Z,1221,332920,22327064,325.1,0.0
2026-03-23T07:07:33Z,1222,332920,22327064,325.1,0.0
2026-03-23T07:07:34Z,1223,332920,22327064,325.1,0.0
2026-03-23T07:07:35Z,1224,332932,22327064,325.1,0.0
2026-03-23T07:07:36Z,1225,332932,22327064,325.1,0.0
2026-03-23T07:07:37Z,1226,332932,22327064,325.1,0.0
2026-03-23T07:07:38Z,1227,332932,22327064,325.1,0.0
2026-03-23T07:07:39Z,1228,332932,22327064,325.1,0.0
2026-03-23T07:07:40Z,1229,332932,22327064,325.1,0.0
2026-03-23T07:07:41Z,1230,332932,22327064,325.1,0.0
2026-03-23T07:07:42Z,1231,332932,22327064,325.1,0.0
2026-03-23T07:07:44Z,1232,332932,22327064,325.1,0.0
2026-03-23T07:07:45Z,1233,332932,22327064,325.1,0.0
2026-03-23T07:07:46Z,1234,332944,22327064,325.1,0.0
2026-03-23T07:07:47Z,1235,332944,22327064,325.1,0.0
2026-03-23T07:07:48Z,1236,332944,22327064,325.1,0.0
2026-03-23T07:07:49Z,1237,332944,22327064,325.1,0.0
2026-03-23T07:07:50Z,1238,332944,22327064,325.1,0.0
2026-03-23T07:07:51Z,1239,332944,22327064,325.1,0.0
2026-03-23T07:07:52Z,1240,332944,22327064,325.1,0.0
2026-03-23T07:07:53Z,1241,332944,22327064,325.1,0.0
2026-03-23T07:07:54Z,1242,332944,22327064,325.1,0.0
2026-03-23T07:07:55Z,1243,332956,22327064,325.2,0.0
2026-03-23T07:07:56Z,1244,332956,22327064,325.2,0.0
2026-03-23T07:07:58Z,1245,332956,22327064,325.2,0.0
2026-03-23T07:07:59Z,1246,332956,22327064,325.2,0.0
2026-03-23T07:08:00Z,1247,332956,22327064,325.2,0.0
2026-03-23T07:08:01Z,1248,332956,22327064,325.2,0.0
2026-03-23T07:08:02Z,1249,332956,22327064,325.2,0.0
2026-03-23T07:08:03Z,1250,332956,22327064,325.2,0.0
2026-03-23T07:08:04Z,1251,332956,22327064,325.2,0.0
2026-03-23T07:08:05Z,1252,332968,22327064,325.2,0.0
2026-03-23T07:08:06Z,1253,332968,22327064,325.2,0.0
2026-03-23T07:08:07Z,1254,332968,22327064,325.2,0.0
2026-03-23T07:08:08Z,1255,332968,22327064,325.2,0.0
2026-03-23T07:08:09Z,1256,332968,22327064,325.2,0.0
2026-03-23T07:08:10Z,1257,332968,22327064,325.2,0.0
2026-03-23T07:08:11Z,1258,332968,22327064,325.2,0.0
2026-03-23T07:08:13Z,1259,332968,22327064,325.2,0.0
2026-03-23T07:08:14Z,1260,332968,22327064,325.2,0.0
2026-03-23T07:08:15Z,1261,332984,22327064,325.2,0.0
2026-03-23T07:08:16Z,1262,332984,22327064,325.2,0.0
2026-03-23T07:08:17Z,1263,332984,22327064,325.2,0.0
2026-03-23T07:08:18Z,1264,332984,22327064,325.2,0.0
2026-03-23T07:08:19Z,1265,332984,22327064,325.2,0.0
2026-03-23T07:08:20Z,1266,332984,22327064,325.2,0.0
2026-03-23T07:08:21Z,1267,332984,22327064,325.2,0.0
2026-03-23T07:08:22Z,1268,332984,22327064,325.2,0.0
2026-03-23T07:08:23Z,1269,332984,22327064,325.2,0.0
2026-03-23T07:08:24Z,1270,332984,22327064,325.2,0.0
2026-03-23T07:08:25Z,1271,332996,22327064,325.2,0.0
2026-03-23T07:08:27Z,1272,332996,22327064,325.2,0.0
2026-03-23T07:08:28Z,1273,332996,22327064,325.2,0.0
2026-03-23T07:08:29Z,1274,332996,22327064,325.2,0.0
2026-03-23T07:08:30Z,1275,332996,22327064,325.2,0.0
2026-03-23T07:08:31Z,1276,332996,22327064,325.2,0.0
2026-03-23T07:08:32Z,1277,332996,22327064,325.2,0.0
2026-03-23T07:08:33Z,1278,332996,22327064,325.2,0.0
2026-03-23T07:08:34Z,1279,332996,22327064,325.2,0.0
2026-03-23T07:08:35Z,1280,333008,22327064,325.2,0.0
2026-03-23T07:08:36Z,1281,333008,22327064,325.2,0.0
2026-03-23T07:08:37Z,1282,333008,22327064,325.2,0.0
2026-03-23T07:08:38Z,1283,333008,22327064,325.2,0.0
2026-03-23T07:08:39Z,1284,333008,22327064,325.2,0.0
2026-03-23T07:08:40Z,1285,333008,22327064,325.2,0.0
2026-03-23T07:08:42Z,1286,333008,22327064,325.2,0.0
2026-03-23T07:08:43Z,1287,333008,22327064,325.2,0.0
2026-03-23T07:08:44Z,1288,333008,22327064,325.2,0.0
2026-03-23T07:08:45Z,1289,333020,22327064,325.2,0.9
2026-03-23T07:08:46Z,1290,333020,22327064,325.2,0.0
2026-03-23T07:08:47Z,1291,333020,22327064,325.2,0.0
2026-03-23T07:08:48Z,1292,333020,22327064,325.2,0.0
2026-03-23T07:08:49Z,1293,333020,22327064,325.2,0.0
2026-03-23T07:08:50Z,1294,333020,22327064,325.2,0.0
2026-03-23T07:08:51Z,1295,333020,22327064,325.2,0.0
2026-03-23T07:08:52Z,1296,333020,22327064,325.2,0.0
2026-03-23T07:08:53Z,1297,333020,22327064,325.2,0.0
2026-03-23T07:08:54Z,1298,333020,22327064,325.2,0.0
2026-03-23T07:08:55Z,1299,333032,22327064,325.2,0.0
2026-03-23T07:08:57Z,1300,333032,22327064,325.2,0.0
2026-03-23T07:08:58Z,1301,333032,22327064,325.2,0.0
2026-03-23T07:08:59Z,1302,333032,22327064,325.2,0.0
2026-03-23T07:09:00Z,1303,333032,22327064,325.2,0.0
2026-03-23T07:09:01Z,1304,333032,22327064,325.2,0.0
2026-03-23T07:09:02Z,1305,333032,22327064,325.2,0.0
2026-03-23T07:09:03Z,1306,333032,22327064,325.2,0.0
2026-03-23T07:09:04Z,1307,333032,22327064,325.2,0.0
2026-03-23T07:09:05Z,1308,333044,22327064,325.2,0.0
2026-03-23T07:09:06Z,1309,333044,22327064,325.2,0.0
2026-03-23T07:09:07Z,1310,333044,22327064,325.2,0.0
2026-03-23T07:09:08Z,1311,333044,22327064,325.2,0.0
2026-03-23T07:09:09Z,1312,333044,22327064,325.2,0.0
2026-03-23T07:09:11Z,1313,333044,22327064,325.2,0.0
2026-03-23T07:09:12Z,1314,333044,22327064,325.2,0.0
2026-03-23T07:09:13Z,1315,333044,22327064,325.2,0.0
2026-03-23T07:09:14Z,1316,333044,22327064,325.2,0.0
2026-03-23T07:09:15Z,1317,332248,22327064,324.5,0.0
2026-03-23T07:09:16Z,1318,332248,22327064,324.5,0.0
2026-03-23T07:09:17Z,1319,332248,22327064,324.5,0.0
