# run_id: rest-api_blocks_header_20260320_120144_391435 | service: rest-api | endpoint: blocks_header | process: polkadot-rest-a (PID 90936)
timestamp,elapsed_s,rss_kb,vsz_kb,rss_mb,cpu_pct
2026-03-20T12:01:45Z,0,28532,1263920,27.9,0.0
2026-03-20T12:01:46Z,1,28532,1263920,27.9,0.0
2026-03-20T12:01:47Z,2,28532,1263920,27.9,0.0
2026-03-20T12:01:48Z,3,28544,1263920,27.9,0.0
2026-03-20T12:01:50Z,4,28552,1263920,27.9,0.0
2026-03-20T12:01:51Z,5,28552,1263920,27.9,0.0
2026-03-20T12:01:52Z,6,28552,1263920,27.9,0.0
2026-03-20T12:01:53Z,7,28552,1263920,27.9,0.0
2026-03-20T12:01:54Z,8,28552,1263920,27.9,0.0
2026-03-20T12:01:55Z,9,28552,1263920,27.9,0.0
2026-03-20T12:01:56Z,10,28552,1263920,27.9,0.0
2026-03-20T12:01:57Z,11,28552,1263920,27.9,0.0
2026-03-20T12:01:58Z,12,28552,1263920,27.9,0.0
2026-03-20T12:01:59Z,13,28552,1263920,27.9,0.0
2026-03-20T12:02:00Z,14,28576,1263920,27.9,0.0
2026-03-20T12:02:01Z,15,28576,1263920,27.9,0.0
2026-03-20T12:02:02Z,16,28576,1263920,27.9,0.0
2026-03-20T12:02:03Z,17,28576,1263920,27.9,0.0
2026-03-20T12:02:05Z,18,28576,1263920,27.9,0.0
2026-03-20T12:02:06Z,19,28576,1263920,27.9,0.0
2026-03-20T12:02:07Z,20,28576,1263920,27.9,0.0
2026-03-20T12:02:08Z,21,28576,1263920,27.9,0.0
2026-03-20T12:02:09Z,22,28576,1263920,27.9,0.0
2026-03-20T12:02:10Z,23,28576,1263920,27.9,0.0
2026-03-20T12:02:11Z,24,28576,1263920,27.9,0.0
2026-03-20T12:02:12Z,25,28576,1263920,27.9,0.0
2026-03-20T12:02:13Z,26,28576,1263920,27.9,0.0
2026-03-20T12:02:14Z,27,28576,1263920,27.9,0.0
2026-03-20T12:02:15Z,28,28576,1263920,27.9,0.0
2026-03-20T12:02:16Z,29,28576,1263920,27.9,0.0
2026-03-20T12:02:17Z,30,28576,1263920,27.9,0.0
2026-03-20T12:02:19Z,31,28576,1263920,27.9,0.0
2026-03-20T12:02:20Z,32,28576,1263920,27.9,0.0
2026-03-20T12:02:21Z,33,28576,1263920,27.9,0.0
2026-03-20T12:02:22Z,34,28576,1263920,27.9,0.0
2026-03-20T12:02:23Z,35,28576,1263920,27.9,0.0
2026-03-20T12:02:24Z,36,28576,1263920,27.9,0.0
2026-03-20T12:02:25Z,37,28576,1263920,27.9,0.0
2026-03-20T12:02:26Z,38,28576,1263920,27.9,0.9
2026-03-20T12:02:27Z,39,28576,1263920,27.9,0.0
2026-03-20T12:02:28Z,40,28576,1263920,27.9,0.0
2026-03-20T12:02:29Z,41,28580,1263920,27.9,0.0
2026-03-20T12:02:30Z,42,28580,1263920,27.9,0.0
2026-03-20T12:02:31Z,43,28580,1263920,27.9,0.0
2026-03-20T12:02:32Z,44,28580,1263920,27.9,0.0
2026-03-20T12:02:34Z,45,28580,1263920,27.9,0.0
2026-03-20T12:02:35Z,46,28580,1263920,27.9,0.0
2026-03-20T12:02:36Z,47,28580,1263920,27.9,0.0
2026-03-20T12:02:37Z,48,28580,1263920,27.9,0.0
2026-03-20T12:02:38Z,49,28580,1263920,27.9,0.0
2026-03-20T12:02:39Z,50,28580,1263920,27.9,0.0
2026-03-20T12:02:40Z,51,28580,1263920,27.9,0.0
2026-03-20T12:02:41Z,52,28580,1263920,27.9,0.0
2026-03-20T12:02:42Z,53,28584,1263920,27.9,0.0
2026-03-20T12:02:43Z,54,28588,1263920,27.9,0.0
2026-03-20T12:02:44Z,55,28588,1263920,27.9,0.0
2026-03-20T12:02:45Z,56,83252,1330992,81.3,34.4
2026-03-20T12:02:46Z,57,206004,1454896,201.2,96.7
2026-03-20T12:02:48Z,58,252352,1518896,246.4,98.0
2026-03-20T12:02:49Z,59,244812,1521456,239.1,51.4
2026-03-20T12:02:50Z,60,232492,1521456,227.0,39.2
2026-03-20T12:02:51Z,61,219688,1521456,214.5,51.4
2026-03-20T12:02:52Z,62,196352,1521456,191.8,44.9
2026-03-20T12:02:53Z,63,180320,1521456,176.1,42.1
2026-03-20T12:02:54Z,64,166436,1521456,162.5,49.5
2026-03-20T12:02:55Z,65,162720,1521456,158.9,46.7
2026-03-20T12:02:56Z,66,162716,1521456,158.9,58.8
2026-03-20T12:02:57Z,67,161024,1521456,157.2,52.4
2026-03-20T12:02:58Z,68,161460,1521456,157.7,45.8
2026-03-20T12:02:59Z,69,144204,1521456,140.8,48.7
2026-03-20T12:03:00Z,70,144448,1521456,141.1,44.9
2026-03-20T12:03:01Z,71,144892,1521456,141.5,42.0
2026-03-20T12:03:03Z,72,145488,1521456,142.1,34.6
2026-03-20T12:03:04Z,73,145292,1521456,141.9,42.1
2026-03-20T12:03:05Z,74,145568,1521456,142.2,52.4
2026-03-20T12:03:06Z,75,145632,1521456,142.2,46.8
2026-03-20T12:03:07Z,76,145580,1521456,142.2,45.9
2026-03-20T12:03:08Z,77,145780,1521456,142.4,42.0
2026-03-20T12:03:09Z,78,145896,1524016,142.5,50.4
2026-03-20T12:03:10Z,79,145744,1524016,142.3,38.3
2026-03-20T12:03:11Z,80,145776,1524016,142.4,41.2
2026-03-20T12:03:12Z,81,145104,1524016,141.7,44.8
2026-03-20T12:03:13Z,82,145356,1524016,141.9,51.3
2026-03-20T12:03:14Z,83,145332,1524016,141.9,49.5
2026-03-20T12:03:15Z,84,144972,1526576,141.6,48.6
2026-03-20T12:03:16Z,85,144920,1526576,141.5,47.6
2026-03-20T12:03:17Z,86,144516,1526576,141.1,48.6
2026-03-20T12:03:19Z,87,144804,1526576,141.4,40.2
2026-03-20T12:03:20Z,88,144968,1526576,141.6,39.2
2026-03-20T12:03:21Z,89,144412,1526576,141.0,37.4
2026-03-20T12:03:22Z,90,144400,1526576,141.0,48.6
2026-03-20T12:03:23Z,91,144164,1526576,140.8,43.8
2026-03-20T12:03:24Z,92,143900,1526576,140.5,49.6
2026-03-20T12:03:25Z,93,144256,1526576,140.9,38.3
2026-03-20T12:03:26Z,94,144472,1526576,141.1,44.8
2026-03-20T12:03:27Z,95,144072,1526576,140.7,42.1
2026-03-20T12:03:28Z,96,92556,1526576,90.4,43.2
2026-03-20T12:03:29Z,97,92640,1526576,90.5,43.9
2026-03-20T12:03:30Z,98,92516,1526576,90.3,41.0
2026-03-20T12:03:31Z,99,92472,1526576,90.3,44.9
2026-03-20T12:03:32Z,100,92556,1526576,90.4,37.4
2026-03-20T12:03:34Z,101,92508,1526576,90.3,48.6
2026-03-20T12:03:35Z,102,92264,1526576,90.1,43.0
2026-03-20T12:03:36Z,103,91940,1526576,89.8,36.4
2026-03-20T12:03:37Z,104,91828,1526576,89.7,34.6
2026-03-20T12:03:38Z,105,91528,1526576,89.4,44.0
2026-03-20T12:03:39Z,106,91408,1526576,89.3,48.5
2026-03-20T12:03:40Z,107,91404,1526576,89.3,43.0
2026-03-20T12:03:41Z,108,91516,1526576,89.4,43.8
2026-03-20T12:03:42Z,109,91240,1526576,89.1,39.3
2026-03-20T12:03:43Z,110,91192,1526576,89.1,37.3
2026-03-20T12:03:44Z,111,91432,1526576,89.3,49.6
2026-03-20T12:03:45Z,112,91560,1526576,89.4,42.1
2026-03-20T12:03:46Z,113,91396,1526576,89.3,41.1
2026-03-20T12:03:47Z,114,91772,1526576,89.6,46.7
2026-03-20T12:03:49Z,115,91888,1526576,89.7,45.8
2026-03-20T12:03:50Z,116,91620,1526576,89.5,49.5
2026-03-20T12:03:51Z,117,92240,1526576,90.1,44.8
2026-03-20T12:03:52Z,118,92192,1526576,90.0,51.4
2026-03-20T12:03:53Z,119,91624,1526576,89.5,37.4
2026-03-20T12:03:54Z,120,91600,1526576,89.5,43.1
2026-03-20T12:03:55Z,121,91436,1526576,89.3,45.7
2026-03-20T12:03:56Z,122,92268,1526576,90.1,43.0
2026-03-20T12:03:57Z,123,92172,1526576,90.0,42.1
2026-03-20T12:03:58Z,124,92464,1526576,90.3,44.8
2026-03-20T12:03:59Z,125,92284,1526576,90.1,40.2
2026-03-20T12:04:00Z,126,92004,1526576,89.8,32.7
2026-03-20T12:04:01Z,127,92008,1526576,89.9,40.2
2026-03-20T12:04:02Z,128,92268,1526576,90.1,35.4
2026-03-20T12:04:04Z,129,92152,1526576,90.0,45.7
2026-03-20T12:04:05Z,130,92612,1526576,90.4,48.7
2026-03-20T12:04:06Z,131,93232,1526576,91.0,51.3
2026-03-20T12:04:07Z,132,93560,1526576,91.4,44.8
2026-03-20T12:04:08Z,133,93436,1526576,91.2,41.9
2026-03-20T12:04:09Z,134,94156,1526576,91.9,43.0
2026-03-20T12:04:10Z,135,92824,1526576,90.6,38.3
2026-03-20T12:04:11Z,136,92860,1526576,90.7,51.3
2026-03-20T12:04:12Z,137,92896,1526576,90.7,41.9
2026-03-20T12:04:13Z,138,92196,1526576,90.0,49.4
2026-03-20T12:04:14Z,139,92296,1526576,90.1,38.4
2026-03-20T12:04:15Z,140,93024,1526576,90.8,43.8
2026-03-20T12:04:16Z,141,92808,1526576,90.6,38.3
2026-03-20T12:04:17Z,142,92136,1526576,90.0,45.8
2026-03-20T12:04:19Z,143,92040,1526576,89.9,41.2
2026-03-20T12:04:20Z,144,92020,1526576,89.9,47.6
2026-03-20T12:04:21Z,145,91972,1526576,89.8,44.8
2026-03-20T12:04:22Z,146,92132,1526576,90.0,41.0
2026-03-20T12:04:23Z,147,92100,1526576,89.9,40.1
2026-03-20T12:04:24Z,148,91928,1526576,89.8,41.1
2026-03-20T12:04:25Z,149,91440,1526576,89.3,41.0
2026-03-20T12:04:26Z,150,91428,1526576,89.3,49.5
2026-03-20T12:04:27Z,151,92012,1526576,89.9,36.4
2026-03-20T12:04:28Z,152,91232,1526576,89.1,38.2
2026-03-20T12:04:29Z,153,91468,1526576,89.3,37.3
2026-03-20T12:04:30Z,154,91416,1526576,89.3,36.4
2026-03-20T12:04:31Z,155,91676,1526576,89.5,42.0
2026-03-20T12:04:32Z,156,91404,1526576,89.3,43.0
2026-03-20T12:04:34Z,157,91752,1526576,89.6,40.2
2026-03-20T12:04:35Z,158,92188,1526576,90.0,46.6
2026-03-20T12:04:36Z,159,91908,1526576,89.8,48.6
2026-03-20T12:04:37Z,160,92096,1526576,89.9,41.7
2026-03-20T12:04:38Z,161,92368,1526576,90.2,46.8
2026-03-20T12:04:39Z,162,92788,1526576,90.6,40.2
2026-03-20T12:04:40Z,163,92744,1529136,90.6,41.2
2026-03-20T12:04:41Z,164,92632,1529136,90.5,36.5
2026-03-20T12:04:42Z,165,92572,1529136,90.4,41.0
2026-03-20T12:04:43Z,166,92448,1529136,90.3,44.8
2026-03-20T12:04:44Z,167,92400,1529136,90.2,46.7
2026-03-20T12:04:45Z,168,92292,1529136,90.1,19.5
2026-03-20T12:04:46Z,169,92292,1529136,90.1,0.0
2026-03-20T12:04:47Z,170,94432,1533232,92.2,20.6
2026-03-20T12:04:49Z,171,94008,1533232,91.8,48.6
2026-03-20T12:04:50Z,172,91472,1533232,89.3,39.3
2026-03-20T12:04:51Z,173,92364,1533232,90.2,41.1
2026-03-20T12:04:52Z,174,92068,1533232,89.9,31.8
2026-03-20T12:04:53Z,175,90628,1533232,88.5,41.1
2026-03-20T12:04:54Z,176,91056,1533232,88.9,42.1
2026-03-20T12:04:55Z,177,91020,1533232,88.9,42.0
2026-03-20T12:04:56Z,178,90424,1533232,88.3,43.9
2026-03-20T12:04:57Z,179,90488,1533232,88.4,39.3
2026-03-20T12:04:58Z,180,90548,1533232,88.4,36.4
2026-03-20T12:04:59Z,181,90344,1533232,88.2,38.3
2026-03-20T12:05:00Z,182,90044,1533232,87.9,44.0
2026-03-20T12:05:01Z,183,89936,1533232,87.8,43.1
2026-03-20T12:05:02Z,184,90208,1533232,88.1,53.3
2026-03-20T12:05:04Z,185,90220,1533232,88.1,41.1
2026-03-20T12:05:05Z,186,90276,1533232,88.2,42.1
2026-03-20T12:05:06Z,187,90012,1533232,87.9,44.8
2026-03-20T12:05:07Z,188,90560,1533232,88.4,39.2
2026-03-20T12:05:08Z,189,90136,1533232,88.0,43.9
2026-03-20T12:05:09Z,190,90216,1533232,88.1,45.7
2026-03-20T12:05:10Z,191,90428,1533232,88.3,41.2
2026-03-20T12:05:11Z,192,90048,1533232,87.9,42.9
2026-03-20T12:05:12Z,193,89896,1533232,87.8,35.6
2026-03-20T12:05:13Z,194,90180,1533232,88.1,34.6
2026-03-20T12:05:14Z,195,89992,1533232,87.9,38.4
2026-03-20T12:05:15Z,196,89852,1533232,87.7,44.1
2026-03-20T12:05:16Z,197,89236,1533232,87.1,41.0
2026-03-20T12:05:17Z,198,89232,1533232,87.1,46.7
2026-03-20T12:05:19Z,199,89692,1533232,87.6,34.6
2026-03-20T12:05:20Z,200,90044,1533232,87.9,43.0
2026-03-20T12:05:21Z,201,89716,1533232,87.6,36.5
2026-03-20T12:05:22Z,202,89080,1533232,87.0,41.0
2026-03-20T12:05:23Z,203,89136,1533232,87.0,40.1
2026-03-20T12:05:24Z,204,89328,1533232,87.2,29.9
2026-03-20T12:05:25Z,205,89364,1533232,87.3,43.9
2026-03-20T12:05:26Z,206,89444,1533232,87.3,44.9
2026-03-20T12:05:27Z,207,89660,1533232,87.6,39.2
2026-03-20T12:05:28Z,208,90044,1533232,87.9,41.1
2026-03-20T12:05:29Z,209,89760,1533232,87.7,40.9
2026-03-20T12:05:30Z,210,89644,1533232,87.5,47.6
2026-03-20T12:05:31Z,211,89320,1533232,87.2,42.1
2026-03-20T12:05:32Z,212,89812,1533232,87.7,47.6
2026-03-20T12:05:33Z,213,89788,1533232,87.7,43.9
2026-03-20T12:05:35Z,214,89664,1533232,87.6,48.7
2026-03-20T12:05:36Z,215,89660,1533232,87.6,52.2
2026-03-20T12:05:37Z,216,89732,1533232,87.6,45.8
2026-03-20T12:05:38Z,217,89640,1533232,87.5,35.5
2026-03-20T12:05:39Z,218,89284,1533232,87.2,44.8
2026-03-20T12:05:40Z,219,89704,1533232,87.6,44.9
2026-03-20T12:05:41Z,220,89540,1533232,87.4,43.0
2026-03-20T12:05:42Z,221,89260,1533232,87.2,46.7
2026-03-20T12:05:43Z,222,89408,1533232,87.3,54.1
2026-03-20T12:05:44Z,223,89728,1533232,87.6,45.7
2026-03-20T12:05:45Z,224,89292,1533232,87.2,46.7
2026-03-20T12:05:46Z,225,89880,1533232,87.8,43.8
2026-03-20T12:05:47Z,226,89972,1533232,87.9,50.4
2026-03-20T12:05:48Z,227,90120,1533232,88.0,53.3
2026-03-20T12:05:50Z,228,90096,1533232,88.0,46.7
2026-03-20T12:05:51Z,229,90432,1533232,88.3,44.8
2026-03-20T12:05:52Z,230,90472,1533232,88.4,41.1
2026-03-20T12:05:53Z,231,89836,1533232,87.7,54.1
2026-03-20T12:05:54Z,232,90376,1533232,88.3,60.7
2026-03-20T12:05:55Z,233,90776,1533232,88.6,48.5
2026-03-20T12:05:56Z,234,91492,1533232,89.3,43.8
2026-03-20T12:05:57Z,235,91148,1533232,89.0,56.0
2026-03-20T12:05:58Z,236,91248,1533232,89.1,55.1
2026-03-20T12:05:59Z,237,90612,1533232,88.5,50.4
2026-03-20T12:06:00Z,238,90628,1533232,88.5,54.2
2026-03-20T12:06:01Z,239,90296,1533232,88.2,47.7
2026-03-20T12:06:02Z,240,89732,1533232,87.6,54.2
2026-03-20T12:06:03Z,241,89920,1533232,87.8,60.7
2026-03-20T12:06:05Z,242,90200,1533232,88.1,52.5
2026-03-20T12:06:06Z,243,90448,1533232,88.3,49.8
2026-03-20T12:06:07Z,244,90952,1533232,88.8,49.6
2026-03-20T12:06:08Z,245,91524,1533232,89.4,64.6
2026-03-20T12:06:09Z,246,91900,1533232,89.7,65.3
2026-03-20T12:06:10Z,247,91548,1533232,89.4,74.8
2026-03-20T12:06:11Z,248,91168,1533232,89.0,57.8
2026-03-20T12:06:12Z,249,90808,1533232,88.7,55.1
2026-03-20T12:06:13Z,250,90588,1533232,88.5,61.6
2026-03-20T12:06:14Z,251,90468,1533232,88.3,60.6
2026-03-20T12:06:15Z,252,90376,1533232,88.3,56.0
2026-03-20T12:06:16Z,253,90892,1533232,88.8,57.8
2026-03-20T12:06:17Z,254,90180,1533232,88.1,57.8
2026-03-20T12:06:18Z,255,91268,1533232,89.1,66.4
2026-03-20T12:06:20Z,256,91216,1533232,89.1,62.7
2026-03-20T12:06:21Z,257,91520,1533232,89.4,61.7
2026-03-20T12:06:22Z,258,91892,1533232,89.7,62.5
2026-03-20T12:06:23Z,259,92004,1533232,89.8,66.4
2026-03-20T12:06:24Z,260,92140,1533232,90.0,57.1
2026-03-20T12:06:25Z,261,92188,1533232,90.0,70.1
2026-03-20T12:06:26Z,262,92220,1533232,90.1,67.3
2026-03-20T12:06:27Z,263,92440,1533232,90.3,62.7
2026-03-20T12:06:28Z,264,92568,1533232,90.4,54.3
2026-03-20T12:06:29Z,265,92560,1533232,90.4,66.2
2026-03-20T12:06:30Z,266,92540,1533232,90.4,71.0
2026-03-20T12:06:31Z,267,92024,1533232,89.9,58.8
2026-03-20T12:06:32Z,268,91820,1533232,89.7,59.7
2026-03-20T12:06:33Z,269,92104,1533232,89.9,62.3
2026-03-20T12:06:35Z,270,92128,1533232,90.0,82.1
2026-03-20T12:06:36Z,271,91976,1533232,89.8,75.6
2026-03-20T12:06:37Z,272,91500,1533232,89.4,61.7
2026-03-20T12:06:38Z,273,91204,1533232,89.1,75.6
2026-03-20T12:06:39Z,274,91584,1533232,89.4,75.6
2026-03-20T12:06:40Z,275,91228,1533232,89.1,71.9
2026-03-20T12:06:41Z,276,91140,1533232,89.0,57.0
2026-03-20T12:06:42Z,277,90556,1533232,88.4,65.3
2026-03-20T12:06:43Z,278,90876,1533232,88.7,76.7
2026-03-20T12:06:44Z,279,91300,1533232,89.2,69.2
2026-03-20T12:06:45Z,280,91448,1533232,89.3,78.3
2026-03-20T12:06:46Z,281,91820,1533232,89.7,76.5
2026-03-20T12:06:47Z,282,91560,1533232,89.4,53.2
2026-03-20T12:06:48Z,283,91560,1533232,89.4,0.0
2026-03-20T12:06:50Z,284,94352,1540912,92.1,8.5
2026-03-20T12:06:51Z,285,93204,1540912,91.0,66.5
2026-03-20T12:06:52Z,286,93156,1540912,91.0,67.0
2026-03-20T12:06:53Z,287,93252,1540912,91.1,72.1
2026-03-20T12:06:54Z,288,93472,1540912,91.3,70.1
2026-03-20T12:06:55Z,289,92432,1540912,90.3,61.8
2026-03-20T12:06:56Z,290,91920,1540912,89.8,31.8
2026-03-20T12:06:57Z,291,90048,1540912,87.9,33.8
2026-03-20T12:06:58Z,292,90364,1540912,88.2,67.3
2026-03-20T12:06:59Z,293,91068,1540912,88.9,65.4
2026-03-20T12:07:00Z,294,91572,1540912,89.4,71.9
2026-03-20T12:07:01Z,295,92044,1540912,89.9,84.9
2026-03-20T12:07:02Z,296,91344,1540912,89.2,81.5
2026-03-20T12:07:03Z,297,91900,1540912,89.7,73.0
2026-03-20T12:07:04Z,298,91280,1540912,89.1,57.9
2026-03-20T12:07:06Z,299,90812,1540912,88.7,66.2
2026-03-20T12:07:07Z,300,91456,1540912,89.3,71.8
2026-03-20T12:07:08Z,301,91624,1540912,89.5,71.9
2026-03-20T12:07:09Z,302,91996,1540912,89.8,73.7
2026-03-20T12:07:10Z,303,91852,1540912,89.7,73.7
2026-03-20T12:07:11Z,304,91716,1540912,89.6,73.8
2026-03-20T12:07:12Z,305,91792,1540912,89.6,72.9
2026-03-20T12:07:13Z,306,92280,1540912,90.1,85.0
2026-03-20T12:07:14Z,307,91968,1540912,89.8,79.4
2026-03-20T12:07:15Z,308,92424,1540912,90.3,84.1
2026-03-20T12:07:16Z,309,92204,1540912,90.0,79.5
2026-03-20T12:07:17Z,310,91960,1540912,89.8,65.3
2026-03-20T12:07:18Z,311,92296,1540912,90.1,78.5
2026-03-20T12:07:19Z,312,92560,1540912,90.4,81.0
2026-03-20T12:07:21Z,313,92496,1540912,90.3,89.7
2026-03-20T12:07:22Z,314,91500,1540912,89.4,75.7
2026-03-20T12:07:23Z,315,91584,1540912,89.4,79.2
2026-03-20T12:07:24Z,316,91792,1540912,89.6,76.7
2026-03-20T12:07:25Z,317,92704,1540912,90.5,77.5
2026-03-20T12:07:26Z,318,92276,1540912,90.1,73.7
2026-03-20T12:07:27Z,319,92080,1540912,89.9,78.5
2026-03-20T12:07:28Z,320,92216,1540912,90.1,70.9
2026-03-20T12:07:29Z,321,91956,1540912,89.8,79.4
2026-03-20T12:07:30Z,322,92288,1540912,90.1,82.1
2026-03-20T12:07:31Z,323,92840,1540912,90.7,89.5
2026-03-20T12:07:32Z,324,92396,1540912,90.2,73.8
2026-03-20T12:07:33Z,325,91620,1540912,89.5,73.0
2026-03-20T12:07:34Z,326,91988,1540912,89.8,73.6
2026-03-20T12:07:36Z,327,92608,1540912,90.4,81.0
2026-03-20T12:07:37Z,328,92540,1540912,90.4,80.3
2026-03-20T12:07:38Z,329,92732,1540912,90.6,90.7
2026-03-20T12:07:39Z,330,91688,1540912,89.5,72.9
2026-03-20T12:07:40Z,331,91912,1540912,89.8,73.9
2026-03-20T12:07:41Z,332,92464,1540912,90.3,81.6
2026-03-20T12:07:42Z,333,92196,1540912,90.0,67.3
2026-03-20T12:07:43Z,334,91940,1540912,89.8,71.2
2026-03-20T12:07:44Z,335,92244,1540912,90.1,74.0
2026-03-20T12:07:45Z,336,91688,1540912,89.5,82.5
2026-03-20T12:07:46Z,337,92076,1540912,89.9,76.8
2026-03-20T12:07:47Z,338,92400,1540912,90.2,76.5
2026-03-20T12:07:48Z,339,92500,1540912,90.3,79.4
2026-03-20T12:07:49Z,340,92272,1540912,90.1,69.0
2026-03-20T12:07:51Z,341,92740,1540912,90.6,75.6
2026-03-20T12:07:52Z,342,92720,1540912,90.5,82.2
2026-03-20T12:07:53Z,343,92488,1540912,90.3,76.6
2026-03-20T12:07:54Z,344,91796,1540912,89.6,68.3
2026-03-20T12:07:55Z,345,91916,1540912,89.8,77.5
2026-03-20T12:07:56Z,346,92080,1540912,89.9,76.8
2026-03-20T12:07:57Z,347,92220,1540912,90.1,71.9
2026-03-20T12:07:58Z,348,92396,1540912,90.2,77.5
2026-03-20T12:07:59Z,349,92064,1540912,89.9,69.1
2026-03-20T12:08:00Z,350,92484,1540912,90.3,73.8
2026-03-20T12:08:01Z,351,92048,1540912,89.9,57.9
2026-03-20T12:08:02Z,352,92068,1540912,89.9,67.3
2026-03-20T12:08:03Z,353,92280,1540912,90.1,74.7
2026-03-20T12:08:04Z,354,91932,1540912,89.8,55.2
2026-03-20T12:08:06Z,355,91736,1540912,89.6,84.2
2026-03-20T12:08:07Z,356,92268,1540912,90.1,76.9
2026-03-20T12:08:08Z,357,91972,1540912,89.8,75.8
2026-03-20T12:08:09Z,358,91932,1540912,89.8,74.6
2026-03-20T12:08:10Z,359,92412,1540912,90.2,74.8
2026-03-20T12:08:11Z,360,91640,1540912,89.5,70.2
2026-03-20T12:08:12Z,361,91612,1540912,89.5,71.0
2026-03-20T12:08:13Z,362,92004,1540912,89.8,77.6
2026-03-20T12:08:14Z,363,91884,1540912,89.7,82.4
2026-03-20T12:08:15Z,364,91780,1540912,89.6,85.0
2026-03-20T12:08:16Z,365,92000,1540912,89.8,85.1
2026-03-20T12:08:17Z,366,91632,1540912,89.5,79.4
2026-03-20T12:08:18Z,367,91552,1540912,89.4,84.0
2026-03-20T12:08:19Z,368,91440,1540912,89.3,66.4
2026-03-20T12:08:20Z,369,90892,1540912,88.8,76.6
2026-03-20T12:08:22Z,370,91168,1540912,89.0,79.4
2026-03-20T12:08:23Z,371,91188,1540912,89.1,71.8
2026-03-20T12:08:24Z,372,91500,1540912,89.4,88.5
2026-03-20T12:08:25Z,373,91512,1540912,89.4,72.7
2026-03-20T12:08:26Z,374,91244,1540912,89.1,77.5
2026-03-20T12:08:27Z,375,91340,1540912,89.2,71.0
2026-03-20T12:08:28Z,376,91148,1540912,89.0,71.9
2026-03-20T12:08:29Z,377,91652,1540912,89.5,70.0
2026-03-20T12:08:30Z,378,92044,1540912,89.9,61.7
2026-03-20T12:08:31Z,379,91820,1540912,89.7,71.8
2026-03-20T12:08:32Z,380,91644,1540912,89.5,73.0
2026-03-20T12:08:33Z,381,91944,1540912,89.8,60.6
2026-03-20T12:08:34Z,382,92220,1540912,90.1,64.6
2026-03-20T12:08:35Z,383,92096,1540912,89.9,68.3
2026-03-20T12:08:37Z,384,91504,1540912,89.4,62.5
2026-03-20T12:08:38Z,385,91936,1540912,89.8,69.1
2026-03-20T12:08:39Z,386,91772,1540912,89.6,70.1
2026-03-20T12:08:40Z,387,92284,1540912,90.1,66.3
2026-03-20T12:08:41Z,388,92436,1540912,90.3,63.6
2026-03-20T12:08:42Z,389,92664,1540912,90.5,60.7
2026-03-20T12:08:43Z,390,92320,1540912,90.2,68.4
2026-03-20T12:08:44Z,391,91644,1540912,89.5,72.9
2026-03-20T12:08:45Z,392,91736,1540912,89.6,72.9
2026-03-20T12:08:46Z,393,91544,1540912,89.4,66.2
2026-03-20T12:08:47Z,394,91592,1540912,89.4,78.2
2026-03-20T12:08:48Z,395,92068,1540912,89.9,66.2
2026-03-20T12:08:49Z,396,91932,1540912,89.8,62.7
2026-03-20T12:08:50Z,397,91236,1540912,89.1,6.5
2026-03-20T12:08:52Z,398,91236,1540912,89.1,0.9
2026-03-20T12:08:53Z,399,91740,1545008,89.6,55.3
2026-03-20T12:08:54Z,400,90240,1545008,88.1,68.9
2026-03-20T12:08:55Z,401,90344,1545008,88.2,59.7
2026-03-20T12:08:56Z,402,90968,1545008,88.8,64.6
2026-03-20T12:08:57Z,403,91096,1545008,89.0,77.5
2026-03-20T12:08:58Z,404,90844,1545008,88.7,72.0
2026-03-20T12:08:59Z,405,90896,1545008,88.8,75.8
2026-03-20T12:09:00Z,406,91748,1545008,89.6,79.3
2026-03-20T12:09:01Z,407,91160,1545008,89.0,59.9
2026-03-20T12:09:02Z,408,91304,1545008,89.2,73.8
2026-03-20T12:09:03Z,409,91440,1545008,89.3,68.2
2026-03-20T12:09:04Z,410,91428,1545008,89.3,72.8
2026-03-20T12:09:05Z,411,91424,1545008,89.3,74.7
2026-03-20T12:09:07Z,412,91036,1545008,88.9,61.6
2026-03-20T12:09:08Z,413,90808,1545008,88.7,61.6
2026-03-20T12:09:09Z,414,91392,1545008,89.2,68.1
2026-03-20T12:09:10Z,415,91408,1545008,89.3,68.0
2026-03-20T12:09:11Z,416,90700,1545008,88.6,62.3
2026-03-20T12:09:12Z,417,90488,1545008,88.4,71.0
2026-03-20T12:09:13Z,418,89556,1545008,87.5,79.3
2026-03-20T12:09:14Z,419,89660,1545008,87.6,60.6
2026-03-20T12:09:15Z,420,90044,1545008,87.9,70.1
2026-03-20T12:09:16Z,421,89784,1545008,87.7,59.7
2026-03-20T12:09:17Z,422,89952,1545008,87.8,67.2
2026-03-20T12:09:18Z,423,89724,1545008,87.6,68.2
2026-03-20T12:09:19Z,424,90080,1545008,88.0,60.8
2026-03-20T12:09:20Z,425,89960,1545008,87.9,55.1
2026-03-20T12:09:22Z,426,89316,1545008,87.2,53.3
2026-03-20T12:09:23Z,427,89936,1545008,87.8,55.9
2026-03-20T12:09:24Z,428,90104,1545008,88.0,55.9
2026-03-20T12:09:25Z,429,90120,1545008,88.0,68.1
2026-03-20T12:09:26Z,430,90056,1545008,87.9,65.6
2026-03-20T12:09:27Z,431,89944,1545008,87.8,68.4
2026-03-20T12:09:28Z,432,89956,1545008,87.8,54.4
2026-03-20T12:09:29Z,433,90212,1545008,88.1,58.2
2026-03-20T12:09:30Z,434,90416,1545008,88.3,56.1
2026-03-20T12:09:31Z,435,90208,1545008,88.1,62.5
2026-03-20T12:09:32Z,436,90896,1545008,88.8,71.0
2026-03-20T12:09:33Z,437,91028,1545008,88.9,65.4
2026-03-20T12:09:34Z,438,90768,1545008,88.6,59.8
2026-03-20T12:09:35Z,439,89096,1545008,87.0,56.1
2026-03-20T12:09:37Z,440,89120,1545008,87.0,61.6
2026-03-20T12:09:38Z,441,89328,1545008,87.2,62.6
2026-03-20T12:09:39Z,442,89424,1545008,87.3,58.9
2026-03-20T12:09:40Z,443,89696,1545008,87.6,59.7
2026-03-20T12:09:41Z,444,89940,1545008,87.8,67.3
2026-03-20T12:09:42Z,445,90220,1545008,88.1,70.9
2026-03-20T12:09:43Z,446,89840,1545008,87.7,53.3
2026-03-20T12:09:44Z,447,89660,1545008,87.6,68.2
2026-03-20T12:09:45Z,448,90080,1545008,88.0,63.4
2026-03-20T12:09:46Z,449,90292,1545008,88.2,58.0
2026-03-20T12:09:47Z,450,89960,1545008,87.9,56.2
2026-03-20T12:09:48Z,451,89540,1545008,87.4,50.5
2026-03-20T12:09:49Z,452,89288,1545008,87.2,75.7
2026-03-20T12:09:50Z,453,88632,1545008,86.6,60.8
2026-03-20T12:09:51Z,454,89148,1545008,87.1,55.3
2026-03-20T12:09:53Z,455,89464,1545008,87.4,56.1
2026-03-20T12:09:54Z,456,89784,1545008,87.7,57.1
2026-03-20T12:09:55Z,457,89452,1545008,87.4,61.7
2026-03-20T12:09:56Z,458,89656,1545008,87.6,59.0
2026-03-20T12:09:57Z,459,89552,1545008,87.5,47.7
2026-03-20T12:09:58Z,460,89256,1545008,87.2,56.1
2026-03-20T12:09:59Z,461,89232,1545008,87.1,48.5
2026-03-20T12:10:00Z,462,89544,1545008,87.4,59.6
2026-03-20T12:10:01Z,463,89320,1545008,87.2,51.3
2026-03-20T12:10:02Z,464,89492,1545008,87.4,37.2
2026-03-20T12:10:03Z,465,90236,1545008,88.1,64.4
2026-03-20T12:10:04Z,466,89240,1545008,87.1,49.7
2026-03-20T12:10:05Z,467,90052,1545008,87.9,50.5
2026-03-20T12:10:06Z,468,89876,1545008,87.8,52.3
2026-03-20T12:10:08Z,469,90192,1545008,88.1,67.2
2026-03-20T12:10:09Z,470,90276,1545008,88.2,56.8
2026-03-20T12:10:10Z,471,90272,1545008,88.2,60.6
2026-03-20T12:10:11Z,472,89768,1545008,87.7,54.3
2026-03-20T12:10:12Z,473,89948,1545008,87.8,58.9
2026-03-20T12:10:13Z,474,89912,1545008,87.8,45.7
2026-03-20T12:10:14Z,475,90352,1545008,88.2,62.6
2026-03-20T12:10:15Z,476,90716,1545008,88.6,63.5
2026-03-20T12:10:16Z,477,91016,1545008,88.9,67.3
2026-03-20T12:10:17Z,478,90132,1545008,88.0,55.2
2026-03-20T12:10:18Z,479,89896,1545008,87.8,47.6
2026-03-20T12:10:19Z,480,89648,1545008,87.5,55.0
2026-03-20T12:10:20Z,481,89320,1545008,87.2,50.5
2026-03-20T12:10:21Z,482,89192,1545008,87.1,42.1
2026-03-20T12:10:23Z,483,90212,1545008,88.1,56.0
2026-03-20T12:10:24Z,484,90252,1545008,88.1,55.9
2026-03-20T12:10:25Z,485,89456,1545008,87.4,47.6
2026-03-20T12:10:26Z,486,90392,1545008,88.3,47.5
2026-03-20T12:10:27Z,487,89784,1545008,87.7,54.2
2026-03-20T12:10:28Z,488,90372,1545008,88.3,45.7
2026-03-20T12:10:29Z,489,90276,1545008,88.2,52.3
2026-03-20T12:10:30Z,490,90532,1545008,88.4,46.7
2026-03-20T12:10:31Z,491,90680,1545008,88.6,50.4
2026-03-20T12:10:32Z,492,90232,1545008,88.1,52.3
2026-03-20T12:10:33Z,493,90388,1545008,88.3,47.6
2026-03-20T12:10:34Z,494,90696,1545008,88.6,47.7
2026-03-20T12:10:35Z,495,90940,1545008,88.8,56.0
2026-03-20T12:10:36Z,496,90656,1545008,88.5,45.7
2026-03-20T12:10:38Z,497,90692,1545008,88.6,42.0
2026-03-20T12:10:39Z,498,90636,1545008,88.5,52.3
2026-03-20T12:10:40Z,499,89504,1545008,87.4,57.0
2026-03-20T12:10:41Z,500,89484,1545008,87.4,50.5
2026-03-20T12:10:42Z,501,90120,1545008,88.0,53.3
2026-03-20T12:10:43Z,502,89660,1545008,87.6,40.1
2026-03-20T12:10:44Z,503,90148,1545008,88.0,51.5
2026-03-20T12:10:45Z,504,90728,1545008,88.6,50.4
2026-03-20T12:10:46Z,505,90492,1545008,88.4,44.9
2026-03-20T12:10:47Z,506,90320,1545008,88.2,58.0
2026-03-20T12:10:48Z,507,90388,1545008,88.3,48.5
2026-03-20T12:10:49Z,508,89928,1545008,87.8,62.6
2026-03-20T12:10:50Z,509,90864,1545008,88.7,52.3
2026-03-20T12:10:51Z,510,90628,1545008,88.5,44.8
2026-03-20T12:10:53Z,511,90196,1545008,88.1,22.4
2026-03-20T12:10:54Z,512,90196,1545008,88.1,0.0
2026-03-20T12:10:55Z,513,90624,1545008,88.5,26.2
2026-03-20T12:10:56Z,514,90368,1545008,88.2,49.5
2026-03-20T12:10:57Z,515,90720,1545008,88.6,52.3
2026-03-20T12:10:58Z,516,90932,1545008,88.8,48.7
2026-03-20T12:10:59Z,517,90784,1545008,88.7,47.6
2026-03-20T12:11:00Z,518,89524,1545008,87.4,52.3
2026-03-20T12:11:01Z,519,90092,1545008,88.0,52.2
2026-03-20T12:11:02Z,520,89976,1545008,87.9,38.3
2026-03-20T12:11:03Z,521,89984,1545008,87.9,48.5
2026-03-20T12:11:04Z,522,90304,1545008,88.2,48.6
2026-03-20T12:11:05Z,523,89376,1545008,87.3,49.5
2026-03-20T12:11:06Z,524,89076,1545008,87.0,43.0
2026-03-20T12:11:08Z,525,89208,1545008,87.1,48.5
2026-03-20T12:11:09Z,526,89624,1545008,87.5,47.6
2026-03-20T12:11:10Z,527,89868,1545008,87.8,44.9
2026-03-20T12:11:11Z,528,89792,1545008,87.7,45.6
2026-03-20T12:11:12Z,529,89628,1545008,87.5,43.8
2026-03-20T12:11:13Z,530,89140,1545008,87.1,42.1
2026-03-20T12:11:14Z,531,89088,1545008,87.0,48.5
2026-03-20T12:11:15Z,532,90028,1545008,87.9,42.0
2026-03-20T12:11:16Z,533,90264,1545008,88.1,47.7
2026-03-20T12:11:17Z,534,90008,1545008,87.9,51.4
2026-03-20T12:11:18Z,535,90280,1545008,88.2,58.8
2026-03-20T12:11:19Z,536,90340,1545008,88.2,47.6
2026-03-20T12:11:20Z,537,90300,1545008,88.2,49.4
2026-03-20T12:11:21Z,538,90124,1545008,88.0,57.0
2026-03-20T12:11:23Z,539,89240,1545008,87.1,42.8
2026-03-20T12:11:24Z,540,88896,1545008,86.8,35.6
2026-03-20T12:11:25Z,541,88620,1545008,86.5,43.9
2026-03-20T12:11:26Z,542,88812,1545008,86.7,52.3
2026-03-20T12:11:27Z,543,88908,1545008,86.8,38.4
2026-03-20T12:11:28Z,544,88900,1545008,86.8,47.7
2026-03-20T12:11:29Z,545,89316,1545008,87.2,50.5
2026-03-20T12:11:30Z,546,89708,1545008,87.6,51.4
2026-03-20T12:11:31Z,547,90032,1545008,87.9,48.5
2026-03-20T12:11:32Z,548,89972,1545008,87.9,48.6
2026-03-20T12:11:33Z,549,89776,1545008,87.7,43.9
2026-03-20T12:11:34Z,550,89776,1545008,87.7,38.1
2026-03-20T12:11:35Z,551,89972,1545008,87.9,45.9
2026-03-20T12:11:36Z,552,89704,1545008,87.6,52.3
2026-03-20T12:11:37Z,553,90356,1545008,88.2,55.2
2026-03-20T12:11:39Z,554,90240,1545008,88.1,42.9
2026-03-20T12:11:40Z,555,89792,1545008,87.7,42.1
2026-03-20T12:11:41Z,556,89552,1545008,87.5,36.3
2026-03-20T12:11:42Z,557,89680,1545008,87.6,50.4
2026-03-20T12:11:43Z,558,89940,1545008,87.8,42.6
2026-03-20T12:11:44Z,559,89928,1545008,87.8,48.6
2026-03-20T12:11:45Z,560,89932,1545008,87.8,48.6
2026-03-20T12:11:46Z,561,89860,1545008,87.8,42.0
2026-03-20T12:11:47Z,562,89400,1545008,87.3,44.8
2026-03-20T12:11:48Z,563,88872,1545008,86.8,54.3
2026-03-20T12:11:49Z,564,90124,1545008,88.0,43.9
2026-03-20T12:11:50Z,565,90352,1545008,88.2,55.0
2026-03-20T12:11:51Z,566,90480,1545008,88.4,49.4
2026-03-20T12:11:52Z,567,90080,1545008,88.0,44.1
2026-03-20T12:11:54Z,568,90196,1545008,88.1,61.8
2026-03-20T12:11:55Z,569,90088,1545008,88.0,38.3
2026-03-20T12:11:56Z,570,90484,1545008,88.4,52.3
2026-03-20T12:11:57Z,571,89736,1545008,87.6,49.6
2026-03-20T12:11:58Z,572,89760,1545008,87.7,42.1
2026-03-20T12:11:59Z,573,89952,1545008,87.8,35.5
2026-03-20T12:12:00Z,574,90204,1545008,88.1,53.3
2026-03-20T12:12:01Z,575,90440,1545008,88.3,42.0
2026-03-20T12:12:02Z,576,90284,1545008,88.2,44.9
2026-03-20T12:12:03Z,577,90224,1545008,88.1,39.1
2026-03-20T12:12:04Z,578,90512,1545008,88.4,47.6
2026-03-20T12:12:05Z,579,90344,1545008,88.2,52.3
2026-03-20T12:12:06Z,580,91056,1545008,88.9,52.2
2026-03-20T12:12:07Z,581,91020,1545008,88.9,36.4
2026-03-20T12:12:09Z,582,91108,1545008,89.0,53.3
2026-03-20T12:12:10Z,583,91064,1545008,88.9,53.1
2026-03-20T12:12:11Z,584,90480,1545008,88.4,45.8
2026-03-20T12:12:12Z,585,90340,1545008,88.2,52.2
2026-03-20T12:12:13Z,586,90252,1545008,88.1,43.0
2026-03-20T12:12:14Z,587,90400,1545008,88.3,49.4
2026-03-20T12:12:15Z,588,90916,1545008,88.8,43.9
2026-03-20T12:12:16Z,589,90140,1545008,88.0,48.6
2026-03-20T12:12:17Z,590,90692,1545008,88.6,53.4
2026-03-20T12:12:18Z,591,90432,1545008,88.3,43.8
2026-03-20T12:12:19Z,592,90820,1545008,88.7,56.0
2026-03-20T12:12:20Z,593,90720,1545008,88.6,42.2
2026-03-20T12:12:21Z,594,90708,1545008,88.6,48.6
2026-03-20T12:12:22Z,595,90744,1545008,88.6,50.4
2026-03-20T12:12:24Z,596,90652,1545008,88.5,49.6
2026-03-20T12:12:25Z,597,90452,1545008,88.3,38.3
2026-03-20T12:12:26Z,598,90892,1545008,88.8,66.3
2026-03-20T12:12:27Z,599,90744,1545008,88.6,40.1
2026-03-20T12:12:28Z,600,90928,1545008,88.8,49.4
2026-03-20T12:12:29Z,601,90452,1545008,88.3,40.1
2026-03-20T12:12:30Z,602,89756,1545008,87.7,52.4
2026-03-20T12:12:31Z,603,89692,1545008,87.6,40.1
2026-03-20T12:12:32Z,604,89772,1545008,87.7,48.4
2026-03-20T12:12:33Z,605,89560,1545008,87.5,43.0
2026-03-20T12:12:34Z,606,90236,1545008,88.1,49.4
2026-03-20T12:12:35Z,607,89844,1545008,87.7,35.4
2026-03-20T12:12:36Z,608,89892,1545008,87.8,43.0
2026-03-20T12:12:37Z,609,89656,1545008,87.6,43.1
2026-03-20T12:12:39Z,610,90344,1545008,88.2,44.0
2026-03-20T12:12:40Z,611,89964,1545008,87.9,44.8
2026-03-20T12:12:41Z,612,90056,1545008,87.9,50.3
2026-03-20T12:12:42Z,613,90148,1545008,88.0,47.6
2026-03-20T12:12:43Z,614,90100,1545008,88.0,36.4
2026-03-20T12:12:44Z,615,90384,1545008,88.3,52.1
2026-03-20T12:12:45Z,616,90456,1545008,88.3,47.7
2026-03-20T12:12:46Z,617,90504,1545008,88.4,55.1
2026-03-20T12:12:47Z,618,90536,1545008,88.4,49.4
2026-03-20T12:12:48Z,619,90212,1545008,88.1,58.7
2026-03-20T12:12:49Z,620,90456,1545008,88.3,48.5
2026-03-20T12:12:50Z,621,90620,1545008,88.5,49.5
2026-03-20T12:12:51Z,622,90108,1545008,88.0,39.2
2026-03-20T12:12:52Z,623,90096,1545008,88.0,33.6
2026-03-20T12:12:54Z,624,90028,1545008,87.9,48.5
2026-03-20T12:12:55Z,625,90628,1545008,88.5,34.4
2026-03-20T12:12:56Z,626,90628,1545008,88.5,0.0
2026-03-20T12:12:57Z,627,91992,1545008,89.8,12.1
2026-03-20T12:12:58Z,628,90996,1545008,88.9,43.8
2026-03-20T12:12:59Z,629,91040,1545008,88.9,41.2
2026-03-20T12:13:00Z,630,91068,1545008,88.9,49.6
2026-03-20T12:13:01Z,631,91876,1545008,89.7,50.4
2026-03-20T12:13:02Z,632,91980,1545008,89.8,48.5
2026-03-20T12:13:03Z,633,90892,1545008,88.8,52.4
2026-03-20T12:13:04Z,634,91080,1545008,88.9,42.0
2026-03-20T12:13:05Z,635,90908,1545008,88.8,50.3
2026-03-20T12:13:06Z,636,91800,1545008,89.6,51.2
2026-03-20T12:13:07Z,637,91760,1545008,89.6,53.3
2026-03-20T12:13:09Z,638,91588,1545008,89.4,44.7
2026-03-20T12:13:10Z,639,91792,1545008,89.6,54.2
2026-03-20T12:13:11Z,640,92152,1545008,90.0,46.8
2026-03-20T12:13:12Z,641,90660,1545008,88.5,48.6
2026-03-20T12:13:13Z,642,90460,1545008,88.3,50.5
2026-03-20T12:13:14Z,643,90796,1545008,88.7,49.4
2026-03-20T12:13:15Z,644,90524,1545008,88.4,47.6
2026-03-20T12:13:16Z,645,90852,1545008,88.7,49.5
2026-03-20T12:13:17Z,646,90652,1545008,88.5,54.2
2026-03-20T12:13:18Z,647,91048,1545008,88.9,48.6
2026-03-20T12:13:19Z,648,91032,1545008,88.9,54.2
2026-03-20T12:13:20Z,649,91324,1545008,89.2,46.8
2026-03-20T12:13:21Z,650,91212,1545008,89.1,48.7
2026-03-20T12:13:22Z,651,90984,1545008,88.9,46.7
2026-03-20T12:13:24Z,652,90504,1545008,88.4,47.7
2026-03-20T12:13:25Z,653,90348,1545008,88.2,56.0
2026-03-20T12:13:26Z,654,90104,1545008,88.0,59.8
2026-03-20T12:13:27Z,655,90172,1545008,88.1,46.6
2026-03-20T12:13:28Z,656,90300,1545008,88.2,54.0
2026-03-20T12:13:29Z,657,90540,1545008,88.4,46.7
2026-03-20T12:13:30Z,658,89244,1545008,87.2,48.5
2026-03-20T12:13:31Z,659,89324,1545008,87.2,47.6
2026-03-20T12:13:32Z,660,89624,1545008,87.5,56.0
2026-03-20T12:13:33Z,661,89900,1545008,87.8,55.1
2026-03-20T12:13:34Z,662,90024,1545008,87.9,49.5
2026-03-20T12:13:35Z,663,89700,1545008,87.6,49.5
2026-03-20T12:13:36Z,664,89884,1545008,87.8,52.3
2026-03-20T12:13:37Z,665,90040,1545008,87.9,50.4
2026-03-20T12:13:39Z,666,90624,1545008,88.5,55.1
2026-03-20T12:13:40Z,667,90792,1545008,88.7,52.3
2026-03-20T12:13:41Z,668,90720,1545008,88.6,54.3
2026-03-20T12:13:42Z,669,90348,1545008,88.2,45.8
2026-03-20T12:13:43Z,670,90112,1545008,88.0,55.0
2026-03-20T12:13:44Z,671,88788,1545008,86.7,53.2
2026-03-20T12:13:45Z,672,89360,1545008,87.3,47.7
2026-03-20T12:13:46Z,673,89768,1545008,87.7,48.6
2026-03-20T12:13:47Z,674,89864,1545008,87.8,51.5
2026-03-20T12:13:48Z,675,90336,1545008,88.2,56.1
2026-03-20T12:13:49Z,676,90188,1545008,88.1,50.5
2026-03-20T12:13:50Z,677,89976,1545008,87.9,48.6
2026-03-20T12:13:51Z,678,90008,1545008,87.9,48.5
2026-03-20T12:13:52Z,679,90080,1545008,88.0,39.1
2026-03-20T12:13:53Z,680,89640,1545008,87.5,47.5
2026-03-20T12:13:55Z,681,89252,1545008,87.2,56.0
2026-03-20T12:13:56Z,682,89740,1545008,87.6,50.4
2026-03-20T12:13:57Z,683,90052,1545008,87.9,53.2
2026-03-20T12:13:58Z,684,90116,1545008,88.0,53.3
2026-03-20T12:13:59Z,685,90228,1545008,88.1,54.2
2026-03-20T12:14:00Z,686,90256,1545008,88.1,45.8
2026-03-20T12:14:01Z,687,90148,1545008,88.0,60.8
2026-03-20T12:14:02Z,688,89588,1545008,87.5,47.7
2026-03-20T12:14:03Z,689,89424,1545008,87.3,57.9
2026-03-20T12:14:04Z,690,89456,1545008,87.4,40.2
2026-03-20T12:14:05Z,691,89684,1545008,87.6,45.9
2026-03-20T12:14:06Z,692,90112,1545008,88.0,44.8
2026-03-20T12:14:07Z,693,90352,1545008,88.2,52.4
2026-03-20T12:14:08Z,694,90460,1545008,88.3,57.0
2026-03-20T12:14:10Z,695,90312,1545008,88.2,54.1
2026-03-20T12:14:11Z,696,90260,1545008,88.1,62.7
2026-03-20T12:14:12Z,697,90600,1545008,88.5,54.1
2026-03-20T12:14:13Z,698,89924,1545008,87.8,50.4
2026-03-20T12:14:14Z,699,90476,1545008,88.4,52.3
2026-03-20T12:14:15Z,700,90572,1545008,88.4,51.4
2026-03-20T12:14:16Z,701,90624,1545008,88.5,52.3
2026-03-20T12:14:17Z,702,91052,1545008,88.9,63.7
2026-03-20T12:14:18Z,703,90984,1545008,88.9,58.9
2026-03-20T12:14:19Z,704,91428,1545008,89.3,58.8
2026-03-20T12:14:20Z,705,91516,1545008,89.4,43.0
2026-03-20T12:14:21Z,706,90676,1545008,88.6,57.0
2026-03-20T12:14:22Z,707,91080,1545008,88.9,63.4
2026-03-20T12:14:23Z,708,90800,1545008,88.7,49.5
2026-03-20T12:14:25Z,709,90904,1545008,88.8,60.7
2026-03-20T12:14:26Z,710,91048,1545008,88.9,49.4
2026-03-20T12:14:27Z,711,91324,1545008,89.2,64.6
2026-03-20T12:14:28Z,712,90848,1545008,88.7,57.1
2026-03-20T12:14:29Z,713,91220,1545008,89.1,48.6
2026-03-20T12:14:30Z,714,91668,1545008,89.5,51.4
2026-03-20T12:14:31Z,715,90780,1545008,88.7,57.2
2026-03-20T12:14:32Z,716,90804,1545008,88.7,55.2
2026-03-20T12:14:33Z,717,90036,1545008,87.9,59.9
2026-03-20T12:14:34Z,718,91132,1545008,89.0,76.5
2026-03-20T12:14:35Z,719,91592,1545008,89.4,56.9
2026-03-20T12:14:36Z,720,91148,1545008,89.0,42.0
2026-03-20T12:14:37Z,721,90392,1545008,88.3,26.1
2026-03-20T12:14:38Z,722,90500,1545008,88.4,49.5
2026-03-20T12:14:40Z,723,90388,1545008,88.3,64.6
2026-03-20T12:14:41Z,724,90348,1545008,88.2,58.9
2026-03-20T12:14:42Z,725,89732,1545008,87.6,59.8
2026-03-20T12:14:43Z,726,90356,1545008,88.2,50.4
2026-03-20T12:14:44Z,727,90620,1545008,88.5,70.9
2026-03-20T12:14:45Z,728,90664,1545008,88.5,51.5
2026-03-20T12:14:46Z,729,89712,1545008,87.6,47.6
2026-03-20T12:14:47Z,730,90144,1545008,88.0,63.5
2026-03-20T12:14:48Z,731,90200,1545008,88.1,57.7
2026-03-20T12:14:49Z,732,89580,1545008,87.5,57.0
2026-03-20T12:14:50Z,733,90108,1545008,88.0,66.1
2026-03-20T12:14:51Z,734,90360,1545008,88.2,55.9
2026-03-20T12:14:52Z,735,90472,1545008,88.4,58.9
2026-03-20T12:14:53Z,736,90700,1545008,88.6,58.8
2026-03-20T12:14:55Z,737,90724,1545008,88.6,57.0
2026-03-20T12:14:56Z,738,90816,1545008,88.7,58.0
2026-03-20T12:14:57Z,739,90792,1545008,88.7,60.8
2026-03-20T12:14:58Z,740,90764,1545008,88.6,0.0
2026-03-20T12:14:59Z,741,91868,1545008,89.7,0.0
2026-03-20T12:15:00Z,742,92636,1548080,90.5,63.6
2026-03-20T12:15:01Z,743,92828,1548080,90.7,60.1
2026-03-20T12:15:02Z,744,92728,1548080,90.6,63.6
2026-03-20T12:15:03Z,745,93136,1548080,91.0,54.2
2026-03-20T12:15:04Z,746,92016,1548080,89.9,58.0
2026-03-20T12:15:05Z,747,91884,1548080,89.7,59.9
2026-03-20T12:15:06Z,748,92036,1548080,89.9,58.8
2026-03-20T12:15:07Z,749,91416,1548080,89.3,60.5
2026-03-20T12:15:08Z,750,90840,1548080,88.7,44.7
2026-03-20T12:15:09Z,751,90792,1548080,88.7,64.4
2026-03-20T12:15:11Z,752,91104,1548080,89.0,61.6
2026-03-20T12:15:12Z,753,91252,1548080,89.1,61.6
2026-03-20T12:15:13Z,754,91224,1548080,89.1,64.4
2026-03-20T12:15:14Z,755,91156,1548080,89.0,65.4
2026-03-20T12:15:15Z,756,90940,1548080,88.8,59.0
2026-03-20T12:15:16Z,757,90812,1548080,88.7,47.7
2026-03-20T12:15:17Z,758,90632,1548080,88.5,54.3
2026-03-20T12:15:18Z,759,90648,1548080,88.5,66.3
2026-03-20T12:15:19Z,760,90456,1548080,88.3,61.6
2026-03-20T12:15:20Z,761,90028,1548080,87.9,64.5
2026-03-20T12:15:21Z,762,90132,1548080,88.0,64.5
2026-03-20T12:15:22Z,763,89880,1548080,87.8,59.8
2026-03-20T12:15:23Z,764,89408,1548080,87.3,71.1
2026-03-20T12:15:24Z,765,89464,1548080,87.4,38.3
2026-03-20T12:15:26Z,766,90148,1548080,88.0,54.2
2026-03-20T12:15:27Z,767,90084,1548080,88.0,59.8
2026-03-20T12:15:28Z,768,90656,1548080,88.5,63.5
2026-03-20T12:15:29Z,769,91204,1548080,89.1,66.3
2026-03-20T12:15:30Z,770,91372,1548080,89.2,56.0
2026-03-20T12:15:31Z,771,90928,1548080,88.8,58.8
2026-03-20T12:15:32Z,772,90740,1548080,88.6,70.9
2026-03-20T12:15:33Z,773,90676,1548080,88.6,68.3
2026-03-20T12:15:34Z,774,90560,1548080,88.4,61.8
2026-03-20T12:15:35Z,775,90880,1548080,88.8,59.0
2026-03-20T12:15:36Z,776,90880,1548080,88.8,63.4
2026-03-20T12:15:37Z,777,90504,1548080,88.4,68.0
2026-03-20T12:15:38Z,778,90720,1548080,88.6,66.3
2026-03-20T12:15:39Z,779,90352,1548080,88.2,59.6
2026-03-20T12:15:41Z,780,91108,1548080,89.0,76.3
2026-03-20T12:15:42Z,781,91104,1548080,89.0,70.0
2026-03-20T12:15:43Z,782,90648,1548080,88.5,63.2
2026-03-20T12:15:44Z,783,91128,1548080,89.0,64.3
2026-03-20T12:15:45Z,784,90448,1548080,88.3,59.7
2026-03-20T12:15:46Z,785,90940,1548080,88.8,58.0
2026-03-20T12:15:47Z,786,90588,1548080,88.5,62.8
2026-03-20T12:15:48Z,787,90752,1548080,88.6,62.7
2026-03-20T12:15:49Z,788,90776,1548080,88.6,59.9
2026-03-20T12:15:50Z,789,90780,1548080,88.7,75.6
2026-03-20T12:15:51Z,790,90540,1548080,88.4,53.3
2026-03-20T12:15:52Z,791,90272,1548080,88.2,71.7
2026-03-20T12:15:53Z,792,90320,1548080,88.2,57.8
2026-03-20T12:15:54Z,793,90284,1548080,88.2,57.0
2026-03-20T12:15:56Z,794,90808,1548080,88.7,56.1
2026-03-20T12:15:57Z,795,90632,1548080,88.5,61.6
2026-03-20T12:15:58Z,796,90552,1548080,88.4,65.3
2026-03-20T12:15:59Z,797,90648,1548080,88.5,72.0
2026-03-20T12:16:00Z,798,90264,1548080,88.1,60.7
2026-03-20T12:16:01Z,799,90656,1548080,88.5,62.6
2026-03-20T12:16:02Z,800,90840,1548080,88.7,63.7
2026-03-20T12:16:03Z,801,91612,1548080,89.5,76.6
2026-03-20T12:16:04Z,802,90612,1548080,88.5,65.3
2026-03-20T12:16:05Z,803,90376,1548080,88.3,67.2
2026-03-20T12:16:06Z,804,90840,1548080,88.7,69.8
2026-03-20T12:16:07Z,805,91276,1548080,89.1,70.9
2026-03-20T12:16:08Z,806,91152,1548080,89.0,61.7
2026-03-20T12:16:09Z,807,91076,1548080,88.9,62.6
2026-03-20T12:16:11Z,808,91196,1548080,89.1,64.5
2026-03-20T12:16:12Z,809,91116,1548080,89.0,61.7
2026-03-20T12:16:13Z,810,91020,1548080,88.9,82.2
2026-03-20T12:16:14Z,811,89260,1548080,87.2,59.8
2026-03-20T12:16:15Z,812,88932,1548080,86.8,65.4
2026-03-20T12:16:16Z,813,89736,1548080,87.6,70.2
2026-03-20T12:16:17Z,814,90336,1548080,88.2,76.7
2026-03-20T12:16:18Z,815,90356,1548080,88.2,79.3
2026-03-20T12:16:19Z,816,90484,1548080,88.4,66.3
2026-03-20T12:16:20Z,817,90692,1548080,88.6,69.0
2026-03-20T12:16:21Z,818,89484,1548080,87.4,63.3
2026-03-20T12:16:22Z,819,89768,1548080,87.7,67.2
2026-03-20T12:16:23Z,820,90584,1548080,88.5,71.9
2026-03-20T12:16:24Z,821,90728,1548080,88.6,56.0
2026-03-20T12:16:26Z,822,90448,1548080,88.3,30.7
2026-03-20T12:16:27Z,823,90456,1548080,88.3,64.5
2026-03-20T12:16:28Z,824,90956,1548080,88.8,79.3
2026-03-20T12:16:29Z,825,90384,1548080,88.3,67.3
2026-03-20T12:16:30Z,826,89964,1548080,87.9,69.4
2026-03-20T12:16:31Z,827,89924,1548080,87.8,76.4
2026-03-20T12:16:32Z,828,90524,1548080,88.4,83.1
2026-03-20T12:16:33Z,829,90120,1548080,88.0,77.4
2026-03-20T12:16:34Z,830,89860,1548080,87.8,77.4
2026-03-20T12:16:35Z,831,90108,1548080,88.0,77.6
2026-03-20T12:16:36Z,832,90228,1548080,88.1,66.4
2026-03-20T12:16:37Z,833,90796,1548080,88.7,79.5
2026-03-20T12:16:38Z,834,90864,1548080,88.7,72.0
2026-03-20T12:16:39Z,835,91244,1548080,89.1,65.4
2026-03-20T12:16:41Z,836,90952,1548080,88.8,77.4
2026-03-20T12:16:42Z,837,91192,1548080,89.1,78.4
2026-03-20T12:16:43Z,838,91496,1548080,89.4,78.5
2026-03-20T12:16:44Z,839,91416,1548080,89.3,66.2
2026-03-20T12:16:45Z,840,91328,1548080,89.2,74.8
2026-03-20T12:16:46Z,841,91300,1548080,89.2,73.0
2026-03-20T12:16:47Z,842,91092,1548080,89.0,60.7
2026-03-20T12:16:48Z,843,91424,1548080,89.3,76.6
2026-03-20T12:16:49Z,844,91204,1548080,89.1,66.3
2026-03-20T12:16:50Z,845,91176,1548080,89.0,75.7
2026-03-20T12:16:51Z,846,90544,1548080,88.4,59.6
2026-03-20T12:16:52Z,847,90888,1548080,88.8,76.3
2026-03-20T12:16:53Z,848,90368,1548080,88.2,76.5
2026-03-20T12:16:54Z,849,90316,1548080,88.2,73.0
2026-03-20T12:16:56Z,850,90232,1548080,88.1,78.3
2026-03-20T12:16:57Z,851,90648,1548080,88.5,74.7
2026-03-20T12:16:58Z,852,90760,1548080,88.6,73.7
2026-03-20T12:16:59Z,853,90600,1548080,88.5,73.7
2026-03-20T12:17:00Z,854,90612,1548080,88.5,21.4
2026-03-20T12:17:01Z,855,90612,1548080,88.5,0.0
2026-03-20T12:17:02Z,856,93600,1548080,91.4,49.5
2026-03-20T12:17:03Z,857,93816,1548080,91.6,64.6
2026-03-20T12:17:04Z,858,94032,1548080,91.8,67.4
2026-03-20T12:17:05Z,859,94312,1548080,92.1,83.1
2026-03-20T12:17:06Z,860,93852,1548080,91.7,79.5
2026-03-20T12:17:07Z,861,91060,1548080,88.9,75.5
2026-03-20T12:17:08Z,862,91144,1548080,89.0,75.5
2026-03-20T12:17:09Z,863,91256,1548080,89.1,65.6
2026-03-20T12:17:11Z,864,90700,1548080,88.6,79.3
2026-03-20T12:17:12Z,865,90628,1548080,88.5,81.4
2026-03-20T12:17:13Z,866,89920,1548080,87.8,75.6
2026-03-20T12:17:14Z,867,89956,1548080,87.8,71.0
2026-03-20T12:17:15Z,868,89784,1548080,87.7,71.0
2026-03-20T12:17:16Z,869,90364,1548080,88.2,74.7
2026-03-20T12:17:17Z,870,90716,1548080,88.6,79.3
2026-03-20T12:17:18Z,871,91052,1548080,88.9,72.0
2026-03-20T12:17:19Z,872,91248,1548080,89.1,70.8
2026-03-20T12:17:20Z,873,90588,1548080,88.5,71.9
2026-03-20T12:17:21Z,874,90864,1548080,88.7,78.6
2026-03-20T12:17:22Z,875,91036,1548080,88.9,75.5
2026-03-20T12:17:23Z,876,90584,1548080,88.5,75.6
2026-03-20T12:17:24Z,877,90492,1548080,88.4,64.4
2026-03-20T12:17:26Z,878,89676,1548080,87.6,63.6
2026-03-20T12:17:27Z,879,90016,1548080,87.9,25.2
2026-03-20T12:17:28Z,880,89556,1548080,87.5,24.2
2026-03-20T12:17:29Z,881,89024,1548080,86.9,60.7
2026-03-20T12:17:30Z,882,90256,1548080,88.1,80.4
2026-03-20T12:17:31Z,883,89876,1548080,87.8,86.0
2026-03-20T12:17:32Z,884,90384,1548080,88.3,79.2
2026-03-20T12:17:33Z,885,90536,1548080,88.4,74.8
2026-03-20T12:17:34Z,886,90392,1548080,88.3,80.4
2026-03-20T12:17:35Z,887,90612,1548080,88.5,83.1
2026-03-20T12:17:36Z,888,90908,1548080,88.8,81.2
2026-03-20T12:17:37Z,889,90552,1548080,88.4,71.9
2026-03-20T12:17:38Z,890,90704,1548080,88.6,81.3
2026-03-20T12:17:39Z,891,91008,1548080,88.9,90.5
2026-03-20T12:17:41Z,892,91076,1548080,88.9,93.2
2026-03-20T12:17:42Z,893,91368,1548080,89.2,89.3
2026-03-20T12:17:43Z,894,90660,1548080,88.5,80.3
2026-03-20T12:17:44Z,895,90608,1548080,88.5,78.6
2026-03-20T12:17:45Z,896,90788,1548080,88.7,87.7
2026-03-20T12:17:46Z,897,90288,1548080,88.2,76.5
2026-03-20T12:17:47Z,898,90388,1548080,88.3,81.3
2026-03-20T12:17:48Z,899,90300,1548080,88.2,78.5
2026-03-20T12:17:49Z,900,90452,1548080,88.3,79.5
2026-03-20T12:17:50Z,901,90644,1548080,88.5,82.1
2026-03-20T12:17:51Z,902,90816,1548080,88.7,72.9
2026-03-20T12:17:52Z,903,91300,1548080,89.2,66.4
2026-03-20T12:17:53Z,904,90736,1548080,88.6,83.1
2026-03-20T12:17:54Z,905,90308,1548080,88.2,84.2
2026-03-20T12:17:55Z,906,90984,1548080,88.9,79.5
2026-03-20T12:17:57Z,907,91180,1548080,89.0,79.5
2026-03-20T12:17:58Z,908,91136,1548080,89.0,86.9
2026-03-20T12:17:59Z,909,91588,1548080,89.4,85.0
2026-03-20T12:18:00Z,910,91704,1548080,89.6,73.6
2026-03-20T12:18:01Z,911,91776,1548080,89.6,68.9
2026-03-20T12:18:02Z,912,91596,1548080,89.4,79.6
2026-03-20T12:18:03Z,913,90296,1548080,88.2,78.4
2026-03-20T12:18:04Z,914,89964,1548080,87.9,77.6
2026-03-20T12:18:05Z,915,90768,1548080,88.6,85.1
2026-03-20T12:18:06Z,916,90652,1548080,88.5,92.7
2026-03-20T12:18:07Z,917,90688,1548080,88.6,85.9
2026-03-20T12:18:08Z,918,91000,1548080,88.9,89.7
2026-03-20T12:18:09Z,919,90748,1548080,88.6,88.5
2026-03-20T12:18:10Z,920,90788,1548080,88.7,94.2
2026-03-20T12:18:12Z,921,91208,1548080,89.1,93.1
2026-03-20T12:18:13Z,922,91048,1548080,88.9,92.6
2026-03-20T12:18:14Z,923,90756,1548080,88.6,93.3
2026-03-20T12:18:15Z,924,90600,1548080,88.5,83.9
2026-03-20T12:18:16Z,925,90924,1548080,88.8,86.9
2026-03-20T12:18:17Z,926,90732,1548080,88.6,79.4
2026-03-20T12:18:18Z,927,91104,1548080,89.0,88.6
2026-03-20T12:18:19Z,928,90876,1548080,88.7,81.6
2026-03-20T12:18:20Z,929,91244,1548080,89.1,87.0
2026-03-20T12:18:21Z,930,91344,1548080,89.2,86.0
2026-03-20T12:18:22Z,931,90516,1548080,88.4,85.9
2026-03-20T12:18:23Z,932,89604,1548080,87.5,84.3
2026-03-20T12:18:24Z,933,89492,1548080,87.4,77.6
2026-03-20T12:18:25Z,934,89520,1548080,87.4,76.3
2026-03-20T12:18:27Z,935,89804,1548080,87.7,74.0
2026-03-20T12:18:28Z,936,90136,1548080,88.0,88.7
2026-03-20T12:18:29Z,937,89880,1548080,87.8,88.0
2026-03-20T12:18:30Z,938,90012,1548080,87.9,94.9
2026-03-20T12:18:31Z,939,90512,1548080,88.4,95.9
2026-03-20T12:18:32Z,940,89620,1548080,87.5,87.8
2026-03-20T12:18:33Z,941,89632,1548080,87.5,90.7
2026-03-20T12:18:34Z,942,89900,1548080,87.8,90.6
2026-03-20T12:18:35Z,943,89692,1548080,87.6,80.2
2026-03-20T12:18:36Z,944,89736,1548080,87.6,83.8
2026-03-20T12:18:37Z,945,89752,1548080,87.6,92.4
2026-03-20T12:18:38Z,946,89640,1548080,87.5,93.4
2026-03-20T12:18:39Z,947,89780,1548080,87.7,96.2
2026-03-20T12:18:40Z,948,89944,1548080,87.8,89.6
2026-03-20T12:18:42Z,949,90280,1548080,88.2,82.1
2026-03-20T12:18:43Z,950,90372,1548080,88.3,88.7
2026-03-20T12:18:44Z,951,89836,1548080,87.7,74.7
2026-03-20T12:18:45Z,952,89808,1548080,87.7,68.0
2026-03-20T12:18:46Z,953,90660,1548080,88.5,83.1
2026-03-20T12:18:47Z,954,91624,1548080,89.5,85.0
2026-03-20T12:18:48Z,955,90472,1548080,88.4,72.9
2026-03-20T12:18:49Z,956,90428,1548080,88.3,79.4
2026-03-20T12:18:50Z,957,90160,1548080,88.0,84.0
2026-03-20T12:18:51Z,958,90404,1548080,88.3,78.4
2026-03-20T12:18:52Z,959,90576,1548080,88.5,73.0
2026-03-20T12:18:53Z,960,90892,1548080,88.8,79.5
2026-03-20T12:18:54Z,961,90528,1548080,88.4,86.2
2026-03-20T12:18:55Z,962,90400,1548080,88.3,82.1
2026-03-20T12:18:57Z,963,90644,1548080,88.5,89.0
2026-03-20T12:18:58Z,964,90196,1548080,88.1,84.1
2026-03-20T12:18:59Z,965,90104,1548080,88.0,90.4
2026-03-20T12:19:00Z,966,90096,1548080,88.0,91.4
2026-03-20T12:19:01Z,967,90460,1548080,88.3,87.8
2026-03-20T12:19:02Z,968,90096,1548080,88.0,45.6
2026-03-20T12:19:03Z,969,90096,1548080,88.0,0.0
2026-03-20T12:19:04Z,970,91104,1554736,89.0,36.4
2026-03-20T12:19:05Z,971,92696,1554736,90.5,84.9
2026-03-20T12:19:06Z,972,92724,1554736,90.6,88.9
2026-03-20T12:19:07Z,973,93856,1554736,91.7,91.4
2026-03-20T12:19:08Z,974,92544,1554736,90.4,95.4
2026-03-20T12:19:09Z,975,92332,1554736,90.2,74.6
2026-03-20T12:19:10Z,976,90652,1554736,88.5,82.3
2026-03-20T12:19:12Z,977,90664,1554736,88.5,87.8
2026-03-20T12:19:13Z,978,90660,1554736,88.5,76.4
2026-03-20T12:19:14Z,979,89920,1554736,87.8,85.0
2026-03-20T12:19:15Z,980,89896,1554736,87.8,91.5
2026-03-20T12:19:16Z,981,89384,1554736,87.3,82.1
2026-03-20T12:19:17Z,982,89664,1554736,87.6,92.5
2026-03-20T12:19:18Z,983,89252,1554736,87.2,79.5
2026-03-20T12:19:19Z,984,89452,1554736,87.4,59.7
2026-03-20T12:19:20Z,985,89524,1554736,87.4,81.8
2026-03-20T12:19:21Z,986,89744,1554736,87.6,85.1
2026-03-20T12:19:22Z,987,89940,1554736,87.8,85.2
2026-03-20T12:19:23Z,988,89676,1554736,87.6,85.8
2026-03-20T12:19:24Z,989,88876,1554736,86.8,82.4
2026-03-20T12:19:25Z,990,89080,1554736,87.0,81.1
2026-03-20T12:19:27Z,991,89376,1554736,87.3,86.9
2026-03-20T12:19:28Z,992,89320,1554736,87.2,76.8
2026-03-20T12:19:29Z,993,88944,1554736,86.9,77.6
2026-03-20T12:19:30Z,994,89188,1554736,87.1,88.6
2026-03-20T12:19:31Z,995,89180,1554736,87.1,81.1
2026-03-20T12:19:32Z,996,89240,1554736,87.1,82.1
2026-03-20T12:19:33Z,997,90180,1554736,88.1,91.5
2026-03-20T12:19:34Z,998,89944,1554736,87.8,84.2
2026-03-20T12:19:35Z,999,90020,1554736,87.9,81.3
2026-03-20T12:19:36Z,1000,90268,1554736,88.2,84.8
2026-03-20T12:19:37Z,1001,90496,1554736,88.4,87.7
2026-03-20T12:19:38Z,1002,90556,1554736,88.4,94.4
2026-03-20T12:19:39Z,1003,89768,1554736,87.7,76.7
2026-03-20T12:19:40Z,1004,90304,1554736,88.2,91.4
2026-03-20T12:19:42Z,1005,90928,1554736,88.8,86.8
2026-03-20T12:19:43Z,1006,90436,1554736,88.3,80.5
2026-03-20T12:19:44Z,1007,90832,1554736,88.7,80.1
2026-03-20T12:19:45Z,1008,90748,1554736,88.6,92.2
2026-03-20T12:19:46Z,1009,90776,1554736,88.6,94.1
2026-03-20T12:19:47Z,1010,89964,1554736,87.9,70.9
2026-03-20T12:19:48Z,1011,90068,1554736,88.0,87.1
2026-03-20T12:19:49Z,1012,90160,1554736,88.0,86.9
2026-03-20T12:19:50Z,1013,89836,1554736,87.7,73.7
2026-03-20T12:19:51Z,1014,89080,1554736,87.0,80.3
2026-03-20T12:19:52Z,1015,89968,1554736,87.9,86.1
2026-03-20T12:19:53Z,1016,90892,1554736,88.8,83.0
2026-03-20T12:19:54Z,1017,90264,1554736,88.1,77.3
2026-03-20T12:19:55Z,1018,90668,1554736,88.5,88.7
2026-03-20T12:19:57Z,1019,90732,1554736,88.6,61.6
2026-03-20T12:19:58Z,1020,90792,1554736,88.7,74.8
2026-03-20T12:19:59Z,1021,90248,1554736,88.1,89.8
2026-03-20T12:20:00Z,1022,89452,1554736,87.4,80.4
2026-03-20T12:20:01Z,1023,89992,1554736,87.9,76.6
2026-03-20T12:20:02Z,1024,90680,1554736,88.6,79.2
2026-03-20T12:20:03Z,1025,90924,1554736,88.8,85.0
2026-03-20T12:20:04Z,1026,90944,1554736,88.8,77.5
2026-03-20T12:20:05Z,1027,90308,1554736,88.2,79.6
2026-03-20T12:20:06Z,1028,90260,1554736,88.1,85.0
2026-03-20T12:20:07Z,1029,90216,1554736,88.1,88.7
2026-03-20T12:20:08Z,1030,90540,1554736,88.4,80.2
2026-03-20T12:20:09Z,1031,90644,1554736,88.5,85.9
2026-03-20T12:20:10Z,1032,90132,1554736,88.0,93.5
2026-03-20T12:20:11Z,1033,90572,1554736,88.4,95.1
2026-03-20T12:20:13Z,1034,90632,1554736,88.5,88.6
2026-03-20T12:20:14Z,1035,90260,1554736,88.1,83.2
2026-03-20T12:20:15Z,1036,90408,1554736,88.3,81.1
2026-03-20T12:20:16Z,1037,90232,1554736,88.1,88.5
2026-03-20T12:20:17Z,1038,90452,1554736,88.3,88.0
2026-03-20T12:20:18Z,1039,90324,1554736,88.2,75.5
2026-03-20T12:20:19Z,1040,90152,1554736,88.0,78.6
2026-03-20T12:20:20Z,1041,90876,1554736,88.7,90.9
2026-03-20T12:20:21Z,1042,90796,1554736,88.7,92.6
2026-03-20T12:20:22Z,1043,91080,1554736,88.9,87.1
2026-03-20T12:20:23Z,1044,91756,1554736,89.6,91.7
2026-03-20T12:20:24Z,1045,90856,1554736,88.7,79.3
2026-03-20T12:20:25Z,1046,90628,1554736,88.5,77.5
2026-03-20T12:20:26Z,1047,90916,1554736,88.8,86.9
2026-03-20T12:20:28Z,1048,90952,1554736,88.8,95.0
2026-03-20T12:20:29Z,1049,90964,1554736,88.8,89.6
2026-03-20T12:20:30Z,1050,91064,1554736,88.9,80.4
2026-03-20T12:20:31Z,1051,91340,1554736,89.2,88.8
2026-03-20T12:20:32Z,1052,91004,1554736,88.9,89.5
2026-03-20T12:20:33Z,1053,91316,1554736,89.2,86.5
2026-03-20T12:20:34Z,1054,91456,1554736,89.3,88.6
2026-03-20T12:20:35Z,1055,90544,1554736,88.4,90.5
2026-03-20T12:20:36Z,1056,91016,1554736,88.9,82.1
2026-03-20T12:20:37Z,1057,91084,1554736,88.9,76.6
2026-03-20T12:20:38Z,1058,91424,1554736,89.3,96.3
2026-03-20T12:20:39Z,1059,91088,1554736,89.0,90.5
2026-03-20T12:20:40Z,1060,91148,1554736,89.0,91.5
2026-03-20T12:20:41Z,1061,91184,1554736,89.0,90.6
2026-03-20T12:20:43Z,1062,90916,1554736,88.8,90.7
2026-03-20T12:20:44Z,1063,90536,1554736,88.4,74.9
2026-03-20T12:20:45Z,1064,90104,1554736,88.0,83.1
2026-03-20T12:20:46Z,1065,90216,1554736,88.1,90.5
2026-03-20T12:20:47Z,1066,90872,1554736,88.7,95.1
2026-03-20T12:20:48Z,1067,90460,1554736,88.3,78.6
2026-03-20T12:20:49Z,1068,90420,1554736,88.3,74.8
2026-03-20T12:20:50Z,1069,91000,1554736,88.9,84.1
2026-03-20T12:20:51Z,1070,91660,1554736,89.5,91.5
2026-03-20T12:20:52Z,1071,91136,1554736,89.0,77.5
2026-03-20T12:20:53Z,1072,90968,1554736,88.8,89.5
2026-03-20T12:20:54Z,1073,90808,1554736,88.7,75.8
2026-03-20T12:20:55Z,1074,90924,1554736,88.8,88.7
2026-03-20T12:20:56Z,1075,90664,1554736,88.5,93.3
2026-03-20T12:20:58Z,1076,90920,1554736,88.8,95.4
2026-03-20T12:20:59Z,1077,90632,1554736,88.5,83.2
2026-03-20T12:21:00Z,1078,91256,1554736,89.1,84.1
2026-03-20T12:21:01Z,1079,91156,1554736,89.0,72.8
2026-03-20T12:21:02Z,1080,90104,1554736,88.0,86.0
2026-03-20T12:21:03Z,1081,90852,1554736,88.7,83.0
2026-03-20T12:21:04Z,1082,90628,1554736,88.5,59.5
2026-03-20T12:21:05Z,1083,90628,1554736,88.5,0.0
2026-03-20T12:21:06Z,1084,92652,1554736,90.5,11.2
2026-03-20T12:21:07Z,1085,91112,1554736,89.0,82.2
2026-03-20T12:21:08Z,1086,92216,1554736,90.1,78.3
2026-03-20T12:21:09Z,1087,92848,1554736,90.7,70.2
2026-03-20T12:21:10Z,1088,93376,1554736,91.2,77.6
2026-03-20T12:21:11Z,1089,91092,1554736,89.0,64.5
2026-03-20T12:21:13Z,1090,90496,1554736,88.4,85.9
2026-03-20T12:21:14Z,1091,90852,1554736,88.7,75.7
2026-03-20T12:21:15Z,1092,90400,1554736,88.3,70.0
2026-03-20T12:21:16Z,1093,90140,1554736,88.0,81.8
2026-03-20T12:21:17Z,1094,89620,1554736,87.5,84.8
2026-03-20T12:21:18Z,1095,89612,1554736,87.5,80.4
2026-03-20T12:21:19Z,1096,89432,1554736,87.3,75.7
2026-03-20T12:21:20Z,1097,89896,1554736,87.8,78.6
2026-03-20T12:21:21Z,1098,90080,1554736,88.0,86.9
2026-03-20T12:21:22Z,1099,90212,1554736,88.1,87.0
2026-03-20T12:21:23Z,1100,90716,1554736,88.6,86.0
2026-03-20T12:21:24Z,1101,90012,1554736,87.9,66.3
2026-03-20T12:21:25Z,1102,89916,1554736,87.8,72.0
2026-03-20T12:21:26Z,1103,89624,1554736,87.5,42.9
2026-03-20T12:21:28Z,1104,89916,1554736,87.8,59.8
2026-03-20T12:21:29Z,1105,88972,1554736,86.9,75.9
2026-03-20T12:21:30Z,1106,89512,1554736,87.4,81.6
2026-03-20T12:21:31Z,1107,89848,1554736,87.7,83.4
2026-03-20T12:21:32Z,1108,89600,1554736,87.5,72.9
2026-03-20T12:21:33Z,1109,89988,1554736,87.9,83.2
2026-03-20T12:21:34Z,1110,90108,1554736,88.0,86.7
2026-03-20T12:21:35Z,1111,90044,1554736,87.9,80.2
2026-03-20T12:21:36Z,1112,89760,1554736,87.7,69.0
2026-03-20T12:21:37Z,1113,89668,1554736,87.6,82.3
2026-03-20T12:21:38Z,1114,89968,1554736,87.9,83.4
2026-03-20T12:21:39Z,1115,90272,1554736,88.2,81.6
2026-03-20T12:21:40Z,1116,90020,1554736,87.9,71.1
2026-03-20T12:21:41Z,1117,90056,1554736,87.9,68.2
2026-03-20T12:21:42Z,1118,90968,1554736,88.8,84.0
2026-03-20T12:21:44Z,1119,90660,1554736,88.5,93.3
2026-03-20T12:21:45Z,1120,90832,1554736,88.7,83.2
2026-03-20T12:21:46Z,1121,90124,1554736,88.0,63.6
2026-03-20T12:21:47Z,1122,89200,1554736,87.1,61.7
2026-03-20T12:21:48Z,1123,89116,1554736,87.0,76.5
2026-03-20T12:21:49Z,1124,89372,1554736,87.3,71.8
2026-03-20T12:21:50Z,1125,89024,1554736,86.9,81.3
2026-03-20T12:21:51Z,1126,89024,1554736,86.9,67.1
2026-03-20T12:21:52Z,1127,89168,1554736,87.1,66.3
2026-03-20T12:21:53Z,1128,89556,1554736,87.5,70.1
2026-03-20T12:21:54Z,1129,90092,1554736,88.0,81.1
2026-03-20T12:21:55Z,1130,89464,1554736,87.4,85.0
2026-03-20T12:21:56Z,1131,89436,1554736,87.3,71.9
2026-03-20T12:21:57Z,1132,89312,1554736,87.2,80.3
2026-03-20T12:21:59Z,1133,89452,1554736,87.4,76.4
2026-03-20T12:22:00Z,1134,90120,1554736,88.0,72.0
2026-03-20T12:22:01Z,1135,90240,1554736,88.1,68.3
2026-03-20T12:22:02Z,1136,89812,1554736,87.7,67.3
2026-03-20T12:22:03Z,1137,90408,1554736,88.3,72.0
2026-03-20T12:22:04Z,1138,90176,1554736,88.1,75.9
2026-03-20T12:22:05Z,1139,90432,1554736,88.3,82.2
2026-03-20T12:22:06Z,1140,89892,1554736,87.8,74.8
2026-03-20T12:22:07Z,1141,89976,1554736,87.9,61.6
2026-03-20T12:22:08Z,1142,89628,1554736,87.5,61.6
2026-03-20T12:22:09Z,1143,90180,1554736,88.1,74.7
2026-03-20T12:22:10Z,1144,89400,1554736,87.3,78.5
2026-03-20T12:22:11Z,1145,89664,1554736,87.6,76.7
2026-03-20T12:22:12Z,1146,89924,1554736,87.8,70.2
2026-03-20T12:22:14Z,1147,90588,1554736,88.5,78.6
2026-03-20T12:22:15Z,1148,90380,1554736,88.3,72.9
2026-03-20T12:22:16Z,1149,90224,1554736,88.1,70.1
2026-03-20T12:22:17Z,1150,89492,1554736,87.4,57.9
2026-03-20T12:22:18Z,1151,89480,1554736,87.4,58.9
2026-03-20T12:22:19Z,1152,89232,1554736,87.1,67.3
2026-03-20T12:22:20Z,1153,89372,1554736,87.3,60.7
2026-03-20T12:22:21Z,1154,89380,1554736,87.3,57.1
2026-03-20T12:22:22Z,1155,89768,1554736,87.7,49.5
2026-03-20T12:22:23Z,1156,90416,1554736,88.3,65.3
2026-03-20T12:22:24Z,1157,90468,1554736,88.3,71.0
2026-03-20T12:22:25Z,1158,89800,1554736,87.7,68.1
2026-03-20T12:22:26Z,1159,90208,1554736,88.1,69.0
2026-03-20T12:22:27Z,1160,89816,1554736,87.7,62.5
2026-03-20T12:22:29Z,1161,90084,1554736,88.0,64.6
2026-03-20T12:22:30Z,1162,90184,1554736,88.1,72.9
2026-03-20T12:22:31Z,1163,89708,1554736,87.6,61.6
2026-03-20T12:22:32Z,1164,89848,1554736,87.7,54.2
2026-03-20T12:22:33Z,1165,88756,1554736,86.7,56.1
2026-03-20T12:22:34Z,1166,89196,1554736,87.1,58.1
2026-03-20T12:22:35Z,1167,89660,1554736,87.6,57.0
2026-03-20T12:22:36Z,1168,89956,1554736,87.8,45.8
2026-03-20T12:22:37Z,1169,89832,1554736,87.7,58.9
2026-03-20T12:22:38Z,1170,90180,1554736,88.1,63.5
2026-03-20T12:22:39Z,1171,89732,1554736,87.6,58.1
2026-03-20T12:22:40Z,1172,89024,1554736,86.9,59.8
2026-03-20T12:22:41Z,1173,89772,1554736,87.7,57.0
2026-03-20T12:22:42Z,1174,89040,1554736,87.0,51.5
2026-03-20T12:22:43Z,1175,89668,1554736,87.6,50.4
2026-03-20T12:22:45Z,1176,89424,1554736,87.3,55.1
2026-03-20T12:22:46Z,1177,89592,1554736,87.5,52.3
2026-03-20T12:22:47Z,1178,89568,1554736,87.5,55.2
2026-03-20T12:22:48Z,1179,89424,1554736,87.3,59.8
2026-03-20T12:22:49Z,1180,89820,1554736,87.7,58.7
2026-03-20T12:22:50Z,1181,89844,1554736,87.7,50.4
2026-03-20T12:22:51Z,1182,89264,1554736,87.2,58.0
2026-03-20T12:22:52Z,1183,89108,1554736,87.0,66.1
2026-03-20T12:22:53Z,1184,89248,1554736,87.2,57.0
2026-03-20T12:22:54Z,1185,89728,1554736,87.6,56.0
2026-03-20T12:22:55Z,1186,89752,1554736,87.6,50.4
2026-03-20T12:22:56Z,1187,89868,1554736,87.8,56.1
2026-03-20T12:22:57Z,1188,89240,1554736,87.1,58.0
2026-03-20T12:22:58Z,1189,89264,1554736,87.2,51.3
2026-03-20T12:23:00Z,1190,89436,1554736,87.3,65.4
2026-03-20T12:23:01Z,1191,89040,1554736,87.0,61.8
2026-03-20T12:23:02Z,1192,89208,1554736,87.1,57.0
2026-03-20T12:23:03Z,1193,89476,1554736,87.4,61.5
2026-03-20T12:23:04Z,1194,89060,1554736,87.0,59.6
2026-03-20T12:23:05Z,1195,89684,1554736,87.6,54.2
2026-03-20T12:23:06Z,1196,89632,1554736,87.5,59.8
2026-03-20T12:23:07Z,1197,89040,1554736,87.0,5.6
2026-03-20T12:23:08Z,1198,89040,1554736,87.0,0.0
2026-03-20T12:23:09Z,1199,89040,1554736,87.0,0.0
2026-03-20T12:23:10Z,1200,89040,1554736,87.0,0.0
2026-03-20T12:23:11Z,1201,89040,1554736,87.0,0.0
2026-03-20T12:23:12Z,1202,89040,1554736,87.0,0.0
2026-03-20T12:23:14Z,1203,89040,1554736,87.0,0.0
2026-03-20T12:23:15Z,1204,89040,1554736,87.0,0.0
2026-03-20T12:23:16Z,1205,89040,1554736,87.0,0.0
2026-03-20T12:23:17Z,1206,89040,1554736,87.0,0.0
2026-03-20T12:23:18Z,1207,89040,1554736,87.0,0.0
2026-03-20T12:23:19Z,1208,89040,1554736,87.0,0.0
2026-03-20T12:23:20Z,1209,89040,1554736,87.0,0.0
2026-03-20T12:23:21Z,1210,89040,1554736,87.0,0.0
2026-03-20T12:23:22Z,1211,89040,1554736,87.0,0.0
2026-03-20T12:23:23Z,1212,89040,1554736,87.0,0.0
2026-03-20T12:23:24Z,1213,89040,1554736,87.0,0.0
2026-03-20T12:23:25Z,1214,89040,1554736,87.0,0.0
2026-03-20T12:23:26Z,1215,89040,1554736,87.0,0.0
2026-03-20T12:23:27Z,1216,89040,1554736,87.0,0.0
2026-03-20T12:23:29Z,1217,89040,1554736,87.0,0.0
2026-03-20T12:23:30Z,1218,89040,1554736,87.0,0.0
2026-03-20T12:23:31Z,1219,89040,1554736,87.0,0.0
2026-03-20T12:23:32Z,1220,89040,1554736,87.0,0.0
2026-03-20T12:23:33Z,1221,89040,1554736,87.0,0.0
2026-03-20T12:23:34Z,1222,89040,1554736,87.0,0.0
2026-03-20T12:23:35Z,1223,89040,1554736,87.0,0.0
2026-03-20T12:23:36Z,1224,89040,1554736,87.0,0.0
2026-03-20T12:23:37Z,1225,89040,1554736,87.0,0.0
2026-03-20T12:23:38Z,1226,89040,1554736,87.0,0.0
2026-03-20T12:23:39Z,1227,89040,1554736,87.0,0.0
2026-03-20T12:23:40Z,1228,89040,1554736,87.0,0.0
2026-03-20T12:23:41Z,1229,89040,1554736,87.0,0.0
2026-03-20T12:23:42Z,1230,89040,1554736,87.0,0.0
2026-03-20T12:23:44Z,1231,89040,1554736,87.0,0.0
2026-03-20T12:23:45Z,1232,89040,1554736,87.0,0.0
2026-03-20T12:23:46Z,1233,89040,1554736,87.0,0.0
2026-03-20T12:23:47Z,1234,89040,1554736,87.0,0.0
2026-03-20T12:23:48Z,1235,89040,1554736,87.0,0.0
2026-03-20T12:23:49Z,1236,89040,1554736,87.0,0.0
2026-03-20T12:23:50Z,1237,89040,1554736,87.0,0.9
2026-03-20T12:23:51Z,1238,89040,1554736,87.0,0.0
2026-03-20T12:23:52Z,1239,89040,1554736,87.0,0.0
2026-03-20T12:23:53Z,1240,89040,1554736,87.0,0.0
2026-03-20T12:23:54Z,1241,89040,1554736,87.0,0.0
2026-03-20T12:23:55Z,1242,89040,1554736,87.0,0.0
2026-03-20T12:23:56Z,1243,89040,1554736,87.0,0.0
2026-03-20T12:23:58Z,1244,89040,1554736,87.0,0.0
2026-03-20T12:23:59Z,1245,89040,1554736,87.0,0.0
2026-03-20T12:24:00Z,1246,89040,1554736,87.0,0.0
2026-03-20T12:24:01Z,1247,89040,1554736,87.0,0.0
2026-03-20T12:24:02Z,1248,89040,1554736,87.0,0.9
2026-03-20T12:24:03Z,1249,89040,1554736,87.0,0.0
2026-03-20T12:24:04Z,1250,89040,1554736,87.0,0.0
2026-03-20T12:24:05Z,1251,89040,1554736,87.0,0.0
2026-03-20T12:24:06Z,1252,89040,1554736,87.0,0.0
2026-03-20T12:24:07Z,1253,89040,1554736,87.0,0.0
2026-03-20T12:24:08Z,1254,89040,1554736,87.0,0.0
2026-03-20T12:24:09Z,1255,89040,1554736,87.0,0.0
2026-03-20T12:24:10Z,1256,89040,1554736,87.0,0.0
2026-03-20T12:24:11Z,1257,89040,1554736,87.0,0.0
2026-03-20T12:24:13Z,1258,89040,1554736,87.0,0.0
2026-03-20T12:24:14Z,1259,89040,1554736,87.0,0.0
2026-03-20T12:24:15Z,1260,89040,1554736,87.0,0.0
2026-03-20T12:24:16Z,1261,89040,1554736,87.0,0.0
2026-03-20T12:24:17Z,1262,89040,1554736,87.0,0.0
2026-03-20T12:24:18Z,1263,89040,1554736,87.0,0.0
2026-03-20T12:24:19Z,1264,89040,1554736,87.0,0.0
2026-03-20T12:24:20Z,1265,89040,1554736,87.0,0.0
2026-03-20T12:24:21Z,1266,89040,1554736,87.0,0.0
2026-03-20T12:24:22Z,1267,89040,1554736,87.0,0.0
2026-03-20T12:24:23Z,1268,89040,1554736,87.0,0.0
2026-03-20T12:24:24Z,1269,89040,1554736,87.0,0.0
2026-03-20T12:24:25Z,1270,89040,1554736,87.0,0.0
2026-03-20T12:24:27Z,1271,89040,1554736,87.0,0.0
2026-03-20T12:24:28Z,1272,89040,1554736,87.0,0.0
2026-03-20T12:24:29Z,1273,89040,1554736,87.0,0.0
2026-03-20T12:24:30Z,1274,89040,1554736,87.0,0.0
2026-03-20T12:24:31Z,1275,89040,1554736,87.0,0.0
2026-03-20T12:24:32Z,1276,89040,1554736,87.0,0.0
2026-03-20T12:24:33Z,1277,89040,1554736,87.0,0.0
2026-03-20T12:24:34Z,1278,89040,1554736,87.0,0.0
2026-03-20T12:24:35Z,1279,89040,1554736,87.0,0.0
2026-03-20T12:24:36Z,1280,89040,1554736,87.0,0.0
2026-03-20T12:24:37Z,1281,89040,1554736,87.0,0.0
2026-03-20T12:24:38Z,1282,89040,1554736,87.0,0.0
2026-03-20T12:24:39Z,1283,89040,1554736,87.0,0.0
2026-03-20T12:24:40Z,1284,89040,1554736,87.0,0.0
2026-03-20T12:24:42Z,1285,89040,1554736,87.0,0.0
2026-03-20T12:24:43Z,1286,89040,1554736,87.0,0.0
2026-03-20T12:24:44Z,1287,89040,1554736,87.0,0.0
2026-03-20T12:24:45Z,1288,89040,1554736,87.0,0.0
2026-03-20T12:24:46Z,1289,89040,1554736,87.0,0.0
2026-03-20T12:24:47Z,1290,89040,1554736,87.0,0.0
2026-03-20T12:24:48Z,1291,89040,1554736,87.0,0.0
2026-03-20T12:24:49Z,1292,89040,1554736,87.0,0.0
2026-03-20T12:24:50Z,1293,89040,1554736,87.0,0.0
2026-03-20T12:24:51Z,1294,89040,1554736,87.0,0.0
2026-03-20T12:24:52Z,1295,89040,1554736,87.0,0.0
2026-03-20T12:24:53Z,1296,89040,1554736,87.0,0.0
2026-03-20T12:24:54Z,1297,89040,1554736,87.0,0.0
2026-03-20T12:24:56Z,1298,89040,1554736,87.0,0.9
2026-03-20T12:24:57Z,1299,89040,1554736,87.0,0.0
2026-03-20T12:24:58Z,1300,89040,1554736,87.0,0.0
2026-03-20T12:24:59Z,1301,89040,1554736,87.0,0.0
2026-03-20T12:25:00Z,1302,89040,1554736,87.0,0.0
2026-03-20T12:25:01Z,1303,89040,1554736,87.0,0.0
2026-03-20T12:25:02Z,1304,89040,1554736,87.0,0.0
2026-03-20T12:25:03Z,1305,89040,1554736,87.0,0.0
2026-03-20T12:25:04Z,1306,89040,1554736,87.0,0.0
2026-03-20T12:25:05Z,1307,89040,1554736,87.0,0.0
2026-03-20T12:25:06Z,1308,89040,1554736,87.0,0.0
2026-03-20T12:25:07Z,1309,89040,1554736,87.0,0.0
2026-03-20T12:25:08Z,1310,89040,1554736,87.0,0.0
2026-03-20T12:25:09Z,1311,89040,1554736,87.0,0.0
2026-03-20T12:25:11Z,1312,89040,1554736,87.0,0.0
2026-03-20T12:25:12Z,1313,89040,1554736,87.0,0.0
2026-03-20T12:25:13Z,1314,89040,1554736,87.0,0.0
2026-03-20T12:25:14Z,1315,89040,1554736,87.0,0.0
2026-03-20T12:25:15Z,1316,89040,1554736,87.0,0.0
2026-03-20T12:25:16Z,1317,89040,1554736,87.0,0.0
2026-03-20T12:25:17Z,1318,89040,1554736,87.0,0.0
2026-03-20T12:25:18Z,1319,89040,1554736,87.0,0.0
