# run_id: sidecar_blocks_extrinsics_20260322_224059_565969 | service: sidecar | endpoint: blocks_extrinsics | process: node (PID 142619)
timestamp,elapsed_s,rss_kb,vsz_kb,rss_mb,cpu_pct
2026-03-22T22:40:59Z,0,124572,22123836,121.7,0.0
2026-03-22T22:41:00Z,1,124572,22123836,121.7,0.0
2026-03-22T22:41:02Z,2,124572,22123836,121.7,0.0
2026-03-22T22:41:03Z,3,124572,22123836,121.7,0.0
2026-03-22T22:41:04Z,4,124572,22123836,121.7,0.0
2026-03-22T22:41:05Z,5,124572,22123836,121.7,0.0
2026-03-22T22:41:06Z,6,124572,22123836,121.7,0.0
2026-03-22T22:41:07Z,7,124572,22123836,121.7,0.0
2026-03-22T22:41:08Z,8,124572,22123836,121.7,0.0
2026-03-22T22:41:09Z,9,124572,22123836,121.7,0.0
2026-03-22T22:41:10Z,10,124572,22123836,121.7,0.0
2026-03-22T22:41:11Z,11,124572,22123836,121.7,0.0
2026-03-22T22:41:12Z,12,124572,22123836,121.7,0.0
2026-03-22T22:41:13Z,13,124572,22123836,121.7,0.0
2026-03-22T22:41:14Z,14,124572,22123836,121.7,0.0
2026-03-22T22:41:15Z,15,124572,22123836,121.7,0.0
2026-03-22T22:41:17Z,16,124572,22123836,121.7,0.0
2026-03-22T22:41:18Z,17,124572,22123836,121.7,0.0
2026-03-22T22:41:19Z,18,124572,22123836,121.7,0.0
2026-03-22T22:41:20Z,19,124572,22123836,121.7,0.0
2026-03-22T22:41:21Z,20,124572,22123836,121.7,0.0
2026-03-22T22:41:22Z,21,124572,22123836,121.7,0.0
2026-03-22T22:41:23Z,22,124572,22123836,121.7,0.0
2026-03-22T22:41:24Z,23,124572,22123836,121.7,0.0
2026-03-22T22:41:25Z,24,124572,22123836,121.7,0.0
2026-03-22T22:41:26Z,25,124572,22123836,121.7,0.0
2026-03-22T22:41:27Z,26,124572,22123836,121.7,0.0
2026-03-22T22:41:28Z,27,124572,22123836,121.7,0.0
2026-03-22T22:41:29Z,28,124572,22123836,121.7,0.0
2026-03-22T22:41:31Z,29,124572,22123836,121.7,0.0
2026-03-22T22:41:32Z,30,124572,22123836,121.7,0.0
2026-03-22T22:41:33Z,31,124572,22123836,121.7,0.0
2026-03-22T22:41:34Z,32,124572,22123836,121.7,0.0
2026-03-22T22:41:35Z,33,124572,22123836,121.7,0.0
2026-03-22T22:41:36Z,34,124572,22123836,121.7,0.0
2026-03-22T22:41:37Z,35,124572,22123836,121.7,0.0
2026-03-22T22:41:38Z,36,124572,22123836,121.7,0.0
2026-03-22T22:41:39Z,37,124572,22123836,121.7,0.0
2026-03-22T22:41:40Z,38,124572,22123836,121.7,0.0
2026-03-22T22:41:41Z,39,124572,22123836,121.7,0.0
2026-03-22T22:41:42Z,40,124572,22123836,121.7,0.0
2026-03-22T22:41:43Z,41,124572,22123836,121.7,0.0
2026-03-22T22:41:44Z,42,124572,22123836,121.7,0.0
2026-03-22T22:41:46Z,43,124572,22123836,121.7,0.0
2026-03-22T22:41:47Z,44,124572,22123836,121.7,0.0
2026-03-22T22:41:48Z,45,124572,22123836,121.7,0.0
2026-03-22T22:41:49Z,46,124572,22123836,121.7,0.0
2026-03-22T22:41:50Z,47,124572,22123836,121.7,0.0
2026-03-22T22:41:51Z,48,124572,22123836,121.7,0.0
2026-03-22T22:41:52Z,49,124572,22123836,121.7,0.0
2026-03-22T22:41:53Z,50,124572,22123836,121.7,0.0
2026-03-22T22:41:54Z,51,124572,22123836,121.7,0.0
2026-03-22T22:41:55Z,52,124572,22123836,121.7,0.0
2026-03-22T22:41:56Z,53,124572,22123836,121.7,0.0
2026-03-22T22:41:57Z,54,124572,22123836,121.7,0.0
2026-03-22T22:41:58Z,55,124572,22123836,121.7,0.0
2026-03-22T22:42:00Z,56,121172,22124092,118.3,18.6
2026-03-22T22:42:01Z,57,122256,22124860,119.4,2.8
2026-03-22T22:42:02Z,58,249316,22244616,243.5,206.4
2026-03-22T22:42:03Z,59,362112,22355604,353.6,175.2
2026-03-22T22:42:04Z,60,446776,22440276,436.3,170.1
2026-03-22T22:42:05Z,61,448844,22442884,438.3,138.0
2026-03-22T22:42:06Z,62,469444,22461444,458.4,119.7
2026-03-22T22:42:07Z,63,548060,22540292,535.2,137.3
2026-03-22T22:42:08Z,64,629064,22620932,614.3,136.3
2026-03-22T22:42:09Z,65,704716,22697052,688.2,130.8
2026-03-22T22:42:10Z,66,783676,22776856,765.3,134.6
2026-03-22T22:42:11Z,67,868072,22860116,847.7,128.4
2026-03-22T22:42:12Z,68,944304,22937168,922.2,138.7
2026-03-22T22:42:13Z,69,1020716,23012872,996.8,129.9
2026-03-22T22:42:15Z,70,648208,22638740,633.0,173.1
2026-03-22T22:42:16Z,71,648424,22638740,633.2,118.7
2026-03-22T22:42:17Z,72,648444,22638740,633.2,121.5
2026-03-22T22:42:18Z,73,703716,22694804,687.2,122.4
2026-03-22T22:42:19Z,74,785252,22775700,766.8,123.1
2026-03-22T22:42:20Z,75,863972,22854292,843.7,121.9
2026-03-22T22:42:21Z,76,941592,22932628,919.5,120.9
2026-03-22T22:42:22Z,77,1017936,23008404,994.1,122.9
2026-03-22T22:42:23Z,78,1092616,23082388,1067.0,123.6
2026-03-22T22:42:24Z,79,1172240,23162260,1144.8,122.7
2026-03-22T22:42:25Z,80,1250788,23240852,1221.5,120.5
2026-03-22T22:42:26Z,81,718328,22708372,701.5,168.8
2026-03-22T22:42:27Z,82,718332,22708372,701.5,119.9
2026-03-22T22:42:28Z,83,718412,22708372,701.6,119.5
2026-03-22T22:42:29Z,84,718424,22708372,701.6,118.7
2026-03-22T22:42:31Z,85,788932,22778260,770.4,123.4
2026-03-22T22:42:32Z,86,868228,22856852,847.9,122.6
2026-03-22T22:42:33Z,87,944732,22933396,922.6,121.3
2026-03-22T22:42:34Z,88,1024872,23013524,1000.9,121.6
2026-03-22T22:42:35Z,89,1102048,23091092,1076.2,122.4
2026-03-22T22:42:36Z,90,1177684,23166868,1150.1,119.9
2026-03-22T22:42:37Z,91,1254896,23243924,1225.5,120.5
2026-03-22T22:42:38Z,92,730932,22719380,713.8,170.6
2026-03-22T22:42:39Z,93,731096,22719380,714.0,120.2
2026-03-22T22:42:40Z,94,731108,22719380,714.0,120.3
2026-03-22T22:42:41Z,95,731120,22719380,714.0,119.6
2026-03-22T22:42:42Z,96,797664,22786196,779.0,122.5
2026-03-22T22:42:43Z,97,876848,22866064,856.3,123.3
2026-03-22T22:42:44Z,98,952760,22941332,930.4,123.0
2026-03-22T22:42:46Z,99,1028612,23017108,1004.5,120.6
2026-03-22T22:42:47Z,100,1107036,23095956,1081.1,122.5
2026-03-22T22:42:48Z,101,1184596,23173012,1156.8,120.7
2026-03-22T22:42:49Z,102,1260784,23249300,1231.2,121.6
2026-03-22T22:42:50Z,103,757292,22745748,739.5,168.2
2026-03-22T22:42:51Z,104,757440,22745748,739.7,121.7
2026-03-22T22:42:52Z,105,757528,22745748,739.8,118.6
2026-03-22T22:42:53Z,106,757656,22745748,739.9,119.4
2026-03-22T22:42:54Z,107,800468,22788756,781.7,119.6
2026-03-22T22:42:55Z,108,881160,22869908,860.5,123.3
2026-03-22T22:42:56Z,109,960140,22948756,937.6,118.9
2026-03-22T22:42:57Z,110,1040176,23029140,1015.8,121.2
2026-03-22T22:42:58Z,111,1117416,23106452,1091.2,119.7
2026-03-22T22:42:59Z,112,1194184,23182996,1166.2,120.5
2026-03-22T22:43:00Z,113,1271632,23260308,1241.8,123.3
2026-03-22T22:43:02Z,114,760148,22748308,742.3,173.7
2026-03-22T22:43:03Z,115,760164,22748308,742.3,119.8
2026-03-22T22:43:04Z,116,760184,22748308,742.4,118.9
2026-03-22T22:43:05Z,117,760184,22748308,742.4,117.1
2026-03-22T22:43:06Z,118,783584,22771604,765.2,119.9
2026-03-22T22:43:07Z,119,863792,22852244,843.5,120.4
2026-03-22T22:43:08Z,120,941448,22929556,919.4,121.2
2026-03-22T22:43:09Z,121,1020828,23009684,996.9,119.9
2026-03-22T22:43:10Z,122,1098788,23087252,1073.0,119.9
2026-03-22T22:43:11Z,123,1178284,23167380,1150.7,123.2
2026-03-22T22:43:12Z,124,1252508,23242132,1223.2,117.8
2026-03-22T22:43:13Z,125,763676,22752916,745.8,170.1
2026-03-22T22:43:14Z,126,763676,22752916,745.8,126.1
2026-03-22T22:43:15Z,127,763976,22752916,746.1,121.6
2026-03-22T22:43:17Z,128,764056,22752916,746.1,118.6
2026-03-22T22:43:18Z,129,782904,22772372,764.6,119.7
2026-03-22T22:43:19Z,130,858444,22847636,838.3,124.0
2026-03-22T22:43:20Z,131,938948,22928020,916.9,121.0
2026-03-22T22:43:21Z,132,1016524,23005844,992.7,122.3
2026-03-22T22:43:22Z,133,1094960,23083924,1069.3,123.2
2026-03-22T22:43:23Z,134,1170128,23160980,1142.7,125.0
2026-03-22T22:43:24Z,135,1247548,23238036,1218.3,122.2
2026-03-22T22:43:25Z,136,770464,22760852,752.4,173.5
2026-03-22T22:43:26Z,137,770464,22760852,752.4,118.8
2026-03-22T22:43:27Z,138,770500,22760852,752.4,119.8
2026-03-22T22:43:28Z,139,770508,22760852,752.4,118.7
2026-03-22T22:43:29Z,140,779920,22770068,761.6,119.7
2026-03-22T22:43:30Z,141,859632,22849940,839.5,119.7
2026-03-22T22:43:32Z,142,937984,22928532,916.0,122.6
2026-03-22T22:43:33Z,143,1018008,23009172,994.1,119.9
2026-03-22T22:43:34Z,144,1094800,23085460,1069.1,122.5
2026-03-22T22:43:35Z,145,1175464,23165332,1147.9,119.6
2026-03-22T22:43:36Z,146,1250188,23240084,1220.9,118.9
2026-03-22T22:43:37Z,147,782724,22773140,764.4,164.5
2026-03-22T22:43:38Z,148,782724,22773140,764.4,118.1
2026-03-22T22:43:39Z,149,782844,22773140,764.5,118.6
2026-03-22T22:43:40Z,150,783088,22773140,764.7,118.0
2026-03-22T22:43:41Z,151,796416,22786452,777.8,118.9
2026-03-22T22:43:42Z,152,877052,22867092,856.5,123.3
2026-03-22T22:43:43Z,153,959828,22949524,937.3,122.7
2026-03-22T22:43:44Z,154,1037212,23026836,1012.9,121.6
2026-03-22T22:43:45Z,155,1115144,23104404,1089.0,121.6
2026-03-22T22:43:46Z,156,1190956,23180692,1163.0,120.6
2026-03-22T22:43:48Z,157,1268752,23258260,1239.0,121.0
2026-03-22T22:43:49Z,158,797056,22786196,778.4,167.2
2026-03-22T22:43:50Z,159,797072,22786196,778.4,118.7
2026-03-22T22:43:51Z,160,797264,22786196,778.6,118.1
2026-03-22T22:43:52Z,161,797268,22786196,778.6,116.1
2026-03-22T22:43:53Z,162,797268,22786196,778.6,117.3
2026-03-22T22:43:54Z,163,871564,22861204,851.1,121.4
2026-03-22T22:43:55Z,164,947748,22937492,925.5,119.0
2026-03-22T22:43:56Z,165,1026368,23016084,1002.3,120.9
2026-03-22T22:43:57Z,166,1103728,23093396,1077.9,118.6
2026-03-22T22:43:58Z,167,1179828,23169172,1152.2,120.4
2026-03-22T22:43:59Z,168,1249208,23239060,1219.9,108.2
2026-03-22T22:44:00Z,169,1249208,23239060,1219.9,0.0
2026-03-22T22:44:01Z,170,1278272,23267988,1248.3,43.0
2026-03-22T22:44:03Z,171,747140,22736532,729.6,171.5
2026-03-22T22:44:04Z,172,747468,22736532,729.9,124.4
2026-03-22T22:44:05Z,173,747468,22736532,729.9,123.5
2026-03-22T22:44:06Z,174,796616,22785684,777.9,125.2
2026-03-22T22:44:07Z,175,891484,22880916,870.6,125.1
2026-03-22T22:44:08Z,176,980368,22969748,957.4,125.7
2026-03-22T22:44:09Z,177,1071312,23060884,1046.2,123.4
2026-03-22T22:44:10Z,178,1159416,23148948,1132.2,122.7
2026-03-22T22:44:11Z,179,1241568,23230612,1212.5,123.4
2026-03-22T22:44:12Z,180,871720,22860692,851.3,174.1
2026-03-22T22:44:13Z,181,871720,22860692,851.3,123.4
2026-03-22T22:44:14Z,182,871900,22860692,851.5,119.7
2026-03-22T22:44:15Z,183,871904,22860692,851.5,117.9
2026-03-22T22:44:16Z,184,871912,22860692,851.5,118.8
2026-03-22T22:44:17Z,185,871912,22860692,851.5,117.6
2026-03-22T22:44:19Z,186,939464,22928532,917.4,121.3
2026-03-22T22:44:20Z,187,1016388,23005588,992.6,122.0
2026-03-22T22:44:21Z,188,1092892,23082132,1067.3,120.1
2026-03-22T22:44:22Z,189,1169748,23159444,1142.3,120.7
2026-03-22T22:44:23Z,190,1248376,23237268,1219.1,119.7
2026-03-22T22:44:24Z,191,887668,22876820,866.9,167.6
2026-03-22T22:44:25Z,192,887700,22876820,866.9,117.9
2026-03-22T22:44:26Z,193,887760,22876820,867.0,117.9
2026-03-22T22:44:27Z,194,887764,22876820,867.0,117.9
2026-03-22T22:44:28Z,195,887764,22876820,867.0,118.3
2026-03-22T22:44:29Z,196,887764,22876820,867.0,116.6
2026-03-22T22:44:30Z,197,926852,22915732,905.1,120.0
2026-03-22T22:44:31Z,198,1004256,22993300,980.7,120.7
2026-03-22T22:44:32Z,199,1079716,23068564,1054.4,121.2
2026-03-22T22:44:34Z,200,1156016,23144852,1128.9,122.4
2026-03-22T22:44:35Z,201,1231120,23220368,1202.3,120.2
2026-03-22T22:44:36Z,202,1224032,23214264,1195.3,168.6
2026-03-22T22:44:37Z,203,867356,22856632,847.0,122.6
2026-03-22T22:44:38Z,204,867760,22856632,847.4,119.6
2026-03-22T22:44:39Z,205,867964,22856632,847.6,121.7
2026-03-22T22:44:40Z,206,867972,22856632,847.6,117.9
2026-03-22T22:44:41Z,207,867972,22856632,847.6,117.7
2026-03-22T22:44:42Z,208,916664,22905528,895.2,120.8
2026-03-22T22:44:43Z,209,992512,22981816,969.2,121.6
2026-03-22T22:44:44Z,210,1068460,23058104,1043.4,121.6
2026-03-22T22:44:45Z,211,1144948,23134136,1118.1,119.9
2026-03-22T22:44:46Z,212,1223404,23212216,1194.7,120.4
2026-03-22T22:44:47Z,213,1213728,23203668,1185.3,168.8
2026-03-22T22:44:49Z,214,898908,22888020,877.8,125.1
2026-03-22T22:44:50Z,215,898908,22888020,877.8,121.2
2026-03-22T22:44:51Z,216,899036,22888020,878.0,117.7
2026-03-22T22:44:52Z,217,899036,22888020,878.0,115.2
2026-03-22T22:44:53Z,218,899036,22888020,878.0,118.6
2026-03-22T22:44:54Z,219,919944,22909780,898.4,117.7
2026-03-22T22:44:55Z,220,997588,22986580,974.2,121.6
2026-03-22T22:44:56Z,221,1072268,23061076,1047.1,120.7
2026-03-22T22:44:57Z,222,1149632,23140060,1122.7,124.9
2026-03-22T22:44:58Z,223,1224024,23214044,1195.3,122.3
2026-03-22T22:44:59Z,224,1298776,23288760,1268.3,121.1
2026-03-22T22:45:00Z,225,868528,22858168,848.2,169.7
2026-03-22T22:45:01Z,226,868528,22858168,848.2,118.7
2026-03-22T22:45:02Z,227,868632,22858168,848.3,116.6
2026-03-22T22:45:03Z,228,868640,22858168,848.3,117.7
2026-03-22T22:45:05Z,229,868640,22858168,848.3,118.5
2026-03-22T22:45:06Z,230,898556,22888120,877.5,118.9
2026-03-22T22:45:07Z,231,978268,22967736,955.3,122.0
2026-03-22T22:45:08Z,232,1054260,23043768,1029.6,120.4
2026-03-22T22:45:09Z,233,1130328,23119544,1103.8,120.4
2026-03-22T22:45:10Z,234,1205628,23195576,1177.4,119.6
2026-03-22T22:45:11Z,235,1284008,23273400,1253.9,121.8
2026-03-22T22:45:12Z,236,867176,22856888,846.9,167.8
2026-03-22T22:45:13Z,237,867176,22856888,846.9,118.4
2026-03-22T22:45:14Z,238,867176,22856888,846.9,118.9
2026-03-22T22:45:15Z,239,867176,22856888,846.9,115.5
2026-03-22T22:45:16Z,240,867176,22856888,846.9,117.0
2026-03-22T22:45:17Z,241,900884,22891192,879.8,119.3
2026-03-22T22:45:18Z,242,979784,22969272,956.8,121.7
2026-03-22T22:45:20Z,243,1060684,23049912,1035.8,120.8
2026-03-22T22:45:21Z,244,1137420,23126712,1110.8,121.7
2026-03-22T22:45:22Z,245,1213700,23203256,1185.3,120.2
2026-03-22T22:45:23Z,246,1201812,23191992,1173.6,161.7
2026-03-22T22:45:24Z,247,876796,22866360,856.2,120.6
2026-03-22T22:45:25Z,248,876796,22866360,856.2,117.1
2026-03-22T22:45:26Z,249,876880,22866360,856.3,118.8
2026-03-22T22:45:27Z,250,876880,22866360,856.3,116.8
2026-03-22T22:45:28Z,251,876880,22866360,856.3,117.7
2026-03-22T22:45:29Z,252,921340,22910648,899.7,118.7
2026-03-22T22:45:30Z,253,1003960,22993592,980.4,122.5
2026-03-22T22:45:31Z,254,1078092,23067576,1052.8,120.6
2026-03-22T22:45:32Z,255,1158908,23148472,1131.7,121.5
2026-03-22T22:45:33Z,256,1236160,23226040,1207.2,120.6
2026-03-22T22:45:35Z,257,865312,22855096,845.0,164.3
2026-03-22T22:45:36Z,258,865532,22855096,845.2,118.5
2026-03-22T22:45:37Z,259,865536,22855096,845.2,118.1
2026-03-22T22:45:38Z,260,865536,22855096,845.2,117.8
2026-03-22T22:45:39Z,261,865536,22855096,845.2,117.8
2026-03-22T22:45:40Z,262,865536,22855096,845.2,115.9
2026-03-22T22:45:41Z,263,940440,22930616,918.4,120.8
2026-03-22T22:45:42Z,264,1018340,23007928,994.5,121.5
2026-03-22T22:45:43Z,265,1098988,23088312,1073.2,119.9
2026-03-22T22:45:44Z,266,1179128,23168696,1151.5,121.5
2026-03-22T22:45:45Z,267,1255688,23244984,1226.3,120.6
2026-03-22T22:45:46Z,268,884308,22874296,863.6,165.9
2026-03-22T22:45:47Z,269,884464,22874296,863.7,118.1
2026-03-22T22:45:48Z,270,884464,22874296,863.7,118.7
2026-03-22T22:45:49Z,271,884704,22874296,864.0,117.7
2026-03-22T22:45:51Z,272,884704,22874296,864.0,116.7
2026-03-22T22:45:52Z,273,884704,22874296,864.0,117.7
2026-03-22T22:45:53Z,274,953028,22942136,930.7,120.5
2026-03-22T22:45:54Z,275,1032712,23023032,1008.5,118.3
2026-03-22T22:45:55Z,276,1113484,23102904,1087.4,119.3
2026-03-22T22:45:56Z,277,1190764,23180984,1162.9,119.0
2026-03-22T22:45:57Z,278,1269720,23259576,1240.0,118.2
2026-03-22T22:45:58Z,279,871192,22860728,850.8,163.0
2026-03-22T22:45:59Z,280,871232,22860728,850.8,118.7
2026-03-22T22:46:00Z,281,871392,22860728,851.0,116.9
2026-03-22T22:46:01Z,282,871468,22860728,851.0,116.3
2026-03-22T22:46:02Z,283,871472,22860728,851.0,34.5
2026-03-22T22:46:03Z,284,871472,22860728,851.0,0.0
2026-03-22T22:46:04Z,285,871472,22860728,851.0,106.6
2026-03-22T22:46:06Z,286,915008,22904504,893.6,120.3
2026-03-22T22:46:07Z,287,999320,22988728,975.9,123.0
2026-03-22T22:46:08Z,288,1079444,23069112,1054.1,120.7
2026-03-22T22:46:09Z,289,1156784,23146680,1129.7,120.5
2026-03-22T22:46:10Z,290,1234752,23223992,1205.8,120.7
2026-03-22T22:46:11Z,291,805580,22795216,786.7,162.2
2026-03-22T22:46:12Z,292,805760,22795216,786.9,120.2
2026-03-22T22:46:13Z,293,805828,22795216,786.9,119.8
2026-03-22T22:46:14Z,294,805920,22795216,787.0,117.8
2026-03-22T22:46:15Z,295,805932,22795216,787.0,120.8
2026-03-22T22:46:16Z,296,851996,22841296,832.0,120.4
2026-03-22T22:46:17Z,297,928048,22917840,906.3,122.5
2026-03-22T22:46:18Z,298,1009372,22999504,985.7,120.5
2026-03-22T22:46:19Z,299,1084964,23074768,1059.5,121.2
2026-03-22T22:46:20Z,300,1160524,23149776,1133.3,123.2
2026-03-22T22:46:22Z,301,1236944,23227088,1208.0,122.3
2026-03-22T22:46:23Z,302,814568,22804176,795.5,171.5
2026-03-22T22:46:24Z,303,814568,22804176,795.5,118.4
2026-03-22T22:46:25Z,304,814724,22804176,795.6,118.8
2026-03-22T22:46:26Z,305,814724,22804176,795.6,116.5
2026-03-22T22:46:27Z,306,814724,22804176,795.6,119.0
2026-03-22T22:46:28Z,307,863940,22853584,843.7,120.7
2026-03-22T22:46:29Z,308,942932,22933200,920.8,122.6
2026-03-22T22:46:30Z,309,1020620,23010512,996.7,122.2
2026-03-22T22:46:31Z,310,1097688,23087312,1072.0,122.5
2026-03-22T22:46:32Z,311,1175196,23164880,1147.7,121.1
2026-03-22T22:46:33Z,312,1252424,23242448,1223.1,121.1
2026-03-22T22:46:34Z,313,795620,22784976,777.0,168.3
2026-03-22T22:46:35Z,314,795808,22784976,777.2,121.9
2026-03-22T22:46:37Z,315,795852,22784976,777.2,119.6
2026-03-22T22:46:38Z,316,796056,22784976,777.4,117.7
2026-03-22T22:46:39Z,317,796288,22784976,777.6,117.9
2026-03-22T22:46:40Z,318,859012,22848208,838.9,122.1
2026-03-22T22:46:41Z,319,939248,22928592,917.2,120.6
2026-03-22T22:46:42Z,320,1016832,23005904,993.0,121.7
2026-03-22T22:46:43Z,321,1092996,23082192,1067.4,119.8
2026-03-22T22:46:44Z,322,1169884,23160272,1142.5,123.6
2026-03-22T22:46:45Z,323,1249076,23239632,1219.8,120.0
2026-03-22T22:46:46Z,324,809464,22800592,790.5,170.8
2026-03-22T22:46:47Z,325,809472,22800592,790.5,117.6
2026-03-22T22:46:48Z,326,809472,22800592,790.5,118.8
2026-03-22T22:46:49Z,327,809472,22800592,790.5,117.5
2026-03-22T22:46:50Z,328,809472,22800592,790.5,117.1
2026-03-22T22:46:52Z,329,864728,22855376,844.5,120.0
2026-03-22T22:46:53Z,330,944720,22936016,922.6,121.5
2026-03-22T22:46:54Z,331,1023552,23014096,999.6,120.4
2026-03-22T22:46:55Z,332,1103096,23094736,1077.2,122.5
2026-03-22T22:46:56Z,333,1179096,23170000,1151.5,121.5
2026-03-22T22:46:57Z,334,1255632,23246288,1226.2,120.6
2026-03-22T22:46:58Z,335,810464,22801104,791.5,167.2
2026-03-22T22:46:59Z,336,810464,22801104,791.5,121.8
2026-03-22T22:47:00Z,337,810564,22801104,791.6,119.4
2026-03-22T22:47:01Z,338,811296,22801104,792.3,118.7
2026-03-22T22:47:02Z,339,811540,22801104,792.5,118.3
2026-03-22T22:47:03Z,340,889220,22878928,868.4,121.7
2026-03-22T22:47:04Z,341,968968,22958544,946.3,121.3
2026-03-22T22:47:05Z,342,1047296,23037392,1022.8,122.1
2026-03-22T22:47:07Z,343,1126128,23115728,1099.7,121.6
2026-03-22T22:47:08Z,344,1204576,23194576,1176.3,121.5
2026-03-22T22:47:09Z,345,1284012,23274192,1253.9,121.4
2026-03-22T22:47:10Z,346,800356,22790352,781.6,169.2
2026-03-22T22:47:11Z,347,800696,22790352,781.9,121.4
2026-03-22T22:47:12Z,348,800872,22790352,782.1,119.9
2026-03-22T22:47:13Z,349,800872,22790352,782.1,116.8
2026-03-22T22:47:14Z,350,800900,22790352,782.1,119.7
2026-03-22T22:47:15Z,351,878336,22867920,857.8,120.8
2026-03-22T22:47:16Z,352,954488,22944720,932.1,120.5
2026-03-22T22:47:17Z,353,1033196,23022800,1009.0,121.3
2026-03-22T22:47:18Z,354,1110196,23099856,1084.2,121.6
2026-03-22T22:47:19Z,355,1185528,23176144,1157.7,123.1
2026-03-22T22:47:20Z,356,1262996,23253456,1233.4,120.6
2026-03-22T22:47:22Z,357,807792,22798800,788.9,168.0
2026-03-22T22:47:23Z,358,807792,22798800,788.9,115.3
2026-03-22T22:47:24Z,359,807964,22798800,789.0,118.8
2026-03-22T22:47:25Z,360,808212,22798800,789.3,118.0
2026-03-22T22:47:26Z,361,808212,22798800,789.3,117.2
2026-03-22T22:47:27Z,362,866820,22857680,846.5,119.8
2026-03-22T22:47:28Z,363,945920,22937040,923.8,121.9
2026-03-22T22:47:29Z,364,1024268,23014864,1000.3,120.9
2026-03-22T22:47:30Z,365,1102292,23092944,1076.5,123.0
2026-03-22T22:47:31Z,366,1177196,23167440,1149.6,120.7
2026-03-22T22:47:32Z,367,1253368,23244240,1224.0,120.0
2026-03-22T22:47:33Z,368,812996,22803920,793.9,168.6
2026-03-22T22:47:34Z,369,812996,22803920,793.9,118.1
2026-03-22T22:47:35Z,370,813040,22803920,794.0,116.6
2026-03-22T22:47:36Z,371,813760,22803920,794.7,114.8
2026-03-22T22:47:38Z,372,817368,22807760,798.2,117.0
2026-03-22T22:47:39Z,373,895304,22886096,874.3,119.7
2026-03-22T22:47:40Z,374,971140,22961872,948.4,121.3
2026-03-22T22:47:41Z,375,1050064,23040720,1025.5,120.3
2026-03-22T22:47:42Z,376,1127076,23117776,1100.7,122.3
2026-03-22T22:47:43Z,377,1205672,23196368,1177.4,120.5
2026-03-22T22:47:44Z,378,1282728,23273424,1252.7,121.8
2026-03-22T22:47:45Z,379,810488,22800848,791.5,168.2
2026-03-22T22:47:46Z,380,810704,22800848,791.7,122.5
2026-03-22T22:47:47Z,381,810916,22800848,791.9,119.4
2026-03-22T22:47:48Z,382,810916,22800848,791.9,116.7
2026-03-22T22:47:49Z,383,810916,22800848,791.9,118.3
2026-03-22T22:47:50Z,384,883988,22874320,863.3,122.5
2026-03-22T22:47:51Z,385,965152,22955216,942.5,119.8
2026-03-22T22:47:53Z,386,1045900,23036368,1021.4,121.6
2026-03-22T22:47:54Z,387,1122132,23113424,1095.8,123.6
2026-03-22T22:47:55Z,388,1198892,23189456,1170.8,119.8
2026-03-22T22:47:56Z,389,1277488,23268588,1247.5,119.8
2026-03-22T22:47:57Z,390,806312,22797036,787.4,168.3
2026-03-22T22:47:58Z,391,806320,22797036,787.4,117.9
2026-03-22T22:47:59Z,392,806320,22797036,787.4,117.8
2026-03-22T22:48:00Z,393,806320,22797036,787.4,118.2
2026-03-22T22:48:01Z,394,830184,22821612,810.7,118.6
2026-03-22T22:48:02Z,395,911708,22903020,890.3,123.0
2026-03-22T22:48:03Z,396,989020,22980076,965.8,120.8
2026-03-22T22:48:04Z,397,1052912,23043820,1028.2,96.8
2026-03-22T22:48:05Z,398,1052912,23043820,1028.2,0.0
2026-03-22T22:48:06Z,399,1095348,23085804,1069.7,67.4
2026-03-22T22:48:07Z,400,1187244,23177964,1159.4,125.8
2026-03-22T22:48:09Z,401,1279164,23270124,1249.2,126.2
2026-03-22T22:48:10Z,402,848080,22839276,828.2,171.7
2026-03-22T22:48:11Z,403,848080,22839276,828.2,120.7
2026-03-22T22:48:12Z,404,848108,22839276,828.2,122.4
2026-03-22T22:48:13Z,405,848108,22839276,828.2,121.0
2026-03-22T22:48:14Z,406,858408,22849004,838.3,118.9
2026-03-22T22:48:15Z,407,937344,22928364,915.4,121.2
2026-03-22T22:48:16Z,408,1014788,23005420,991.0,121.5
2026-03-22T22:48:17Z,409,1091736,23082476,1066.1,121.6
2026-03-22T22:48:18Z,410,1168844,23159532,1141.4,122.7
2026-03-22T22:48:19Z,411,1243940,23234540,1214.8,118.9
2026-03-22T22:48:20Z,412,857696,22848492,837.6,169.1
2026-03-22T22:48:21Z,413,857696,22848492,837.6,117.9
2026-03-22T22:48:22Z,414,858444,22848492,838.3,117.8
2026-03-22T22:48:24Z,415,858448,22848492,838.3,117.0
2026-03-22T22:48:25Z,416,858488,22848492,838.4,117.6
2026-03-22T22:48:26Z,417,858488,22848492,838.4,116.8
2026-03-22T22:48:27Z,418,925452,22916332,903.8,120.4
2026-03-22T22:48:28Z,419,1000988,22991340,977.5,119.5
2026-03-22T22:48:29Z,420,1079528,23069420,1054.2,119.0
2026-03-22T22:48:30Z,421,1157020,23147500,1129.9,119.7
2026-03-22T22:48:31Z,422,1234292,23225068,1205.4,119.4
2026-03-22T22:48:32Z,423,863084,22853612,842.9,166.0
2026-03-22T22:48:33Z,424,863084,22853612,842.9,121.2
2026-03-22T22:48:34Z,425,863084,22853612,842.9,119.1
2026-03-22T22:48:35Z,426,863084,22853612,842.9,117.0
2026-03-22T22:48:36Z,427,863084,22853612,842.9,117.1
2026-03-22T22:48:37Z,428,863084,22853612,842.9,118.2
2026-03-22T22:48:39Z,429,931568,22921708,909.7,118.8
2026-03-22T22:48:40Z,430,1007200,22997228,983.6,121.5
2026-03-22T22:48:41Z,431,1086124,23076076,1060.7,120.5
2026-03-22T22:48:42Z,432,1162624,23153644,1135.4,122.4
2026-03-22T22:48:43Z,433,1238096,23228652,1209.1,119.7
2026-03-22T22:48:44Z,434,864100,22854380,843.8,168.3
2026-03-22T22:48:45Z,435,864100,22854380,843.8,118.5
2026-03-22T22:48:46Z,436,864100,22854380,843.8,117.9
2026-03-22T22:48:47Z,437,864100,22854380,843.8,118.8
2026-03-22T22:48:48Z,438,864100,22854380,843.8,117.7
2026-03-22T22:48:49Z,439,864100,22854380,843.8,118.9
2026-03-22T22:48:50Z,440,922224,22912492,900.6,120.7
2026-03-22T22:48:51Z,441,1000656,22991340,977.2,123.6
2026-03-22T22:48:52Z,442,1077496,23068396,1052.2,123.1
2026-03-22T22:48:53Z,443,1152444,23143660,1125.4,122.4
2026-03-22T22:48:55Z,444,1229388,23219692,1200.6,123.4
2026-03-22T22:48:56Z,445,1305736,23296748,1275.1,123.6
2026-03-22T22:48:57Z,446,855140,22845676,835.1,167.1
2026-03-22T22:48:58Z,447,855400,22845676,835.4,120.4
2026-03-22T22:48:59Z,448,855744,22845676,835.7,117.2
2026-03-22T22:49:00Z,449,855744,22845676,835.7,117.6
2026-03-22T22:49:01Z,450,855744,22845676,835.7,118.0
2026-03-22T22:49:02Z,451,899128,22889708,878.1,120.8
2026-03-22T22:49:03Z,452,977396,22968300,954.5,121.8
2026-03-22T22:49:04Z,453,1054168,23045100,1029.5,121.6
2026-03-22T22:49:05Z,454,1127364,23118316,1100.9,124.3
2026-03-22T22:49:06Z,455,1204812,23195884,1176.6,121.5
2026-03-22T22:49:07Z,456,1279912,23270892,1249.9,120.5
2026-03-22T22:49:08Z,457,863660,22854636,843.4,171.0
2026-03-22T22:49:10Z,458,863660,22854636,843.4,118.8
2026-03-22T22:49:11Z,459,863660,22854636,843.4,117.9
2026-03-22T22:49:12Z,460,863660,22854636,843.4,117.3
2026-03-22T22:49:13Z,461,863660,22854636,843.4,118.6
2026-03-22T22:49:14Z,462,902824,22893548,881.7,118.8
2026-03-22T22:49:15Z,463,983004,22973932,960.0,120.5
2026-03-22T22:49:16Z,464,1060216,23051500,1035.4,122.8
2026-03-22T22:49:17Z,465,1137444,23128556,1110.8,120.5
2026-03-22T22:49:18Z,466,1213028,23204076,1184.6,120.6
2026-03-22T22:49:19Z,467,1291772,23282412,1261.5,120.8
2026-03-22T22:49:20Z,468,865024,22854892,844.8,171.1
2026-03-22T22:49:21Z,469,865144,22854892,844.9,121.9
2026-03-22T22:49:22Z,470,865192,22854892,844.9,117.8
2026-03-22T22:49:23Z,471,865192,22854892,844.9,117.7
2026-03-22T22:49:24Z,472,865192,22854892,844.9,117.8
2026-03-22T22:49:26Z,473,896984,22886892,876.0,118.9
2026-03-22T22:49:27Z,474,973684,22963436,950.9,120.7
2026-03-22T22:49:28Z,475,1053536,23043564,1028.8,121.8
2026-03-22T22:49:29Z,476,1129360,23119852,1102.9,123.2
2026-03-22T22:49:30Z,477,1208616,23199212,1180.3,121.5
2026-03-22T22:49:31Z,478,1283096,23274220,1253.0,119.7
2026-03-22T22:49:32Z,479,850360,22841068,830.4,170.0
2026-03-22T22:49:33Z,480,850396,22841068,830.5,123.1
2026-03-22T22:49:34Z,481,850468,22841068,830.5,120.3
2026-03-22T22:49:35Z,482,850688,22841068,830.8,116.7
2026-03-22T22:49:36Z,483,850688,22841068,830.8,116.8
2026-03-22T22:49:37Z,484,891860,22882284,871.0,119.5
2026-03-22T22:49:38Z,485,969148,22959596,946.4,119.6
2026-03-22T22:49:39Z,486,1047088,23037164,1022.5,119.8
2026-03-22T22:49:41Z,487,1125004,23115500,1098.6,122.8
2026-03-22T22:49:42Z,488,1202880,23193580,1174.7,119.7
2026-03-22T22:49:43Z,489,1281104,23272172,1251.1,118.9
2026-03-22T22:49:44Z,490,849040,22839788,829.1,167.3
2026-03-22T22:49:45Z,491,849568,22839788,829.7,118.0
2026-03-22T22:49:46Z,492,849632,22839788,829.7,120.5
2026-03-22T22:49:47Z,493,850008,22839788,830.1,117.7
2026-03-22T22:49:48Z,494,850008,22839788,830.1,116.9
2026-03-22T22:49:49Z,495,880920,22871020,860.3,118.1
2026-03-22T22:49:50Z,496,957464,22947564,935.0,119.6
2026-03-22T22:49:51Z,497,1038040,23027948,1013.7,119.9
2026-03-22T22:49:52Z,498,1118808,23108844,1092.6,119.7
2026-03-22T22:49:53Z,499,1196384,23186156,1168.3,118.5
2026-03-22T22:49:54Z,500,1275788,23266028,1245.9,118.9
2026-03-22T22:49:55Z,501,861660,22851308,841.5,169.7
2026-03-22T22:49:57Z,502,861732,22851308,841.5,120.4
2026-03-22T22:49:58Z,503,861732,22851308,841.5,119.3
2026-03-22T22:49:59Z,504,861732,22851308,841.5,116.7
2026-03-22T22:50:00Z,505,861732,22851308,841.5,117.1
2026-03-22T22:50:01Z,506,907252,22897388,886.0,120.6
2026-03-22T22:50:02Z,507,986712,22977004,963.6,121.4
2026-03-22T22:50:03Z,508,1065760,23055340,1040.8,120.4
2026-03-22T22:50:04Z,509,1140696,23131116,1114.0,124.1
2026-03-22T22:50:05Z,510,1217256,23207916,1188.7,122.4
2026-03-22T22:50:06Z,511,1294444,23285228,1264.1,119.9
2026-03-22T22:50:07Z,512,812392,22803436,793.4,76.3
2026-03-22T22:50:08Z,513,812500,22803436,793.5,13.1
2026-03-22T22:50:09Z,514,812500,22803436,793.5,119.5
2026-03-22T22:50:10Z,515,812528,22803436,793.5,124.3
2026-03-22T22:50:12Z,516,812528,22803436,793.5,120.3
2026-03-22T22:50:13Z,517,818728,22809836,799.5,120.6
2026-03-22T22:50:14Z,518,911236,22901996,889.9,125.1
2026-03-22T22:50:15Z,519,1000812,22990060,977.4,125.5
2026-03-22T22:50:16Z,520,1088488,23078124,1063.0,126.0
2026-03-22T22:50:17Z,521,1174472,23163628,1146.9,122.1
2026-03-22T22:50:18Z,522,1251864,23241196,1222.5,121.3
2026-03-22T22:50:19Z,523,830132,22820076,810.7,166.3
2026-03-22T22:50:20Z,524,830140,22820076,810.7,123.2
2026-03-22T22:50:21Z,525,830384,22820076,810.9,120.7
2026-03-22T22:50:22Z,526,830384,22820076,810.9,118.1
2026-03-22T22:50:23Z,527,830632,22820076,811.2,118.0
2026-03-22T22:50:24Z,528,875944,22865132,855.4,120.8
2026-03-22T22:50:25Z,529,953168,22942700,930.8,121.0
2026-03-22T22:50:27Z,530,1031308,23020780,1007.1,119.7
2026-03-22T22:50:28Z,531,1109016,23098860,1083.0,120.0
2026-03-22T22:50:29Z,532,1184184,23175148,1156.4,123.5
2026-03-22T22:50:30Z,533,1260812,23251180,1231.3,120.9
2026-03-22T22:50:31Z,534,846424,22836460,826.6,168.0
2026-03-22T22:50:32Z,535,847020,22836460,827.2,118.7
2026-03-22T22:50:33Z,536,847020,22836460,827.2,116.0
2026-03-22T22:50:34Z,537,847020,22836460,827.2,116.7
2026-03-22T22:50:35Z,538,847020,22836460,827.2,115.7
2026-03-22T22:50:36Z,539,899692,22889708,878.6,119.8
2026-03-22T22:50:37Z,540,980996,22971116,958.0,121.4
2026-03-22T22:50:38Z,541,1057068,23047148,1032.3,118.7
2026-03-22T22:50:39Z,542,1136620,23126508,1110.0,120.6
2026-03-22T22:50:40Z,543,1212620,23202284,1184.2,118.3
2026-03-22T22:50:41Z,544,1288936,23279084,1258.7,118.2
2026-03-22T22:50:43Z,545,825992,22816236,806.6,165.6
2026-03-22T22:50:44Z,546,826028,22816236,806.7,119.2
2026-03-22T22:50:45Z,547,826028,22816236,806.7,117.6
2026-03-22T22:50:46Z,548,826028,22816236,806.7,118.6
2026-03-22T22:50:47Z,549,826520,22816236,807.1,119.1
2026-03-22T22:50:48Z,550,894056,22883564,873.1,119.8
2026-03-22T22:50:49Z,551,972276,22962156,949.5,121.5
2026-03-22T22:50:50Z,552,1051264,23042024,1026.6,122.2
2026-03-22T22:50:51Z,553,1127616,23117548,1101.2,121.8
2026-03-22T22:50:52Z,554,1205836,23195884,1177.6,120.7
2026-03-22T22:50:53Z,555,1281344,23271148,1251.3,120.7
2026-03-22T22:50:54Z,556,837500,22827500,817.9,166.5
2026-03-22T22:50:55Z,557,837528,22827500,817.9,118.7
2026-03-22T22:50:56Z,558,837860,22827500,818.2,118.6
2026-03-22T22:50:58Z,559,838008,22827500,818.4,120.5
2026-03-22T22:50:59Z,560,838008,22827500,818.4,117.5
2026-03-22T22:51:00Z,561,902488,22892012,881.3,119.7
2026-03-22T22:51:01Z,562,981980,22971628,959.0,119.7
2026-03-22T22:51:02Z,563,1060188,23049964,1035.3,121.4
2026-03-22T22:51:03Z,564,1136616,23126136,1110.0,119.0
2026-03-22T22:51:04Z,565,1215088,23205212,1186.6,120.0
2026-03-22T22:51:05Z,566,819528,22809300,800.3,166.1
2026-03-22T22:51:06Z,567,819536,22809300,800.3,118.8
2026-03-22T22:51:07Z,568,819792,22809300,800.6,119.6
2026-03-22T22:51:08Z,569,819968,22809300,800.8,118.7
2026-03-22T22:51:09Z,570,820440,22809300,801.2,119.7
2026-03-22T22:51:10Z,571,854012,22843092,834.0,121.3
2026-03-22T22:51:11Z,572,932552,22921172,910.7,120.6
2026-03-22T22:51:12Z,573,1012468,23001300,988.7,120.6
2026-03-22T22:51:14Z,574,1091620,23080404,1066.0,118.7
2026-03-22T22:51:15Z,575,1169932,23159252,1142.5,121.4
2026-03-22T22:51:16Z,576,1247940,23236820,1218.7,119.5
2026-03-22T22:51:17Z,577,935836,22925268,913.9,169.3
2026-03-22T22:51:18Z,578,821332,22810068,802.1,117.1
2026-03-22T22:51:19Z,579,821332,22810068,802.1,118.8
2026-03-22T22:51:20Z,580,821332,22810068,802.1,118.5
2026-03-22T22:51:21Z,581,821332,22810068,802.1,118.6
2026-03-22T22:51:22Z,582,852372,22841556,832.4,118.4
2026-03-22T22:51:23Z,583,928352,22917076,906.6,120.3
2026-03-22T22:51:24Z,584,1008152,22997716,984.5,121.8
2026-03-22T22:51:25Z,585,1087688,23077076,1062.2,120.5
2026-03-22T22:51:26Z,586,1164924,23154644,1137.6,120.6
2026-03-22T22:51:27Z,587,1242852,23231956,1213.7,121.4
2026-03-22T22:51:29Z,588,816604,22805716,797.5,168.3
2026-03-22T22:51:30Z,589,816628,22805716,797.5,119.0
2026-03-22T22:51:31Z,590,816796,22805716,797.7,119.5
2026-03-22T22:51:32Z,591,816816,22805716,797.7,118.7
2026-03-22T22:51:33Z,592,816816,22805716,797.7,116.8
2026-03-22T22:51:34Z,593,876160,22865876,855.6,121.5
2026-03-22T22:51:35Z,594,953324,22942420,931.0,121.0
2026-03-22T22:51:36Z,595,1033228,23022292,1009.0,120.5
2026-03-22T22:51:37Z,596,1111088,23100116,1085.0,123.1
2026-03-22T22:51:38Z,597,1189988,23179220,1162.1,121.2
2026-03-22T22:51:39Z,598,1264716,23253972,1235.1,120.6
2026-03-22T22:51:40Z,599,830240,22819504,810.8,167.2
2026-03-22T22:51:41Z,600,830312,22819504,810.9,119.7
2026-03-22T22:51:42Z,601,830736,22819504,811.3,118.7
2026-03-22T22:51:44Z,602,830736,22819504,811.3,117.8
2026-03-22T22:51:45Z,603,830984,22819504,811.5,119.1
2026-03-22T22:51:46Z,604,898164,22887088,877.1,123.2
2026-03-22T22:51:47Z,605,977792,22967216,954.9,121.3
2026-03-22T22:51:48Z,606,1054692,23043504,1030.0,122.2
2026-03-22T22:51:49Z,607,1130416,23119792,1103.9,121.5
2026-03-22T22:51:50Z,608,1206848,23195824,1178.6,123.0
2026-03-22T22:51:51Z,609,1285996,23274928,1255.9,122.4
2026-03-22T22:51:52Z,610,847616,22836912,827.8,169.0
2026-03-22T22:51:53Z,611,847616,22836912,827.8,120.5
2026-03-22T22:51:54Z,612,848004,22836912,828.1,120.7
2026-03-22T22:51:55Z,613,848004,22836912,828.1,118.3
2026-03-22T22:51:56Z,614,848328,22836912,828.4,119.6
2026-03-22T22:51:57Z,615,872544,22860976,852.1,120.1
2026-03-22T22:51:59Z,616,951052,22939568,928.8,119.8
2026-03-22T22:52:00Z,617,1030044,23018928,1005.9,122.2
2026-03-22T22:52:01Z,618,1109256,23097520,1083.3,121.5
2026-03-22T22:52:02Z,619,1185680,23174576,1157.9,121.6
2026-03-22T22:52:03Z,620,1261756,23250864,1232.2,120.5
2026-03-22T22:52:04Z,621,815464,22804400,796.4,165.5
2026-03-22T22:52:05Z,622,815576,22804400,796.5,118.1
2026-03-22T22:52:06Z,623,815816,22804400,796.7,118.8
2026-03-22T22:52:07Z,624,815816,22804400,796.7,117.7
2026-03-22T22:52:08Z,625,821248,22809520,802.0,118.7
2026-03-22T22:52:09Z,626,858176,22846128,838.1,55.0
2026-03-22T22:52:10Z,627,858176,22846128,838.1,0.9
2026-03-22T22:52:11Z,628,924448,22912432,902.8,98.1
2026-03-22T22:52:12Z,629,1015696,23004080,991.9,124.0
2026-03-22T22:52:13Z,630,1108160,23096496,1082.2,125.3
2026-03-22T22:52:15Z,631,1195632,23184304,1167.6,124.2
2026-03-22T22:52:16Z,632,1283488,23271708,1253.4,123.4
2026-03-22T22:52:17Z,633,885636,22874140,864.9,172.4
2026-03-22T22:52:18Z,634,885920,22874140,865.2,119.7
2026-03-22T22:52:19Z,635,886140,22874140,865.4,120.4
2026-03-22T22:52:20Z,636,886140,22874140,865.4,117.4
2026-03-22T22:52:21Z,637,886140,22874140,865.4,116.9
2026-03-22T22:52:22Z,638,916936,22905372,895.4,117.7
2026-03-22T22:52:23Z,639,996908,22985500,973.5,119.9
2026-03-22T22:52:24Z,640,1077036,23065628,1051.8,119.5
2026-03-22T22:52:25Z,641,1155180,23143452,1128.1,119.9
2026-03-22T22:52:26Z,642,1232420,23220508,1203.5,119.0
2026-03-22T22:52:27Z,643,1305864,23294492,1275.3,154.0
2026-03-22T22:52:28Z,644,893540,22882076,872.6,132.6
2026-03-22T22:52:30Z,645,893584,22882076,872.6,120.7
2026-03-22T22:52:31Z,646,893584,22882076,872.6,120.5
2026-03-22T22:52:32Z,647,893584,22882076,872.6,118.7
2026-03-22T22:52:33Z,648,893584,22882076,872.6,118.7
2026-03-22T22:52:34Z,649,913528,22902300,892.1,118.9
2026-03-22T22:52:35Z,650,990068,22978588,966.9,121.7
2026-03-22T22:52:36Z,651,1067400,23055900,1042.4,122.0
2026-03-22T22:52:37Z,652,1144116,23132956,1117.3,125.4
2026-03-22T22:52:38Z,653,1220816,23210012,1192.2,123.5
2026-03-22T22:52:39Z,654,1296804,23286044,1266.4,122.2
2026-03-22T22:52:40Z,655,882560,22872348,861.9,161.8
2026-03-22T22:52:41Z,656,883148,22872348,862.4,120.6
2026-03-22T22:52:42Z,657,883148,22872348,862.4,119.8
2026-03-22T22:52:43Z,658,883316,22872348,862.6,120.0
2026-03-22T22:52:45Z,659,883316,22872348,862.6,117.8
2026-03-22T22:52:46Z,660,906344,22895900,885.1,121.1
2026-03-22T22:52:47Z,661,985896,22975516,962.8,120.6
2026-03-22T22:52:48Z,662,1061772,23051292,1036.9,123.3
2026-03-22T22:52:49Z,663,1138364,23127836,1111.7,122.8
2026-03-22T22:52:50Z,664,1216684,23206172,1188.2,123.4
2026-03-22T22:52:51Z,665,1291068,23280412,1260.8,121.8
2026-03-22T22:52:52Z,666,889500,22879004,868.7,168.2
2026-03-22T22:52:53Z,667,889596,22879004,868.7,118.0
2026-03-22T22:52:54Z,668,889888,22879004,869.0,119.7
2026-03-22T22:52:55Z,669,890312,22879004,869.4,117.8
2026-03-22T22:52:56Z,670,890312,22879004,869.4,117.4
2026-03-22T22:52:57Z,671,913308,22902556,891.9,119.4
2026-03-22T22:52:58Z,672,990848,22979868,967.6,119.0
2026-03-22T22:52:59Z,673,1067660,23056412,1042.6,119.7
2026-03-22T22:53:01Z,674,1143984,23133468,1117.2,123.0
2026-03-22T22:53:02Z,675,1223132,23212316,1194.5,122.3
2026-03-22T22:53:03Z,676,1299276,23287836,1268.8,122.5
2026-03-22T22:53:04Z,677,883640,22872604,862.9,166.7
2026-03-22T22:53:05Z,678,883688,22872604,863.0,117.2
2026-03-22T22:53:06Z,679,883716,22872604,863.0,119.0
2026-03-22T22:53:07Z,680,883864,22872604,863.1,117.8
2026-03-22T22:53:08Z,681,883864,22872604,863.1,119.2
2026-03-22T22:53:09Z,682,893196,22882332,872.3,118.5
2026-03-22T22:53:10Z,683,973168,22962204,950.4,121.3
2026-03-22T22:53:11Z,684,1051668,23040284,1027.0,120.4
2026-03-22T22:53:12Z,685,1129048,23118364,1102.6,121.1
2026-03-22T22:53:13Z,686,1205196,23194396,1176.9,120.3
2026-03-22T22:53:14Z,687,1282360,23271964,1252.3,121.5
2026-03-22T22:53:16Z,688,886580,22875676,865.8,170.1
2026-03-22T22:53:17Z,689,886580,22875676,865.8,121.3
2026-03-22T22:53:18Z,690,886580,22875676,865.8,118.8
2026-03-22T22:53:19Z,691,886580,22875676,865.8,118.5
2026-03-22T22:53:20Z,692,886580,22875676,865.8,115.9
2026-03-22T22:53:21Z,693,893644,22883356,872.7,118.6
2026-03-22T22:53:22Z,694,972440,22961180,949.6,122.1
2026-03-22T22:53:23Z,695,1051668,23041564,1027.0,119.9
2026-03-22T22:53:24Z,696,1128240,23118620,1101.8,123.7
2026-03-22T22:53:25Z,697,1204684,23195420,1176.4,121.6
2026-03-22T22:53:26Z,698,1280340,23270428,1250.3,120.4
2026-03-22T22:53:27Z,699,882968,22872348,862.3,168.9
2026-03-22T22:53:28Z,700,883088,22872348,862.4,121.8
2026-03-22T22:53:29Z,701,883088,22872348,862.4,119.6
2026-03-22T22:53:31Z,702,883088,22872348,862.4,116.3
2026-03-22T22:53:32Z,703,883088,22872348,862.4,118.8
2026-03-22T22:53:33Z,704,888584,22877724,867.8,118.1
2026-03-22T22:53:34Z,705,967580,22957084,944.9,122.5
2026-03-22T22:53:35Z,706,1044272,23033884,1019.8,122.3
2026-03-22T22:53:36Z,707,1120824,23111452,1094.6,124.0
2026-03-22T22:53:37Z,708,1197448,23187228,1169.4,121.0
2026-03-22T22:53:38Z,709,1272440,23262492,1242.6,120.5
2026-03-22T22:53:39Z,710,884348,22873884,863.6,170.1
2026-03-22T22:53:40Z,711,884640,22873884,863.9,122.9
2026-03-22T22:53:41Z,712,884640,22873884,863.9,118.7
2026-03-22T22:53:42Z,713,884640,22873884,863.9,117.7
2026-03-22T22:53:43Z,714,884640,22873884,863.9,115.7
2026-03-22T22:53:44Z,715,893148,22883100,872.2,117.3
2026-03-22T22:53:45Z,716,972584,22962204,949.8,120.7
2026-03-22T22:53:47Z,717,1047732,23037468,1023.2,119.8
2026-03-22T22:53:48Z,718,1124064,23114012,1097.7,125.3
2026-03-22T22:53:49Z,719,1199104,23189276,1171.0,120.5
2026-03-22T22:53:50Z,720,1275452,23265308,1245.6,121.7
2026-03-22T22:53:51Z,721,891096,22881052,870.2,173.5
2026-03-22T22:53:52Z,722,891100,22881052,870.2,120.7
2026-03-22T22:53:53Z,723,891204,22881052,870.3,118.0
2026-03-22T22:53:54Z,724,891204,22881052,870.3,116.5
2026-03-22T22:53:55Z,725,891204,22881052,870.3,118.7
2026-03-22T22:53:56Z,726,891204,22881052,870.3,116.8
2026-03-22T22:53:57Z,727,955464,22944796,933.1,121.2
2026-03-22T22:53:58Z,728,1031740,23021852,1007.6,121.7
2026-03-22T22:53:59Z,729,1111288,23100956,1085.2,123.6
2026-03-22T22:54:00Z,730,1188520,23178524,1160.7,120.6
2026-03-22T22:54:02Z,731,1264908,23255324,1235.3,122.4
2026-03-22T22:54:03Z,732,880680,22871068,860.0,166.2
2026-03-22T22:54:04Z,733,880680,22871068,860.0,119.9
2026-03-22T22:54:05Z,734,880840,22871068,860.2,120.2
2026-03-22T22:54:06Z,735,880844,22871068,860.2,119.6
2026-03-22T22:54:07Z,736,880844,22871068,860.2,116.8
2026-03-22T22:54:08Z,737,881316,22871068,860.7,116.9
2026-03-22T22:54:09Z,738,956796,22946588,934.4,119.2
2026-03-22T22:54:10Z,739,1034916,23024668,1010.7,121.6
2026-03-22T22:54:11Z,740,1102616,23092764,1076.8,102.7
2026-03-22T22:54:12Z,741,1102616,23092764,1076.8,0.0
2026-03-22T22:54:13Z,742,1131736,23122204,1105.2,46.7
2026-03-22T22:54:14Z,743,1226056,23216156,1197.3,124.0
2026-03-22T22:54:15Z,744,828848,22819100,809.4,172.9
2026-03-22T22:54:17Z,745,828848,22819100,809.4,122.2
2026-03-22T22:54:18Z,746,829280,22819100,809.8,121.3
2026-03-22T22:54:19Z,747,829280,22819100,809.8,119.8
2026-03-22T22:54:20Z,748,837808,22827548,818.2,120.7
2026-03-22T22:54:21Z,749,918128,22908188,896.6,120.6
2026-03-22T22:54:22Z,750,998612,22989084,975.2,121.0
2026-03-22T22:54:23Z,751,1076208,23066908,1051.0,119.9
2026-03-22T22:54:24Z,752,1154732,23144988,1127.7,119.5
2026-03-22T22:54:25Z,753,1231652,23222300,1202.8,121.0
2026-03-22T22:54:26Z,754,1307624,23297564,1277.0,120.0
2026-03-22T22:54:27Z,755,860164,22850332,840.0,169.6
2026-03-22T22:54:28Z,756,860164,22850332,840.0,116.9
2026-03-22T22:54:29Z,757,860248,22850332,840.1,119.5
2026-03-22T22:54:30Z,758,860444,22850332,840.3,117.7
2026-03-22T22:54:31Z,759,860444,22850332,840.3,115.9
2026-03-22T22:54:33Z,760,896816,22887196,875.8,118.6
2026-03-22T22:54:34Z,761,974704,22964508,951.9,121.4
2026-03-22T22:54:35Z,762,1052256,23042076,1027.6,120.7
2026-03-22T22:54:36Z,763,1131028,23121436,1104.5,121.6
2026-03-22T22:54:37Z,764,1205556,23195420,1177.3,120.5
2026-03-22T22:54:38Z,765,1279624,23270172,1249.6,121.5
2026-03-22T22:54:39Z,766,850080,22840092,830.2,169.5
2026-03-22T22:54:40Z,767,850348,22840092,830.4,124.8
2026-03-22T22:54:41Z,768,850348,22840092,830.4,117.8
2026-03-22T22:54:42Z,769,850588,22840092,830.7,119.5
2026-03-22T22:54:43Z,770,850588,22840092,830.7,119.5
2026-03-22T22:54:44Z,771,889020,22878492,868.2,116.9
2026-03-22T22:54:45Z,772,965172,22954524,942.6,120.3
2026-03-22T22:54:46Z,773,1043300,23032860,1018.8,122.2
2026-03-22T22:54:48Z,774,1118524,23108636,1092.3,123.1
2026-03-22T22:54:49Z,775,1195244,23185692,1167.2,121.4
2026-03-22T22:54:50Z,776,1271972,23262492,1242.2,121.4
2026-03-22T22:54:51Z,777,853964,22844188,833.9,168.7
2026-03-22T22:54:52Z,778,853964,22844188,833.9,115.9
2026-03-22T22:54:53Z,779,854004,22844188,834.0,118.5
2026-03-22T22:54:54Z,780,854004,22844188,834.0,118.0
2026-03-22T22:54:55Z,781,854004,22844188,834.0,116.8
2026-03-22T22:54:56Z,782,900396,22890780,879.3,120.3
2026-03-22T22:54:57Z,783,977856,22968348,954.9,119.8
2026-03-22T22:54:58Z,784,1055840,23045916,1031.1,122.1
2026-03-22T22:54:59Z,785,1134640,23124764,1108.0,120.6
2026-03-22T22:55:00Z,786,1212068,23202320,1183.7,121.3
2026-03-22T22:55:01Z,787,844408,22835032,824.6,167.6
2026-03-22T22:55:03Z,788,844408,22835032,824.6,117.5
2026-03-22T22:55:04Z,789,844872,22835032,825.1,120.1
2026-03-22T22:55:05Z,790,844988,22835032,825.2,119.3
2026-03-22T22:55:06Z,791,845672,22835032,825.9,122.3
2026-03-22T22:55:07Z,792,856820,22847316,836.7,118.9
2026-03-22T22:55:08Z,793,932012,22921560,910.2,120.2
2026-03-22T22:55:09Z,794,1008156,22997336,984.5,120.7
2026-03-22T22:55:10Z,795,1089460,23079512,1063.9,120.6
2026-03-22T22:55:11Z,796,1162236,23152048,1135.0,120.4
2026-03-22T22:55:12Z,797,1246868,23236764,1217.6,121.5
2026-03-22T22:55:13Z,798,848452,22838236,828.6,168.5
2026-03-22T22:55:14Z,799,848452,22838236,828.6,120.5
2026-03-22T22:55:15Z,800,848452,22838236,828.6,121.2
2026-03-22T22:55:16Z,801,848620,22838236,828.7,117.5
2026-03-22T22:55:17Z,802,849528,22838236,829.6,117.7
2026-03-22T22:55:19Z,803,866504,22855388,846.2,117.8
2026-03-22T22:55:20Z,804,946852,22936028,924.7,122.5
2026-03-22T22:55:21Z,805,1024484,23013084,1000.5,119.9
2026-03-22T22:55:22Z,806,1102256,23091420,1076.4,121.5
2026-03-22T22:55:23Z,807,1179092,23167708,1151.5,120.6
2026-03-22T22:55:24Z,808,1255088,23244252,1225.7,119.6
2026-03-22T22:55:25Z,809,853116,22842032,833.1,170.6
2026-03-22T22:55:26Z,810,853356,22842032,833.4,116.2
2026-03-22T22:55:27Z,811,853520,22842032,833.5,116.8
2026-03-22T22:55:28Z,812,853520,22842032,833.5,116.8
2026-03-22T22:55:29Z,813,853520,22842032,833.5,115.8
2026-03-22T22:55:30Z,814,855820,22844848,835.8,116.8
2026-03-22T22:55:31Z,815,933704,22923184,911.8,119.5
2026-03-22T22:55:32Z,816,1011596,23000240,987.9,120.5
2026-03-22T22:55:34Z,817,1089300,23078320,1063.8,121.4
2026-03-22T22:55:35Z,818,1165648,23154352,1138.3,117.9
2026-03-22T22:55:36Z,819,1242196,23230640,1213.1,118.8
2026-03-22T22:55:37Z,820,863540,22852528,843.3,170.7
2026-03-22T22:55:38Z,821,863540,22852528,843.3,120.7
2026-03-22T22:55:39Z,822,863540,22852528,843.3,121.5
2026-03-22T22:55:40Z,823,863648,22852528,843.4,118.1
2026-03-22T22:55:41Z,824,863648,22852528,843.4,117.8
2026-03-22T22:55:42Z,825,863648,22852528,843.4,116.7
2026-03-22T22:55:43Z,826,934340,22923184,912.4,120.7
2026-03-22T22:55:44Z,827,1012912,23001520,989.2,124.3
2026-03-22T22:55:45Z,828,1091680,23080112,1066.1,120.1
2026-03-22T22:55:46Z,829,1170780,23160496,1143.3,120.9
2026-03-22T22:55:47Z,830,1246944,23236272,1217.7,119.2
2026-03-22T22:55:49Z,831,853076,22842544,833.1,169.4
2026-03-22T22:55:50Z,832,853076,22842544,833.1,118.7
2026-03-22T22:55:51Z,833,853076,22842544,833.1,117.7
2026-03-22T22:55:52Z,834,853160,22842544,833.2,117.7
2026-03-22T22:55:53Z,835,853160,22842544,833.2,119.3
2026-03-22T22:55:54Z,836,853160,22842544,833.2,116.6
2026-03-22T22:55:55Z,837,929492,22918832,907.7,120.5
2026-03-22T22:55:56Z,838,1006012,22995632,982.4,121.1
2026-03-22T22:55:57Z,839,1084612,23074736,1059.2,120.9
2026-03-22T22:55:58Z,840,1162340,23151792,1135.1,121.6
2026-03-22T22:55:59Z,841,1237884,23227568,1208.9,117.9
2026-03-22T22:56:00Z,842,1310212,23301040,1279.5,146.4
2026-03-22T22:56:01Z,843,860892,22850224,840.7,140.2
2026-03-22T22:56:02Z,844,860892,22850224,840.7,119.5
2026-03-22T22:56:04Z,845,861116,22850224,840.9,117.2
2026-03-22T22:56:05Z,846,861116,22850224,840.9,117.8
2026-03-22T22:56:06Z,847,861116,22850224,840.9,117.8
2026-03-22T22:56:07Z,848,915104,22904752,893.7,119.6
2026-03-22T22:56:08Z,849,993280,22983344,970.0,120.5
2026-03-22T22:56:09Z,850,1071728,23061680,1046.6,122.6
2026-03-22T22:56:10Z,851,1149260,23138736,1122.3,122.1
2026-03-22T22:56:11Z,852,1226508,23216304,1197.8,121.6
2026-03-22T22:56:12Z,853,1301496,23291824,1271.0,156.5
2026-03-22T22:56:13Z,854,853172,22842288,833.2,129.4
2026-03-22T22:56:14Z,855,853172,22842288,833.2,19.6
2026-03-22T22:56:15Z,856,853172,22842288,833.2,1.9
2026-03-22T22:56:16Z,857,853172,22842288,833.2,122.0
2026-03-22T22:56:17Z,858,853416,22842288,833.4,120.5
2026-03-22T22:56:18Z,859,853416,22842288,833.4,122.2
2026-03-22T22:56:20Z,860,899808,22889136,878.7,122.3
2026-03-22T22:56:21Z,861,989860,22979504,966.7,127.1
2026-03-22T22:56:22Z,862,1080168,23069360,1054.9,125.9
2026-03-22T22:56:23Z,863,1170728,23160496,1143.3,123.3
2026-03-22T22:56:24Z,864,1255696,23244720,1226.3,125.3
2026-03-22T22:56:25Z,865,870912,22860720,850.5,168.3
2026-03-22T22:56:26Z,866,870912,22860720,850.5,122.6
2026-03-22T22:56:27Z,867,871092,22860720,850.7,119.1
2026-03-22T22:56:28Z,868,871228,22860720,850.8,118.5
2026-03-22T22:56:29Z,869,871228,22860720,850.8,117.9
2026-03-22T22:56:30Z,870,877176,22866352,856.6,116.4
2026-03-22T22:56:31Z,871,957432,22946736,935.0,120.5
2026-03-22T22:56:32Z,872,1036372,23025328,1012.1,120.7
2026-03-22T22:56:33Z,873,1113732,23102896,1087.6,119.5
2026-03-22T22:56:35Z,874,1189308,23179184,1161.4,123.2
2026-03-22T22:56:36Z,875,1267100,23256688,1237.4,121.4
2026-03-22T22:56:37Z,876,839180,22828508,819.5,170.1
2026-03-22T22:56:38Z,877,839180,22828508,819.5,120.9
2026-03-22T22:56:39Z,878,839292,22828508,819.6,121.6
2026-03-22T22:56:40Z,879,840128,22828508,820.4,120.6
2026-03-22T22:56:41Z,880,840400,22828508,820.7,120.6
2026-03-22T22:56:42Z,881,889492,22877660,868.6,121.4
2026-03-22T22:56:43Z,882,967980,22956252,945.3,122.9
2026-03-22T22:56:44Z,883,1048020,23036124,1023.5,121.5
2026-03-22T22:56:45Z,884,1125648,23113792,1099.3,120.6
2026-03-22T22:56:46Z,885,1204236,23192396,1176.0,119.6
2026-03-22T22:56:47Z,886,1284576,23273108,1254.5,118.9
2026-03-22T22:56:48Z,887,847056,22835456,827.2,170.1
2026-03-22T22:56:50Z,888,847056,22835456,827.2,119.7
2026-03-22T22:56:51Z,889,847284,22835456,827.4,119.4
2026-03-22T22:56:52Z,890,847284,22835456,827.4,118.6
2026-03-22T22:56:53Z,891,847284,22835456,827.4,119.5
2026-03-22T22:56:54Z,892,904840,22894080,883.6,121.5
2026-03-22T22:56:55Z,893,985144,22973184,962.1,121.5
2026-03-22T22:56:56Z,894,1064748,23053312,1039.8,120.9
2026-03-22T22:56:57Z,895,1142340,23130368,1115.6,118.8
2026-03-22T22:56:58Z,896,1219520,23207936,1190.9,120.4
2026-03-22T22:56:59Z,897,1298952,23287296,1268.5,119.8
2026-03-22T22:57:00Z,898,861824,22850304,841.6,167.5
2026-03-22T22:57:01Z,899,861824,22850304,841.6,117.7
2026-03-22T22:57:02Z,900,861920,22850304,841.7,117.2
2026-03-22T22:57:03Z,901,862168,22850304,842.0,120.2
2026-03-22T22:57:04Z,902,862188,22850304,842.0,118.9
2026-03-22T22:57:06Z,903,916428,22904576,894.9,121.3
2026-03-22T22:57:07Z,904,994576,22982656,971.3,122.9
2026-03-22T22:57:08Z,905,1072664,23061504,1047.5,121.8
2026-03-22T22:57:09Z,906,1151180,23139328,1124.2,122.3
2026-03-22T22:57:10Z,907,1228860,23217408,1200.1,120.6
2026-03-22T22:57:11Z,908,1305064,23294976,1274.5,143.2
2026-03-22T22:57:12Z,909,861336,22850048,841.1,148.4
2026-03-22T22:57:13Z,910,861476,22850048,841.3,117.7
2026-03-22T22:57:14Z,911,861476,22850048,841.3,117.4
2026-03-22T22:57:15Z,912,861476,22850048,841.3,117.3
2026-03-22T22:57:16Z,913,861476,22850048,841.3,118.8
2026-03-22T22:57:17Z,914,931172,22920192,909.3,121.6
2026-03-22T22:57:18Z,915,1011000,22999552,987.3,121.6
2026-03-22T22:57:19Z,916,1088756,23077376,1063.2,122.5
2026-03-22T22:57:21Z,917,1167320,23155968,1140.0,123.5
2026-03-22T22:57:22Z,918,1246024,23234816,1216.8,121.7
2026-03-22T22:57:23Z,919,847304,22835876,827.4,168.6
2026-03-22T22:57:24Z,920,847420,22835876,827.6,117.6
2026-03-22T22:57:25Z,921,847564,22835876,827.7,119.4
2026-03-22T22:57:26Z,922,847864,22835876,828.0,117.6
2026-03-22T22:57:27Z,923,847880,22835876,828.0,118.2
2026-03-22T22:57:28Z,924,871896,22860452,851.5,117.9
2026-03-22T22:57:29Z,925,951400,22940068,929.1,121.5
2026-03-22T22:57:30Z,926,1028008,23016356,1003.9,121.8
2026-03-22T22:57:31Z,927,1106716,23095204,1080.8,122.7
2026-03-22T22:57:32Z,928,1181588,23169700,1153.9,123.7
2026-03-22T22:57:33Z,929,1259760,23248548,1230.2,122.3
2026-03-22T22:57:34Z,930,857968,22846372,837.9,172.6
2026-03-22T22:57:36Z,931,857968,22846372,837.9,121.5
2026-03-22T22:57:37Z,932,858032,22846372,837.9,118.6
2026-03-22T22:57:38Z,933,858032,22846372,837.9,117.7
2026-03-22T22:57:39Z,934,858032,22846372,837.9,116.0
2026-03-22T22:57:40Z,935,866168,22854308,845.9,117.1
2026-03-22T22:57:41Z,936,946572,22935460,924.4,120.4
2026-03-22T22:57:42Z,937,1024056,23012260,1000.1,121.6
2026-03-22T22:57:43Z,938,1105808,23093924,1079.9,119.9
2026-03-22T22:57:44Z,939,1181128,23170724,1153.4,123.8
2026-03-22T22:57:45Z,940,1259820,23249316,1230.3,120.7
2026-03-22T22:57:46Z,941,868240,22857892,847.9,166.4
2026-03-22T22:57:47Z,942,868240,22857892,847.9,118.1
2026-03-22T22:57:48Z,943,868520,22857892,848.2,119.8
2026-03-22T22:57:49Z,944,868636,22857892,848.3,118.0
2026-03-22T22:57:50Z,945,869460,22857892,849.1,118.3
2026-03-22T22:57:52Z,946,872236,22861476,851.8,117.2
2026-03-22T22:57:53Z,947,950508,22939812,928.2,121.0
2026-03-22T22:57:54Z,948,1029600,23018148,1005.5,120.8
2026-03-22T22:57:55Z,949,1108080,23096484,1082.1,122.0
2026-03-22T22:57:56Z,950,1185700,23174820,1157.9,121.2
2026-03-22T22:57:57Z,951,1262504,23251620,1232.9,121.1
2026-03-22T22:57:58Z,952,875420,22864036,854.9,168.6
2026-03-22T22:57:59Z,953,875420,22864036,854.9,118.7
2026-03-22T22:58:00Z,954,875500,22864036,855.0,117.7
2026-03-22T22:58:01Z,955,875836,22864036,855.3,116.9
2026-03-22T22:58:02Z,956,875836,22864036,855.3,118.7
2026-03-22T22:58:03Z,957,879572,22868132,859.0,117.9
2026-03-22T22:58:04Z,958,957404,22946212,935.0,122.1
2026-03-22T22:58:05Z,959,1034544,23023268,1010.3,122.0
2026-03-22T22:58:07Z,960,1110308,23099044,1084.3,119.6
2026-03-22T22:58:08Z,961,1187596,23176612,1159.8,120.6
2026-03-22T22:58:09Z,962,1264744,23253412,1235.1,121.8
2026-03-22T22:58:10Z,963,865148,22854052,844.9,169.3
2026-03-22T22:58:11Z,964,865148,22854052,844.9,117.7
2026-03-22T22:58:12Z,965,865200,22854052,844.9,117.9
2026-03-22T22:58:13Z,966,865504,22854052,845.2,118.2
2026-03-22T22:58:14Z,967,865504,22854052,845.2,118.9
2026-03-22T22:58:15Z,968,865504,22854052,845.2,119.2
2026-03-22T22:58:16Z,969,911768,22900900,890.4,80.1
2026-03-22T22:58:17Z,970,911768,22900900,890.4,0.0
2026-03-22T22:58:18Z,971,966436,22955428,943.8,81.8
2026-03-22T22:58:19Z,972,1062648,23050916,1037.7,129.8
2026-03-22T22:58:20Z,973,1155024,23144100,1128.0,126.8
2026-03-22T22:58:22Z,974,1245176,23233956,1216.0,124.8
2026-03-22T22:58:23Z,975,883356,22872228,862.7,171.0
2026-03-22T22:58:24Z,976,883548,22872228,862.8,125.0
2026-03-22T22:58:25Z,977,883828,22872228,863.1,119.5
2026-03-22T22:58:26Z,978,883828,22872228,863.1,120.7
2026-03-22T22:58:27Z,979,883828,22872228,863.1,116.8
2026-03-22T22:58:28Z,980,902412,22890916,881.3,118.6
2026-03-22T22:58:29Z,981,979196,22967460,956.2,120.3
2026-03-22T22:58:30Z,982,1057644,23046564,1032.9,121.3
2026-03-22T22:58:31Z,983,1136016,23124900,1109.4,119.8
2026-03-22T22:58:32Z,984,1209652,23199396,1181.3,123.6
2026-03-22T22:58:33Z,985,1287452,23277220,1257.3,121.6
2026-03-22T22:58:34Z,986,878352,22867876,857.8,166.4
2026-03-22T22:58:35Z,987,878352,22867876,857.8,116.9
2026-03-22T22:58:36Z,988,878496,22867876,857.9,117.5
2026-03-22T22:58:38Z,989,878576,22867876,858.0,117.0
2026-03-22T22:58:39Z,990,878576,22867876,858.0,118.5
2026-03-22T22:58:40Z,991,880160,22870180,859.5,117.8
2026-03-22T22:58:41Z,992,954984,22944420,932.6,120.7
2026-03-22T22:58:42Z,993,1033732,23024036,1009.5,122.9
2026-03-22T22:58:43Z,994,1111652,23101604,1085.6,121.1
2026-03-22T22:58:44Z,995,1190364,23180452,1162.5,121.7
2026-03-22T22:58:45Z,996,1266408,23255716,1236.7,120.5
2026-03-22T22:58:46Z,997,882032,22871716,861.4,166.3
2026-03-22T22:58:47Z,998,882100,22871716,861.4,122.2
2026-03-22T22:58:48Z,999,882168,22871716,861.5,119.8
2026-03-22T22:58:49Z,1000,882444,22871716,861.8,116.2
2026-03-22T22:58:50Z,1001,882444,22871716,861.8,117.8
2026-03-22T22:58:51Z,1002,893324,22882980,872.4,117.8
2026-03-22T22:58:53Z,1003,967640,22957220,945.0,121.4
2026-03-22T22:58:54Z,1004,1046044,23035556,1021.5,121.3
2026-03-22T22:58:55Z,1005,1123876,23114404,1097.5,123.1
2026-03-22T22:58:56Z,1006,1202648,23192484,1174.5,119.9
2026-03-22T22:58:57Z,1007,1278576,23268516,1248.6,122.2
2026-03-22T22:58:58Z,1008,877084,22866596,856.5,169.7
2026-03-22T22:58:59Z,1009,877332,22866596,856.8,122.5
2026-03-22T22:59:00Z,1010,877332,22866596,856.8,118.8
2026-03-22T22:59:01Z,1011,877332,22866596,856.8,116.5
2026-03-22T22:59:02Z,1012,877332,22866596,856.8,117.0
2026-03-22T22:59:03Z,1013,907464,22897316,886.2,118.8
2026-03-22T22:59:04Z,1014,986468,22975652,963.3,121.1
2026-03-22T22:59:05Z,1015,1062484,23052708,1037.6,120.2
2026-03-22T22:59:06Z,1016,1140472,23130532,1113.7,125.2
2026-03-22T22:59:07Z,1017,1218396,23208868,1189.8,117.9
2026-03-22T22:59:09Z,1018,1294504,23285156,1264.2,120.7
2026-03-22T22:59:10Z,1019,895832,22885796,874.8,165.7
2026-03-22T22:59:11Z,1020,896264,22885796,875.3,119.6
2026-03-22T22:59:12Z,1021,896264,22885796,875.3,117.7
2026-03-22T22:59:13Z,1022,896264,22885796,875.3,117.8
2026-03-22T22:59:14Z,1023,896264,22885796,875.3,116.8
2026-03-22T22:59:15Z,1024,896504,22885796,875.5,117.0
2026-03-22T22:59:16Z,1025,969120,22958500,946.4,118.2
2026-03-22T22:59:17Z,1026,1046476,23036068,1021.9,120.8
2026-03-22T22:59:18Z,1027,1124080,23113380,1097.7,119.7
2026-03-22T22:59:19Z,1028,1200876,23190436,1172.7,119.6
2026-03-22T22:59:20Z,1029,1278148,23267748,1248.2,120.8
2026-03-22T22:59:21Z,1030,879648,22869156,859.0,170.9
2026-03-22T22:59:22Z,1031,879656,22869156,859.0,116.2
2026-03-22T22:59:24Z,1032,879656,22869156,859.0,118.9
2026-03-22T22:59:25Z,1033,879656,22869156,859.0,117.9
2026-03-22T22:59:26Z,1034,879656,22869156,859.0,115.9
2026-03-22T22:59:27Z,1035,879656,22869156,859.0,117.7
2026-03-22T22:59:28Z,1036,957388,22946980,934.9,121.6
2026-03-22T22:59:29Z,1037,1035872,23025572,1011.6,121.5
2026-03-22T22:59:30Z,1038,1115464,23105444,1089.3,121.9
2026-03-22T22:59:31Z,1039,1190184,23179684,1162.3,121.5
2026-03-22T22:59:32Z,1040,1265296,23254948,1235.6,121.6
2026-03-22T22:59:33Z,1041,880928,22870436,860.3,167.4
2026-03-22T22:59:34Z,1042,881056,22870436,860.4,117.7
2026-03-22T22:59:35Z,1043,881056,22870436,860.4,119.6
2026-03-22T22:59:36Z,1044,881180,22870436,860.5,117.8
2026-03-22T22:59:37Z,1045,881180,22870436,860.5,115.9
2026-03-22T22:59:38Z,1046,889440,22879140,868.6,117.9
2026-03-22T22:59:40Z,1047,968664,22958500,946.0,120.4
2026-03-22T22:59:41Z,1048,1048536,23038116,1024.0,122.7
2026-03-22T22:59:42Z,1049,1124684,23114148,1098.3,120.1
2026-03-22T22:59:43Z,1050,1201308,23190692,1173.2,120.3
2026-03-22T22:59:44Z,1051,1277264,23266980,1247.3,120.5
2026-03-22T22:59:45Z,1052,909676,22899620,888.4,169.4
2026-03-22T22:59:46Z,1053,909676,22899620,888.4,119.9
2026-03-22T22:59:47Z,1054,909676,22899620,888.4,119.7
2026-03-22T22:59:48Z,1055,909676,22899620,888.4,117.2
2026-03-22T22:59:49Z,1056,909676,22899620,888.4,117.8
2026-03-22T22:59:50Z,1057,909676,22899620,888.4,117.6
2026-03-22T22:59:51Z,1058,962300,22952356,939.7,121.0
2026-03-22T22:59:52Z,1059,1041520,23030948,1017.1,121.4
2026-03-22T22:59:53Z,1060,1120940,23109284,1094.7,123.1
2026-03-22T22:59:55Z,1061,1198236,23189156,1170.2,122.3
2026-03-22T22:59:56Z,1062,1273668,23264164,1243.8,121.5
2026-03-22T22:59:57Z,1063,881696,22872484,861.0,167.5
2026-03-22T22:59:58Z,1064,881696,22872484,861.0,118.7
2026-03-22T22:59:59Z,1065,881928,22872484,861.3,118.6
2026-03-22T23:00:00Z,1066,881928,22872484,861.3,117.8
2026-03-22T23:00:01Z,1067,881928,22872484,861.3,116.2
2026-03-22T23:00:02Z,1068,887944,22879140,867.1,117.7
2026-03-22T23:00:03Z,1069,968948,22960036,946.2,121.3
2026-03-22T23:00:04Z,1070,1046004,23036580,1021.5,122.3
2026-03-22T23:00:05Z,1071,1123516,23114660,1097.2,120.4
2026-03-22T23:00:06Z,1072,1201788,23192740,1173.6,122.7
2026-03-22T23:00:07Z,1073,1276768,23267236,1246.8,123.1
2026-03-22T23:00:08Z,1074,888416,22879140,867.6,169.7
2026-03-22T23:00:10Z,1075,888416,22879140,867.6,118.2
2026-03-22T23:00:11Z,1076,888416,22879140,867.6,118.6
2026-03-22T23:00:12Z,1077,888416,22879140,867.6,117.7
2026-03-22T23:00:13Z,1078,888416,22879140,867.6,117.7
2026-03-22T23:00:14Z,1079,906784,22897828,885.5,118.7
2026-03-22T23:00:15Z,1080,984612,22975396,961.5,121.4
2026-03-22T23:00:16Z,1081,1064308,23054756,1039.4,121.7
2026-03-22T23:00:17Z,1082,1142268,23133348,1115.5,121.5
2026-03-22T23:00:18Z,1083,1216124,23206820,1187.6,115.1
2026-03-22T23:00:19Z,1084,1216124,23206820,1187.6,0.0
2026-03-22T23:00:20Z,1085,1229704,23220132,1200.9,25.3
2026-03-22T23:00:21Z,1086,817988,22808484,798.8,174.6
2026-03-22T23:00:22Z,1087,817988,22808484,798.8,122.4
2026-03-22T23:00:23Z,1088,817988,22808484,798.8,124.3
2026-03-22T23:00:24Z,1089,817988,22808484,798.8,121.6
2026-03-22T23:00:26Z,1090,852428,22843556,832.4,124.2
2026-03-22T23:00:27Z,1091,949676,22940836,927.4,127.1
2026-03-22T23:00:28Z,1092,1045872,23036324,1021.4,127.0
2026-03-22T23:00:29Z,1093,1136668,23127460,1110.0,127.0
2026-03-22T23:00:30Z,1094,1232144,23222692,1203.3,125.9
2026-03-22T23:00:31Z,1095,1313732,23305124,1282.9,169.1
2026-03-22T23:00:32Z,1096,908104,22898852,886.8,125.0
2026-03-22T23:00:33Z,1097,908104,22898852,886.8,120.3
2026-03-22T23:00:34Z,1098,908104,22898852,886.8,119.4
2026-03-22T23:00:35Z,1099,908104,22898852,886.8,118.0
2026-03-22T23:00:36Z,1100,908104,22898852,886.8,117.6
2026-03-22T23:00:37Z,1101,936104,22927012,914.2,120.7
2026-03-22T23:00:38Z,1102,1014664,23005348,990.9,122.3
2026-03-22T23:00:39Z,1103,1093552,23084196,1067.9,121.3
2026-03-22T23:00:41Z,1104,1172080,23163300,1144.6,123.7
2026-03-22T23:00:42Z,1105,1247972,23238308,1218.7,121.4
2026-03-22T23:00:43Z,1106,1320672,23312548,1289.7,162.5
2026-03-22T23:00:44Z,1107,880272,22871204,859.6,127.3
2026-03-22T23:00:45Z,1108,880272,22871204,859.6,120.3
2026-03-22T23:00:46Z,1109,880272,22871204,859.6,116.9
2026-03-22T23:00:47Z,1110,880496,22871204,859.9,117.9
2026-03-22T23:00:48Z,1111,880496,22871204,859.9,118.9
2026-03-22T23:00:49Z,1112,925564,22916772,903.9,119.6
2026-03-22T23:00:50Z,1113,1001388,22992036,977.9,123.6
2026-03-22T23:00:51Z,1114,1079724,23070372,1054.4,121.8
2026-03-22T23:00:52Z,1115,1157080,23148708,1130.0,120.7
2026-03-22T23:00:53Z,1116,1235276,23226020,1206.3,120.4
2026-03-22T23:00:54Z,1117,912984,22903716,891.6,166.3
2026-03-22T23:00:56Z,1118,912984,22903716,891.6,117.7
2026-03-22T23:00:57Z,1119,913192,22903716,891.8,117.7
2026-03-22T23:00:58Z,1120,913192,22903716,891.8,116.8
2026-03-22T23:00:59Z,1121,913192,22903716,891.8,113.8
2026-03-22T23:01:00Z,1122,913192,22903716,891.8,117.2
2026-03-22T23:01:01Z,1123,937868,22928804,915.9,117.8
2026-03-22T23:01:02Z,1124,1015112,23006116,991.3,120.9
2026-03-22T23:01:03Z,1125,1091316,23081892,1065.7,120.5
2026-03-22T23:01:04Z,1126,1168160,23158692,1140.8,121.0
2026-03-22T23:01:05Z,1127,1246804,23237540,1217.6,120.7
2026-03-22T23:01:06Z,1128,879860,22870948,859.2,170.8
2026-03-22T23:01:07Z,1129,880340,22870948,859.7,122.2
2026-03-22T23:01:08Z,1130,880472,22870948,859.8,117.9
2026-03-22T23:01:09Z,1131,880472,22870948,859.8,119.6
2026-03-22T23:01:11Z,1132,880472,22870948,859.8,118.7
2026-03-22T23:01:12Z,1133,880472,22870948,859.8,118.6
2026-03-22T23:01:13Z,1134,931176,22921124,909.4,120.5
2026-03-22T23:01:14Z,1135,1009648,22999716,986.0,121.3
2026-03-22T23:01:15Z,1136,1086964,23077284,1061.5,118.6
2026-03-22T23:01:16Z,1137,1164212,23154852,1136.9,123.4
2026-03-22T23:01:17Z,1138,1241792,23233188,1212.7,119.1
2026-03-22T23:01:18Z,1139,876320,22866852,855.8,170.2
2026-03-22T23:01:19Z,1140,876644,22866852,856.1,121.5
2026-03-22T23:01:20Z,1141,876716,22866852,856.2,117.6
2026-03-22T23:01:21Z,1142,876716,22866852,856.2,118.9
2026-03-22T23:01:22Z,1143,876716,22866852,856.2,117.5
2026-03-22T23:01:23Z,1144,876944,22866852,856.4,116.8
2026-03-22T23:01:24Z,1145,937404,22927524,915.4,119.7
2026-03-22T23:01:25Z,1146,1014332,23004324,990.6,120.8
2026-03-22T23:01:27Z,1147,1091612,23082148,1066.0,121.5
2026-03-22T23:01:28Z,1148,1169096,23160228,1141.7,124.2
2026-03-22T23:01:29Z,1149,1246336,23237028,1217.1,118.9
2026-03-22T23:01:30Z,1150,879560,22869924,858.9,169.1
2026-03-22T23:01:31Z,1151,879560,22869924,858.9,117.1
2026-03-22T23:01:32Z,1152,879560,22869924,858.9,121.5
2026-03-22T23:01:33Z,1153,879560,22869924,858.9,117.1
2026-03-22T23:01:34Z,1154,879560,22869924,858.9,115.7
2026-03-22T23:01:35Z,1155,879560,22869924,858.9,116.5
2026-03-22T23:01:36Z,1156,941964,22932900,919.9,119.7
2026-03-22T23:01:37Z,1157,1019188,23010212,995.3,122.3
2026-03-22T23:01:38Z,1158,1098024,23088292,1072.3,122.4
2026-03-22T23:01:39Z,1159,1175944,23167140,1148.4,120.6
2026-03-22T23:01:40Z,1160,1249388,23240100,1220.1,122.1
2026-03-22T23:01:42Z,1161,882208,22872996,861.5,167.7
2026-03-22T23:01:43Z,1162,882208,22872996,861.5,118.2
2026-03-22T23:01:44Z,1163,882856,22872996,862.2,119.8
2026-03-22T23:01:45Z,1164,882928,22872996,862.2,116.8
2026-03-22T23:01:46Z,1165,883016,22872996,862.3,119.4
2026-03-22T23:01:47Z,1166,883016,22872996,862.3,117.1
2026-03-22T23:01:48Z,1167,932536,22923172,910.7,119.7
2026-03-22T23:01:49Z,1168,1008308,22998180,984.7,119.7
2026-03-22T23:01:50Z,1169,1085988,23076004,1060.5,121.4
2026-03-22T23:01:51Z,1170,1165440,23155620,1138.1,121.4
2026-03-22T23:01:52Z,1171,1240352,23230628,1211.3,120.8
2026-03-22T23:01:53Z,1172,873396,22863780,852.9,167.3
2026-03-22T23:01:54Z,1173,873436,22863780,853.0,122.6
2026-03-22T23:01:55Z,1174,873508,22863780,853.0,121.1
2026-03-22T23:01:57Z,1175,873728,22863780,853.2,116.4
2026-03-22T23:01:58Z,1176,873728,22863780,853.2,117.7
2026-03-22T23:01:59Z,1177,873948,22863780,853.5,116.8
2026-03-22T23:02:00Z,1178,943300,22933156,921.2,120.4
2026-03-22T23:02:01Z,1179,1021028,23010980,997.1,121.6
2026-03-22T23:02:02Z,1180,1100120,23090596,1074.3,120.4
2026-03-22T23:02:03Z,1181,1175316,23166372,1147.8,121.0
2026-03-22T23:02:04Z,1182,1253328,23244196,1224.0,120.9
2026-03-22T23:02:05Z,1183,885408,22876580,864.7,166.3
2026-03-22T23:02:06Z,1184,885408,22876580,864.7,117.1
2026-03-22T23:02:07Z,1185,886008,22876580,865.2,119.5
2026-03-22T23:02:08Z,1186,886228,22876580,865.5,117.7
2026-03-22T23:02:09Z,1187,886840,22876580,866.1,119.6
2026-03-22T23:02:10Z,1188,886840,22876580,866.1,116.9
2026-03-22T23:02:11Z,1189,957180,22946980,934.7,121.4
2026-03-22T23:02:13Z,1190,1036000,23026084,1011.7,121.5
2026-03-22T23:02:14Z,1191,1113436,23103908,1087.3,122.3
2026-03-22T23:02:15Z,1192,1193824,23183780,1165.8,120.3
2026-03-22T23:02:16Z,1193,1270688,23260580,1240.9,121.4
2026-03-22T23:02:17Z,1194,866540,22857124,846.2,170.5
2026-03-22T23:02:18Z,1195,866540,22857124,846.2,118.0
2026-03-22T23:02:19Z,1196,866540,22857124,846.2,119.9
2026-03-22T23:02:20Z,1197,866768,22857124,846.5,119.5
2026-03-22T23:02:21Z,1198,867252,22857124,846.9,42.9
2026-03-22T23:02:22Z,1199,867252,22857124,846.9,0.9
2026-03-22T23:02:23Z,1200,867252,22857124,846.9,0.0
2026-03-22T23:02:24Z,1201,867252,22857124,846.9,0.0
2026-03-22T23:02:25Z,1202,867252,22857124,846.9,0.0
2026-03-22T23:02:26Z,1203,867252,22857124,846.9,0.0
2026-03-22T23:02:28Z,1204,867252,22857124,846.9,0.0
2026-03-22T23:02:29Z,1205,867252,22857124,846.9,0.0
2026-03-22T23:02:30Z,1206,867252,22857124,846.9,0.0
2026-03-22T23:02:31Z,1207,867252,22857124,846.9,0.0
2026-03-22T23:02:32Z,1208,867252,22857124,846.9,0.0
2026-03-22T23:02:33Z,1209,867252,22857124,846.9,0.0
2026-03-22T23:02:34Z,1210,867252,22857124,846.9,0.0
2026-03-22T23:02:35Z,1211,867252,22857124,846.9,0.0
2026-03-22T23:02:36Z,1212,867252,22857124,846.9,0.0
2026-03-22T23:02:37Z,1213,867252,22857124,846.9,0.0
2026-03-22T23:02:38Z,1214,867252,22857124,846.9,0.0
2026-03-22T23:02:39Z,1215,867252,22857124,846.9,0.0
2026-03-22T23:02:40Z,1216,867252,22857124,846.9,0.0
2026-03-22T23:02:42Z,1217,867252,22857124,846.9,0.0
2026-03-22T23:02:43Z,1218,867252,22857124,846.9,0.0
2026-03-22T23:02:44Z,1219,867252,22857124,846.9,0.0
2026-03-22T23:02:45Z,1220,867252,22857124,846.9,0.0
2026-03-22T23:02:46Z,1221,867252,22857124,846.9,0.0
2026-03-22T23:02:47Z,1222,867252,22857124,846.9,0.0
2026-03-22T23:02:48Z,1223,867252,22857124,846.9,0.0
2026-03-22T23:02:49Z,1224,867252,22857124,846.9,49.3
2026-03-22T23:02:50Z,1225,401200,22395812,391.8,63.5
2026-03-22T23:02:51Z,1226,394436,22386852,385.2,46.6
2026-03-22T23:02:52Z,1227,394436,22386852,385.2,0.0
2026-03-22T23:02:53Z,1228,394436,22386852,385.2,0.0
2026-03-22T23:02:54Z,1229,394436,22386852,385.2,0.0
2026-03-22T23:02:55Z,1230,394464,22386852,385.2,0.9
2026-03-22T23:02:57Z,1231,394464,22386852,385.2,0.0
2026-03-22T23:02:58Z,1232,394464,22386852,385.2,0.0
2026-03-22T23:02:59Z,1233,394464,22386852,385.2,0.0
2026-03-22T23:03:00Z,1234,394464,22386852,385.2,0.0
2026-03-22T23:03:01Z,1235,394464,22386852,385.2,0.0
2026-03-22T23:03:02Z,1236,394464,22386852,385.2,0.0
2026-03-22T23:03:03Z,1237,394464,22386852,385.2,0.0
2026-03-22T23:03:04Z,1238,394464,22386852,385.2,0.0
2026-03-22T23:03:05Z,1239,394476,22386852,385.2,0.0
2026-03-22T23:03:06Z,1240,394480,22386852,385.2,0.0
2026-03-22T23:03:07Z,1241,394480,22386852,385.2,0.0
2026-03-22T23:03:08Z,1242,394480,22386852,385.2,0.0
2026-03-22T23:03:09Z,1243,394480,22386852,385.2,0.0
2026-03-22T23:03:11Z,1244,394480,22386852,385.2,0.0
2026-03-22T23:03:12Z,1245,394480,22386852,385.2,0.0
2026-03-22T23:03:13Z,1246,394480,22386852,385.2,0.0
2026-03-22T23:03:14Z,1247,394480,22386852,385.2,0.0
2026-03-22T23:03:15Z,1248,394492,22386852,385.2,0.0
2026-03-22T23:03:16Z,1249,394492,22386852,385.2,0.0
2026-03-22T23:03:17Z,1250,394492,22386852,385.2,0.0
2026-03-22T23:03:18Z,1251,394492,22386852,385.2,0.0
2026-03-22T23:03:19Z,1252,394492,22386852,385.2,0.0
2026-03-22T23:03:20Z,1253,394492,22386852,385.2,0.0
2026-03-22T23:03:21Z,1254,394492,22386852,385.2,0.0
2026-03-22T23:03:22Z,1255,394492,22386852,385.2,0.0
2026-03-22T23:03:23Z,1256,394492,22386852,385.2,0.0
2026-03-22T23:03:24Z,1257,394492,22386852,385.2,0.0
2026-03-22T23:03:26Z,1258,394504,22386852,385.3,0.0
2026-03-22T23:03:27Z,1259,394504,22386852,385.3,0.0
2026-03-22T23:03:28Z,1260,394504,22386852,385.3,0.0
2026-03-22T23:03:29Z,1261,394504,22386852,385.3,0.0
2026-03-22T23:03:30Z,1262,394504,22386852,385.3,0.0
2026-03-22T23:03:31Z,1263,394504,22386852,385.3,0.0
2026-03-22T23:03:32Z,1264,394504,22386852,385.3,0.0
2026-03-22T23:03:33Z,1265,394504,22386852,385.3,0.0
2026-03-22T23:03:34Z,1266,394504,22386852,385.3,0.0
2026-03-22T23:03:35Z,1267,394516,22386852,385.3,0.0
2026-03-22T23:03:36Z,1268,394516,22386852,385.3,0.0
2026-03-22T23:03:37Z,1269,394516,22386852,385.3,0.0
2026-03-22T23:03:38Z,1270,394516,22386852,385.3,0.0
2026-03-22T23:03:40Z,1271,394516,22386852,385.3,0.0
2026-03-22T23:03:41Z,1272,394516,22386852,385.3,0.0
2026-03-22T23:03:42Z,1273,394516,22386852,385.3,0.0
2026-03-22T23:03:43Z,1274,394516,22386852,385.3,0.0
2026-03-22T23:03:44Z,1275,394516,22386852,385.3,0.0
2026-03-22T23:03:45Z,1276,394524,22386852,385.3,0.0
2026-03-22T23:03:46Z,1277,394524,22386852,385.3,0.0
2026-03-22T23:03:47Z,1278,394524,22386852,385.3,0.0
2026-03-22T23:03:48Z,1279,394524,22386852,385.3,0.0
2026-03-22T23:03:49Z,1280,394524,22386852,385.3,0.0
2026-03-22T23:03:50Z,1281,394524,22386852,385.3,0.0
2026-03-22T23:03:51Z,1282,394524,22386852,385.3,0.0
2026-03-22T23:03:52Z,1283,394524,22386852,385.3,0.0
2026-03-22T23:03:53Z,1284,394524,22386852,385.3,0.0
2026-03-22T23:03:55Z,1285,394524,22386852,385.3,0.0
2026-03-22T23:03:56Z,1286,394536,22386852,385.3,0.0
2026-03-22T23:03:57Z,1287,394536,22386852,385.3,0.0
2026-03-22T23:03:58Z,1288,394536,22386852,385.3,0.0
2026-03-22T23:03:59Z,1289,394536,22386852,385.3,0.0
2026-03-22T23:04:00Z,1290,394536,22386852,385.3,0.0
2026-03-22T23:04:01Z,1291,394536,22386852,385.3,0.0
2026-03-22T23:04:02Z,1292,394536,22386852,385.3,0.0
2026-03-22T23:04:03Z,1293,394536,22386852,385.3,0.0
2026-03-22T23:04:04Z,1294,394536,22386852,385.3,0.0
2026-03-22T23:04:05Z,1295,394548,22386852,385.3,0.0
2026-03-22T23:04:06Z,1296,394548,22386852,385.3,0.0
2026-03-22T23:04:07Z,1297,394548,22386852,385.3,0.0
2026-03-22T23:04:09Z,1298,394548,22386852,385.3,0.0
2026-03-22T23:04:10Z,1299,394552,22386852,385.3,0.0
2026-03-22T23:04:11Z,1300,394552,22386852,385.3,0.0
2026-03-22T23:04:12Z,1301,394552,22386852,385.3,0.0
2026-03-22T23:04:13Z,1302,394552,22386852,385.3,0.0
2026-03-22T23:04:14Z,1303,394552,22386852,385.3,0.0
2026-03-22T23:04:15Z,1304,394560,22386852,385.3,0.9
2026-03-22T23:04:16Z,1305,394560,22386852,385.3,0.0
2026-03-22T23:04:17Z,1306,394560,22386852,385.3,0.0
2026-03-22T23:04:18Z,1307,394564,22386852,385.3,0.0
2026-03-22T23:04:19Z,1308,394564,22386852,385.3,0.0
2026-03-22T23:04:20Z,1309,394564,22386852,385.3,0.0
2026-03-22T23:04:21Z,1310,394564,22386852,385.3,0.0
2026-03-22T23:04:22Z,1311,394564,22386852,385.3,0.0
2026-03-22T23:04:24Z,1312,394564,22386852,385.3,0.0
2026-03-22T23:04:25Z,1313,394572,22386852,385.3,0.0
2026-03-22T23:04:26Z,1314,394572,22386852,385.3,0.0
2026-03-22T23:04:27Z,1315,394572,22386852,385.3,0.0
2026-03-22T23:04:28Z,1316,394572,22386852,385.3,0.0
2026-03-22T23:04:29Z,1317,394572,22386852,385.3,0.0
2026-03-22T23:04:30Z,1318,394572,22386852,385.3,0.0
2026-03-22T23:04:31Z,1319,394572,22386852,385.3,0.0
