# run_id: rest-api_blocks_20260323_093405_781860 | service: rest-api | endpoint: blocks | process: polkadot-rest-a (PID 179955)
timestamp,elapsed_s,rss_kb,vsz_kb,rss_mb,cpu_pct
2026-03-23T09:34:06Z,0,28424,1263920,27.8,0.0
2026-03-23T09:34:07Z,1,28424,1263920,27.8,0.0
2026-03-23T09:34:08Z,2,28424,1263920,27.8,0.0
2026-03-23T09:34:09Z,3,28424,1263920,27.8,0.0
2026-03-23T09:34:10Z,4,28424,1263920,27.8,0.0
2026-03-23T09:34:11Z,5,28424,1263920,27.8,0.0
2026-03-23T09:34:12Z,6,28476,1263920,27.8,0.0
2026-03-23T09:34:13Z,7,28476,1263920,27.8,0.0
2026-03-23T09:34:14Z,8,28476,1263920,27.8,0.0
2026-03-23T09:34:16Z,9,28476,1263920,27.8,0.0
2026-03-23T09:34:17Z,10,28476,1263920,27.8,0.0
2026-03-23T09:34:18Z,11,28476,1263920,27.8,0.0
2026-03-23T09:34:19Z,12,28476,1263920,27.8,0.0
2026-03-23T09:34:20Z,13,28480,1263920,27.8,0.0
2026-03-23T09:34:21Z,14,28480,1263920,27.8,0.0
2026-03-23T09:34:22Z,15,28480,1263920,27.8,0.0
2026-03-23T09:34:23Z,16,28480,1263920,27.8,0.0
2026-03-23T09:34:24Z,17,28480,1263920,27.8,0.0
2026-03-23T09:34:25Z,18,28480,1263920,27.8,0.0
2026-03-23T09:34:26Z,19,28480,1263920,27.8,0.0
2026-03-23T09:34:27Z,20,28480,1263920,27.8,0.0
2026-03-23T09:34:28Z,21,28484,1263920,27.8,0.0
2026-03-23T09:34:30Z,22,28484,1263920,27.8,0.0
2026-03-23T09:34:31Z,23,28484,1263920,27.8,0.0
2026-03-23T09:34:32Z,24,28484,1263920,27.8,0.0
2026-03-23T09:34:33Z,25,28484,1263920,27.8,0.0
2026-03-23T09:34:34Z,26,28484,1263920,27.8,0.0
2026-03-23T09:34:35Z,27,28484,1263920,27.8,0.0
2026-03-23T09:34:36Z,28,28484,1263920,27.8,0.0
2026-03-23T09:34:37Z,29,28484,1263920,27.8,0.0
2026-03-23T09:34:38Z,30,28484,1263920,27.8,0.0
2026-03-23T09:34:39Z,31,28484,1263920,27.8,0.0
2026-03-23T09:34:40Z,32,28484,1263920,27.8,0.0
2026-03-23T09:34:41Z,33,28484,1263920,27.8,0.0
2026-03-23T09:34:42Z,34,28484,1263920,27.8,0.0
2026-03-23T09:34:43Z,35,28484,1263920,27.8,0.0
2026-03-23T09:34:45Z,36,28484,1263920,27.8,0.0
2026-03-23T09:34:46Z,37,28484,1263920,27.8,0.0
2026-03-23T09:34:47Z,38,28484,1263920,27.8,0.0
2026-03-23T09:34:48Z,39,28484,1263920,27.8,0.0
2026-03-23T09:34:49Z,40,28484,1263920,27.8,0.0
2026-03-23T09:34:50Z,41,28484,1263920,27.8,0.0
2026-03-23T09:34:51Z,42,28484,1263920,27.8,0.9
2026-03-23T09:34:52Z,43,28484,1263920,27.8,0.0
2026-03-23T09:34:53Z,44,28484,1263920,27.8,0.9
2026-03-23T09:34:54Z,45,28484,1263920,27.8,0.0
2026-03-23T09:34:55Z,46,28484,1263920,27.8,0.0
2026-03-23T09:34:56Z,47,28484,1263920,27.8,0.0
2026-03-23T09:34:57Z,48,28484,1263920,27.8,0.0
2026-03-23T09:34:59Z,49,28484,1263920,27.8,0.0
2026-03-23T09:35:00Z,50,28484,1263920,27.8,0.0
2026-03-23T09:35:01Z,51,28484,1263920,27.8,0.0
2026-03-23T09:35:02Z,52,28488,1263920,27.8,0.0
2026-03-23T09:35:03Z,53,28488,1263920,27.8,0.0
2026-03-23T09:35:04Z,54,28488,1263920,27.8,0.0
2026-03-23T09:35:05Z,55,28488,1263920,27.8,0.0
2026-03-23T09:35:06Z,56,60724,1303856,59.3,14.9
2026-03-23T09:35:07Z,57,155144,1399088,151.5,61.6
2026-03-23T09:35:08Z,58,254392,1511728,248.4,143.1
2026-03-23T09:35:09Z,59,268276,1533744,262.0,188.9
2026-03-23T09:35:10Z,60,381712,1744176,372.8,755.1
2026-03-23T09:35:12Z,61,355044,1751344,346.7,812.5
2026-03-23T09:35:13Z,62,333092,1751344,325.3,885.5
2026-03-23T09:35:14Z,63,279348,1758512,272.8,831.0
2026-03-23T09:35:15Z,64,276548,1765680,270.1,858.6
2026-03-23T09:35:16Z,65,252208,1765680,246.3,793.1
2026-03-23T09:35:17Z,66,243232,1772848,237.5,733.3
2026-03-23T09:35:18Z,67,248344,1772848,242.5,855.7
2026-03-23T09:35:19Z,68,242132,1772848,236.5,744.5
2026-03-23T09:35:20Z,69,262680,1772848,256.5,894.9
2026-03-23T09:35:21Z,70,246736,1772848,241.0,803.1
2026-03-23T09:35:22Z,71,258760,1788208,252.7,885.1
2026-03-23T09:35:23Z,72,251960,1798448,246.1,668.4
2026-03-23T09:35:24Z,73,249944,1798448,244.1,813.4
2026-03-23T09:35:26Z,74,254724,1798448,248.8,711.6
2026-03-23T09:35:27Z,75,254024,1798448,248.1,915.9
2026-03-23T09:35:28Z,76,262408,1798448,256.3,860.3
2026-03-23T09:35:29Z,77,259180,1798448,253.1,872.1
2026-03-23T09:35:30Z,78,255076,1798448,249.1,866.3
2026-03-23T09:35:31Z,79,256800,1798448,250.8,819.6
2026-03-23T09:35:32Z,80,240164,1805616,234.5,901.4
2026-03-23T09:35:33Z,81,246388,1805616,240.6,846.7
2026-03-23T09:35:34Z,82,248328,1805616,242.5,798.1
2026-03-23T09:35:35Z,83,247592,1805616,241.8,916.6
2026-03-23T09:35:36Z,84,241392,1805616,235.7,773.4
2026-03-23T09:35:37Z,85,250480,1805616,244.6,644.4
2026-03-23T09:35:39Z,86,249260,1805616,243.4,740.0
2026-03-23T09:35:40Z,87,251912,1805616,246.0,855.7
2026-03-23T09:35:41Z,88,253084,1805616,247.2,890.1
2026-03-23T09:35:42Z,89,253608,1805616,247.7,842.6
2026-03-23T09:35:43Z,90,255304,1805616,249.3,771.0
2026-03-23T09:35:44Z,91,247500,1813808,241.7,666.0
2026-03-23T09:35:45Z,92,241804,1813808,236.1,764.1
2026-03-23T09:35:46Z,93,251084,1813808,245.2,938.6
2026-03-23T09:35:47Z,94,251700,1813808,245.8,789.5
2026-03-23T09:35:48Z,95,243692,1813808,238.0,845.2
2026-03-23T09:35:49Z,96,253368,1813808,247.4,793.8
2026-03-23T09:35:50Z,97,260316,1813808,254.2,812.8
2026-03-23T09:35:52Z,98,271192,1813808,264.8,783.8
2026-03-23T09:35:53Z,99,262788,1813808,256.6,744.0
2026-03-23T09:35:54Z,100,259600,1813808,253.5,893.5
2026-03-23T09:35:55Z,101,253020,1813808,247.1,619.8
2026-03-23T09:35:56Z,102,260308,1813808,254.2,833.6
2026-03-23T09:35:57Z,103,245040,1813808,239.3,828.6
2026-03-23T09:35:58Z,104,251780,1813808,245.9,841.7
2026-03-23T09:35:59Z,105,252532,1822000,246.6,783.0
2026-03-23T09:36:00Z,106,259304,1822000,253.2,685.3
2026-03-23T09:36:01Z,107,262384,1822000,256.2,769.4
2026-03-23T09:36:02Z,108,246368,1822000,240.6,791.8
2026-03-23T09:36:03Z,109,257936,1822000,251.9,768.2
2026-03-23T09:36:05Z,110,249300,1822000,243.5,745.9
2026-03-23T09:36:06Z,111,255992,1822000,250.0,804.0
2026-03-23T09:36:07Z,112,255568,1822000,249.6,627.4
2026-03-23T09:36:08Z,113,259392,1822000,253.3,746.0
2026-03-23T09:36:09Z,114,249248,1822000,243.4,807.1
2026-03-23T09:36:10Z,115,256220,1822000,250.2,839.7
2026-03-23T09:36:11Z,116,234592,1822000,229.1,838.4
2026-03-23T09:36:12Z,117,254136,1822000,248.2,847.4
2026-03-23T09:36:13Z,118,252164,1822000,246.3,772.6
2026-03-23T09:36:14Z,119,254472,1822000,248.5,835.4
2026-03-23T09:36:15Z,120,238024,1822000,232.4,816.8
2026-03-23T09:36:16Z,121,255712,1822000,249.7,875.7
2026-03-23T09:36:17Z,122,265672,1830192,259.4,830.3
2026-03-23T09:36:19Z,123,265876,1848624,259.6,838.6
2026-03-23T09:36:20Z,124,266028,1848624,259.8,760.0
2026-03-23T09:36:21Z,125,257544,1848624,251.5,860.0
2026-03-23T09:36:22Z,126,274816,1848624,268.4,809.0
2026-03-23T09:36:23Z,127,264452,1848624,258.3,767.7
2026-03-23T09:36:24Z,128,251196,1856816,245.3,728.6
2026-03-23T09:36:25Z,129,256060,1856816,250.1,807.7
2026-03-23T09:36:26Z,130,258180,1856816,252.1,865.6
2026-03-23T09:36:27Z,131,256644,1856816,250.6,705.6
2026-03-23T09:36:28Z,132,260000,1856816,253.9,736.5
2026-03-23T09:36:29Z,133,259980,1856816,253.9,772.4
2026-03-23T09:36:30Z,134,263140,1856816,257.0,748.5
2026-03-23T09:36:31Z,135,252248,1856816,246.3,640.0
2026-03-23T09:36:33Z,136,270356,1856816,264.0,832.3
2026-03-23T09:36:34Z,137,258520,1856816,252.5,772.7
2026-03-23T09:36:35Z,138,255220,1856816,249.2,861.6
2026-03-23T09:36:36Z,139,263048,1856816,256.9,697.2
2026-03-23T09:36:37Z,140,252684,1856816,246.8,618.0
2026-03-23T09:36:38Z,141,252800,1856816,246.9,665.4
2026-03-23T09:36:39Z,142,259356,1856816,253.3,730.1
2026-03-23T09:36:40Z,143,273980,1856816,267.6,751.7
2026-03-23T09:36:41Z,144,263344,1856816,257.2,739.7
2026-03-23T09:36:42Z,145,263524,1856816,257.3,805.0
2026-03-23T09:36:43Z,146,257048,1856816,251.0,628.4
2026-03-23T09:36:44Z,147,247116,1856816,241.3,653.9
2026-03-23T09:36:46Z,148,253780,1856816,247.8,788.3
2026-03-23T09:36:47Z,149,264788,1856816,258.6,797.1
2026-03-23T09:36:48Z,150,251032,1856816,245.1,686.1
2026-03-23T09:36:49Z,151,262564,1856816,256.4,672.0
2026-03-23T09:36:50Z,152,263640,1856816,257.5,800.7
2026-03-23T09:36:51Z,153,258284,1856816,252.2,753.9
2026-03-23T09:36:52Z,154,262108,1856816,256.0,837.2
2026-03-23T09:36:53Z,155,259952,1856816,253.9,797.3
2026-03-23T09:36:54Z,156,255000,1856816,249.0,730.5
2026-03-23T09:36:55Z,157,249980,1856816,244.1,724.4
2026-03-23T09:36:56Z,158,260740,1856816,254.6,727.2
2026-03-23T09:36:57Z,159,259960,1856816,253.9,630.4
2026-03-23T09:36:58Z,160,265760,1856816,259.5,787.0
2026-03-23T09:37:00Z,161,267088,1856816,260.8,772.5
2026-03-23T09:37:01Z,162,259872,1856816,253.8,769.6
2026-03-23T09:37:02Z,163,260636,1856816,254.5,763.0
2026-03-23T09:37:03Z,164,254124,1856816,248.2,799.7
2026-03-23T09:37:04Z,165,264956,1856816,258.7,686.7
2026-03-23T09:37:05Z,166,265324,1856816,259.1,718.8
2026-03-23T09:37:06Z,167,268248,1856816,262.0,396.9
2026-03-23T09:37:07Z,168,268248,1856816,262.0,0.0
2026-03-23T09:37:08Z,169,196256,1856816,191.7,223.1
2026-03-23T09:37:09Z,170,277184,1856816,270.7,802.0
2026-03-23T09:37:10Z,171,286472,1856816,279.8,792.5
2026-03-23T09:37:11Z,172,279132,1856816,272.6,650.7
2026-03-23T09:37:13Z,173,274616,1856816,268.2,807.8
2026-03-23T09:37:14Z,174,270268,1856816,263.9,808.8
2026-03-23T09:37:15Z,175,247676,1856816,241.9,654.3
2026-03-23T09:37:16Z,176,267980,1856816,261.7,820.4
2026-03-23T09:37:17Z,177,251028,1856816,245.1,857.4
2026-03-23T09:37:18Z,178,277284,1856816,270.8,842.7
2026-03-23T09:37:19Z,179,266424,1856816,260.2,726.5
2026-03-23T09:37:20Z,180,264832,1856816,258.6,741.4
2026-03-23T09:37:21Z,181,283700,1856816,277.1,785.9
2026-03-23T09:37:22Z,182,257664,1856816,251.6,728.2
2026-03-23T09:37:23Z,183,258868,1856816,252.8,662.8
2026-03-23T09:37:25Z,184,279124,1856816,272.6,799.6
2026-03-23T09:37:26Z,185,264716,1856816,258.5,788.5
2026-03-23T09:37:27Z,186,279952,1856816,273.4,918.6
2026-03-23T09:37:28Z,187,270768,1856816,264.4,744.6
2026-03-23T09:37:29Z,188,264304,1856816,258.1,809.1
2026-03-23T09:37:30Z,189,258360,1856816,252.3,741.3
2026-03-23T09:37:31Z,190,263804,1856816,257.6,724.9
2026-03-23T09:37:32Z,191,270252,1856816,263.9,815.2
2026-03-23T09:37:33Z,192,264360,1856816,258.2,806.8
2026-03-23T09:37:34Z,193,278944,1889584,272.4,787.6
2026-03-23T09:37:35Z,194,270068,1889584,263.7,875.9
2026-03-23T09:37:36Z,195,272028,1889584,265.7,857.4
2026-03-23T09:37:37Z,196,272172,1889584,265.8,834.0
2026-03-23T09:37:39Z,197,281148,1889584,274.6,846.7
2026-03-23T09:37:40Z,198,275952,1889584,269.5,729.9
2026-03-23T09:37:41Z,199,281748,1889584,275.1,906.5
2026-03-23T09:37:42Z,200,280800,1889584,274.2,788.3
2026-03-23T09:37:43Z,201,276316,1889584,269.8,750.0
2026-03-23T09:37:44Z,202,277264,1889584,270.8,799.8
2026-03-23T09:37:45Z,203,265664,1889584,259.4,687.0
2026-03-23T09:37:46Z,204,276612,1889584,270.1,738.2
2026-03-23T09:37:47Z,205,287184,1889584,280.5,794.3
2026-03-23T09:37:48Z,206,277520,1889584,271.0,808.5
2026-03-23T09:37:49Z,207,284888,1889584,278.2,792.8
2026-03-23T09:37:50Z,208,274984,1889584,268.5,829.0
2026-03-23T09:37:52Z,209,275792,1889584,269.3,762.1
2026-03-23T09:37:53Z,210,277036,1889584,270.5,843.1
2026-03-23T09:37:54Z,211,275808,1889584,269.3,781.9
2026-03-23T09:37:55Z,212,275228,1889584,268.8,774.8
2026-03-23T09:37:56Z,213,277284,1889584,270.8,719.0
2026-03-23T09:37:57Z,214,275428,1889584,269.0,801.9
2026-03-23T09:37:58Z,215,253004,1889584,247.1,750.6
2026-03-23T09:37:59Z,216,280600,1889584,274.0,815.2
2026-03-23T09:38:00Z,217,266084,1889584,259.8,800.2
2026-03-23T09:38:01Z,218,284544,1889584,277.9,787.2
2026-03-23T09:38:02Z,219,292524,1889584,285.7,908.9
2026-03-23T09:38:03Z,220,280844,1889584,274.3,872.8
2026-03-23T09:38:04Z,221,275076,1889584,268.6,850.8
2026-03-23T09:38:06Z,222,270036,1889584,263.7,808.1
2026-03-23T09:38:07Z,223,279248,1889584,272.7,858.5
2026-03-23T09:38:08Z,224,280796,1889584,274.2,850.9
2026-03-23T09:38:09Z,225,281604,1889584,275.0,896.0
2026-03-23T09:38:10Z,226,277516,1889584,271.0,771.1
2026-03-23T09:38:11Z,227,284840,1889584,278.2,865.0
2026-03-23T09:38:12Z,228,270944,1889584,264.6,772.1
2026-03-23T09:38:13Z,229,278108,1889584,271.6,769.4
2026-03-23T09:38:14Z,230,271388,1889584,265.0,935.4
2026-03-23T09:38:15Z,231,280828,1889584,274.2,791.2
2026-03-23T09:38:16Z,232,283856,1889584,277.2,869.6
2026-03-23T09:38:17Z,233,282320,1889584,275.7,861.4
2026-03-23T09:38:19Z,234,279604,1889584,273.1,863.5
2026-03-23T09:38:20Z,235,287760,1889584,281.0,842.9
2026-03-23T09:38:21Z,236,281580,1889584,275.0,862.4
2026-03-23T09:38:22Z,237,278060,1889584,271.5,855.0
2026-03-23T09:38:23Z,238,271716,1889584,265.3,655.3
2026-03-23T09:38:24Z,239,273452,1889584,267.0,763.7
2026-03-23T09:38:25Z,240,283624,1889584,277.0,809.7
2026-03-23T09:38:26Z,241,287052,1889584,280.3,856.0
2026-03-23T09:38:27Z,242,269420,1889584,263.1,770.4
2026-03-23T09:38:28Z,243,285328,1889584,278.6,797.2
2026-03-23T09:38:29Z,244,283388,1889584,276.7,938.3
2026-03-23T09:38:31Z,245,280824,1889584,274.2,915.1
2026-03-23T09:38:32Z,246,285540,1889584,278.8,835.2
2026-03-23T09:38:33Z,247,278700,1889584,272.2,797.6
2026-03-23T09:38:34Z,248,275572,1889584,269.1,903.8
2026-03-23T09:38:35Z,249,286048,1889584,279.3,961.0
2026-03-23T09:38:36Z,250,277432,1889584,270.9,944.5
2026-03-23T09:38:37Z,251,275736,1889584,269.3,792.3
2026-03-23T09:38:38Z,252,287528,1889584,280.8,892.3
2026-03-23T09:38:39Z,253,269512,1889584,263.2,985.6
2026-03-23T09:38:40Z,254,281836,1889584,275.2,970.5
2026-03-23T09:38:41Z,255,285568,1889584,278.9,867.9
2026-03-23T09:38:42Z,256,275240,1889584,268.8,818.8
2026-03-23T09:38:44Z,257,278600,1889584,272.1,872.7
2026-03-23T09:38:45Z,258,285812,1889584,279.1,858.6
2026-03-23T09:38:46Z,259,287344,1889584,280.6,934.4
2026-03-23T09:38:47Z,260,277704,1889584,271.2,944.4
2026-03-23T09:38:48Z,261,279132,1889584,272.6,821.2
2026-03-23T09:38:49Z,262,269568,1889584,263.2,845.9
2026-03-23T09:38:50Z,263,279900,1889584,273.3,960.4
2026-03-23T09:38:51Z,264,276124,1889584,269.7,787.7
2026-03-23T09:38:52Z,265,292504,1889584,285.6,907.8
2026-03-23T09:38:53Z,266,283152,1889584,276.5,887.2
2026-03-23T09:38:54Z,267,288912,1889584,282.1,931.5
2026-03-23T09:38:56Z,268,291392,1889584,284.6,903.8
2026-03-23T09:38:57Z,269,283004,1889584,276.4,858.5
2026-03-23T09:38:58Z,270,280084,1889584,273.5,942.6
2026-03-23T09:38:59Z,271,271112,1889584,264.8,962.3
2026-03-23T09:39:00Z,272,269608,1889584,263.3,943.9
2026-03-23T09:39:01Z,273,276248,1889584,269.8,858.1
2026-03-23T09:39:02Z,274,286652,1889584,279.9,905.4
2026-03-23T09:39:03Z,275,287996,1889584,281.2,961.1
2026-03-23T09:39:04Z,276,284108,1889584,277.4,1062.7
2026-03-23T09:39:05Z,277,275480,1889584,269.0,1040.0
2026-03-23T09:39:06Z,278,281220,1889584,274.6,1007.4
2026-03-23T09:39:08Z,279,291480,1889584,284.6,878.4
2026-03-23T09:39:09Z,280,287316,1889584,280.6,137.8
2026-03-23T09:39:10Z,281,287316,1889584,280.6,0.0
2026-03-23T09:39:11Z,282,271224,1889584,264.9,642.5
2026-03-23T09:39:12Z,283,288924,1889584,282.2,838.9
2026-03-23T09:39:13Z,284,289296,1889584,282.5,851.8
2026-03-23T09:39:14Z,285,290004,1889584,283.2,1013.4
2026-03-23T09:39:15Z,286,288500,1889584,281.7,1000.7
2026-03-23T09:39:17Z,287,288752,1889584,282.0,1000.4
2026-03-23T09:39:18Z,288,280540,1889584,274.0,938.7
2026-03-23T09:39:19Z,289,275036,1889584,268.6,856.2
2026-03-23T09:39:20Z,290,277816,1889584,271.3,939.2
2026-03-23T09:39:21Z,291,274520,1889584,268.1,1048.0
2026-03-23T09:39:22Z,292,288700,1889584,281.9,944.8
2026-03-23T09:39:23Z,293,280556,1889584,274.0,951.2
2026-03-23T09:39:24Z,294,287000,1889584,280.3,990.3
2026-03-23T09:39:25Z,295,292920,1889584,286.1,923.1
2026-03-23T09:39:26Z,296,281288,1889584,274.7,1004.5
2026-03-23T09:39:27Z,297,289528,1889584,282.7,972.8
2026-03-23T09:39:28Z,298,285652,1889584,279.0,966.7
2026-03-23T09:39:30Z,299,275072,1889584,268.6,1023.0
2026-03-23T09:39:31Z,300,275776,1889584,269.3,861.0
2026-03-23T09:39:32Z,301,287416,1889584,280.7,943.4
2026-03-23T09:39:33Z,302,284264,1889584,277.6,993.0
2026-03-23T09:39:34Z,303,277648,1889584,271.1,997.7
2026-03-23T09:39:35Z,304,292212,1889584,285.4,1034.1
2026-03-23T09:39:36Z,305,274212,1889584,267.8,941.3
2026-03-23T09:39:37Z,306,265916,1889584,259.7,873.8
2026-03-23T09:39:38Z,307,286712,1889584,280.0,972.9
2026-03-23T09:39:39Z,308,278296,1889584,271.8,1064.0
2026-03-23T09:39:41Z,309,275852,1889584,269.4,1025.3
2026-03-23T09:39:42Z,310,301820,1955120,294.7,886.6
2026-03-23T09:39:43Z,311,306196,1955120,299.0,874.7
2026-03-23T09:39:44Z,312,312780,1955120,305.4,950.3
2026-03-23T09:39:45Z,313,313544,1955120,306.2,1013.0
2026-03-23T09:39:46Z,314,311384,1955120,304.1,1015.6
2026-03-23T09:39:47Z,315,303576,1955120,296.5,954.4
2026-03-23T09:39:48Z,316,296908,1955120,289.9,983.6
2026-03-23T09:39:49Z,317,306960,1955120,299.8,962.0
2026-03-23T09:39:50Z,318,312504,1955120,305.2,1079.7
2026-03-23T09:39:52Z,319,310372,1955120,303.1,983.7
2026-03-23T09:39:53Z,320,302232,1955120,295.1,962.5
2026-03-23T09:39:54Z,321,302208,1955120,295.1,956.7
2026-03-23T09:39:55Z,322,305760,1955120,298.6,889.8
2026-03-23T09:39:56Z,323,316944,1955120,309.5,1039.9
2026-03-23T09:39:57Z,324,313896,1955120,306.5,979.4
2026-03-23T09:39:58Z,325,309612,1955120,302.4,990.9
2026-03-23T09:39:59Z,326,306400,1955120,299.2,920.5
2026-03-23T09:40:00Z,327,310460,1955120,303.2,975.3
2026-03-23T09:40:01Z,328,305896,1955120,298.7,895.3
2026-03-23T09:40:02Z,329,311424,1955120,304.1,893.9
2026-03-23T09:40:04Z,330,311004,1955120,303.7,882.8
2026-03-23T09:40:05Z,331,309904,1955120,302.6,1053.3
2026-03-23T09:40:06Z,332,313232,1955120,305.9,992.0
2026-03-23T09:40:07Z,333,312620,1955120,305.3,961.7
2026-03-23T09:40:08Z,334,307432,1955120,300.2,987.4
2026-03-23T09:40:09Z,335,309820,1955120,302.6,1049.4
2026-03-23T09:40:10Z,336,297400,1955120,290.4,1010.2
2026-03-23T09:40:11Z,337,312584,1955120,305.3,1034.0
2026-03-23T09:40:12Z,338,313600,1955120,306.2,943.1
2026-03-23T09:40:13Z,339,313608,1955120,306.3,980.7
2026-03-23T09:40:15Z,340,312804,1955120,305.5,1036.4
2026-03-23T09:40:16Z,341,305736,1955120,298.6,994.3
2026-03-23T09:40:17Z,342,309876,1955120,302.6,1015.6
2026-03-23T09:40:18Z,343,306692,1955120,299.5,979.7
2026-03-23T09:40:19Z,344,308860,1955120,301.6,792.0
2026-03-23T09:40:20Z,345,313396,1955120,306.1,986.9
2026-03-23T09:40:21Z,346,308516,1955120,301.3,963.6
2026-03-23T09:40:22Z,347,314296,1955120,306.9,983.4
2026-03-23T09:40:23Z,348,303924,1955120,296.8,962.2
2026-03-23T09:40:24Z,349,308324,1955120,301.1,935.4
2026-03-23T09:40:25Z,350,298324,1955120,291.3,790.4
2026-03-23T09:40:27Z,351,294692,1955120,287.8,545.0
2026-03-23T09:40:28Z,352,292776,1955120,285.9,607.5
2026-03-23T09:40:29Z,353,314120,1955120,306.8,966.1
2026-03-23T09:40:30Z,354,308540,1955120,301.3,961.2
2026-03-23T09:40:31Z,355,308232,1955120,301.0,965.1
2026-03-23T09:40:32Z,356,318196,1955120,310.7,951.9
2026-03-23T09:40:33Z,357,308848,1955120,301.6,1012.4
2026-03-23T09:40:34Z,358,315972,1955120,308.6,1076.2
2026-03-23T09:40:35Z,359,316192,1955120,308.8,1024.9
2026-03-23T09:40:36Z,360,311492,1955120,304.2,956.1
2026-03-23T09:40:37Z,361,310648,1955120,303.4,948.8
2026-03-23T09:40:39Z,362,303284,1955120,296.2,1046.8
2026-03-23T09:40:40Z,363,298732,1955120,291.7,1058.8
2026-03-23T09:40:41Z,364,307952,1955120,300.7,1025.6
2026-03-23T09:40:42Z,365,306732,1955120,299.5,998.4
2026-03-23T09:40:43Z,366,305112,1955120,298.0,885.7
2026-03-23T09:40:44Z,367,306912,1955120,299.7,1040.6
2026-03-23T09:40:45Z,368,311980,1955120,304.7,963.1
2026-03-23T09:40:46Z,369,309112,1955120,301.9,983.0
2026-03-23T09:40:47Z,370,308972,1955120,301.7,980.7
2026-03-23T09:40:48Z,371,291536,1955120,284.7,922.5
2026-03-23T09:40:50Z,372,305424,1955120,298.3,867.8
2026-03-23T09:40:51Z,373,309040,1955120,301.8,1063.6
2026-03-23T09:40:52Z,374,315348,1955120,308.0,1045.1
2026-03-23T09:40:53Z,375,313228,1955120,305.9,1044.5
2026-03-23T09:40:54Z,376,310608,1955120,303.3,1029.8
2026-03-23T09:40:55Z,377,309392,1955120,302.1,882.8
2026-03-23T09:40:56Z,378,310908,1955120,303.6,981.1
2026-03-23T09:40:57Z,379,315816,1955120,308.4,973.2
2026-03-23T09:40:58Z,380,309448,1955120,302.2,966.4
2026-03-23T09:40:59Z,381,325356,1955120,317.7,1025.1
2026-03-23T09:41:01Z,382,320568,1955120,313.1,966.0
2026-03-23T09:41:02Z,383,320176,1955120,312.7,816.0
2026-03-23T09:41:03Z,384,311944,1955120,304.6,992.9
2026-03-23T09:41:04Z,385,317300,1955120,309.9,984.4
2026-03-23T09:41:05Z,386,314112,1955120,306.8,1051.5
2026-03-23T09:41:06Z,387,312024,1955120,304.7,1016.8
2026-03-23T09:41:07Z,388,305816,1955120,298.6,1005.5
2026-03-23T09:41:08Z,389,302720,1955120,295.6,1033.0
2026-03-23T09:41:09Z,390,311488,1955120,304.2,983.4
2026-03-23T09:41:10Z,391,306716,1955120,299.5,645.7
2026-03-23T09:41:12Z,392,306716,1955120,299.5,0.0
2026-03-23T09:41:13Z,393,245968,1955120,240.2,143.9
2026-03-23T09:41:14Z,394,321544,1955120,314.0,842.0
2026-03-23T09:41:15Z,395,316944,1955120,309.5,905.3
2026-03-23T09:41:16Z,396,323836,1955120,316.2,922.6
2026-03-23T09:41:17Z,397,327592,1955120,319.9,984.7
2026-03-23T09:41:18Z,398,318276,1955120,310.8,994.8
2026-03-23T09:41:19Z,399,306420,1955120,299.2,887.8
2026-03-23T09:41:20Z,400,313564,1955120,306.2,985.4
2026-03-23T09:41:21Z,401,317560,1955120,310.1,1002.0
2026-03-23T09:41:23Z,402,307316,1955120,300.1,1059.8
2026-03-23T09:41:24Z,403,310924,1955120,303.6,1056.5
2026-03-23T09:41:25Z,404,310780,1955120,303.5,886.4
2026-03-23T09:41:26Z,405,320800,1955120,313.3,976.9
2026-03-23T09:41:27Z,406,302376,1955120,295.3,976.4
2026-03-23T09:41:28Z,407,306232,1955120,299.1,979.3
2026-03-23T09:41:29Z,408,314588,1955120,307.2,1041.4
2026-03-23T09:41:30Z,409,311524,1955120,304.2,1013.6
2026-03-23T09:41:31Z,410,320620,1955120,313.1,853.5
2026-03-23T09:41:32Z,411,300992,1955120,293.9,936.2
2026-03-23T09:41:33Z,412,308280,1955120,301.1,896.9
2026-03-23T09:41:35Z,413,318992,1955120,311.5,971.5
2026-03-23T09:41:36Z,414,313140,1955120,305.8,1030.9
2026-03-23T09:41:37Z,415,304492,1955120,297.4,906.9
2026-03-23T09:41:38Z,416,321992,1955120,314.4,1013.7
2026-03-23T09:41:39Z,417,309108,1955120,301.9,1017.6
2026-03-23T09:41:40Z,418,313580,1955120,306.2,944.1
2026-03-23T09:41:41Z,419,311436,1955120,304.1,970.5
2026-03-23T09:41:42Z,420,307940,1955120,300.7,961.8
2026-03-23T09:41:43Z,421,293644,1955120,286.8,579.8
2026-03-23T09:41:44Z,422,291896,1955120,285.1,602.0
2026-03-23T09:41:45Z,423,312460,1955120,305.1,757.7
2026-03-23T09:41:47Z,424,309552,1955120,302.3,1034.1
2026-03-23T09:41:48Z,425,306048,1955120,298.9,1012.9
2026-03-23T09:41:49Z,426,300312,1955120,293.3,889.4
2026-03-23T09:41:50Z,427,306128,1955120,299.0,950.9
2026-03-23T09:41:51Z,428,314888,1955120,307.5,983.6
2026-03-23T09:41:52Z,429,311496,1955120,304.2,973.2
2026-03-23T09:41:53Z,430,307928,1955120,300.7,1028.5
2026-03-23T09:41:54Z,431,316288,1955120,308.9,986.5
2026-03-23T09:41:55Z,432,311776,1955120,304.5,936.6
2026-03-23T09:41:56Z,433,315656,1955120,308.3,1019.4
2026-03-23T09:41:57Z,434,309196,1955120,301.9,997.7
2026-03-23T09:41:59Z,435,313572,1955120,306.2,1015.7
2026-03-23T09:42:00Z,436,317680,1955120,310.2,1021.0
2026-03-23T09:42:01Z,437,317612,1955120,310.2,948.4
2026-03-23T09:42:02Z,438,312544,1955120,305.2,1013.3
2026-03-23T09:42:03Z,439,318628,1955120,311.2,1048.3
2026-03-23T09:42:04Z,440,310920,1955120,303.6,1024.8
2026-03-23T09:42:05Z,441,317628,1955120,310.2,1053.9
2026-03-23T09:42:06Z,442,322068,1955120,314.5,1020.4
2026-03-23T09:42:07Z,443,315576,1955120,308.2,931.5
2026-03-23T09:42:08Z,444,318084,1955120,310.6,1090.1
2026-03-23T09:42:10Z,445,312844,1955120,305.5,1031.1
2026-03-23T09:42:11Z,446,312284,1955120,305.0,1097.9
2026-03-23T09:42:12Z,447,319036,1955120,311.6,1030.4
2026-03-23T09:42:13Z,448,301068,1955120,294.0,872.3
2026-03-23T09:42:14Z,449,318884,1955120,311.4,992.9
2026-03-23T09:42:15Z,450,306156,1955120,299.0,1029.0
2026-03-23T09:42:16Z,451,316232,1955120,308.8,1075.7
2026-03-23T09:42:17Z,452,320144,1955120,312.6,1025.6
2026-03-23T09:42:18Z,453,318020,1955120,310.6,947.8
2026-03-23T09:42:19Z,454,315820,1955120,308.4,937.5
2026-03-23T09:42:21Z,455,313020,1955120,305.7,1049.5
2026-03-23T09:42:22Z,456,307856,1955120,300.6,1033.3
2026-03-23T09:42:23Z,457,310804,1955120,303.5,999.7
2026-03-23T09:42:24Z,458,308788,1955120,301.6,1017.5
2026-03-23T09:42:25Z,459,322676,1955120,315.1,916.0
2026-03-23T09:42:26Z,460,314232,1955120,306.9,833.4
2026-03-23T09:42:27Z,461,325880,1955120,318.2,1007.3
2026-03-23T09:42:28Z,462,323564,1955120,316.0,1044.6
2026-03-23T09:42:29Z,463,325224,1955120,317.6,1000.7
2026-03-23T09:42:30Z,464,325720,1955120,318.1,962.9
2026-03-23T09:42:31Z,465,313996,1955120,306.6,919.5
2026-03-23T09:42:33Z,466,321484,1955120,313.9,981.7
2026-03-23T09:42:34Z,467,315356,1955120,308.0,1019.8
2026-03-23T09:42:35Z,468,317248,1955120,309.8,1061.3
2026-03-23T09:42:36Z,469,333560,1965360,325.7,1102.1
2026-03-23T09:42:37Z,470,314900,1965360,307.5,924.7
2026-03-23T09:42:38Z,471,312352,1965360,305.0,990.4
2026-03-23T09:42:39Z,472,307100,1965360,299.9,971.1
2026-03-23T09:42:40Z,473,313992,1965360,306.6,1023.7
2026-03-23T09:42:41Z,474,315720,1965360,308.3,1018.2
2026-03-23T09:42:42Z,475,303608,1965360,296.5,888.5
2026-03-23T09:42:43Z,476,312992,1965360,305.7,915.8
2026-03-23T09:42:45Z,477,317780,1965360,310.3,1024.8
2026-03-23T09:42:46Z,478,315052,1965360,307.7,1024.6
2026-03-23T09:42:47Z,479,315064,1965360,307.7,1027.6
2026-03-23T09:42:48Z,480,320880,1965360,313.4,999.7
2026-03-23T09:42:49Z,481,317440,1965360,310.0,900.3
2026-03-23T09:42:50Z,482,313636,1965360,306.3,1000.0
2026-03-23T09:42:51Z,483,310936,1965360,303.6,1121.6
2026-03-23T09:42:52Z,484,319600,1965360,312.1,1012.1
2026-03-23T09:42:53Z,485,311220,1965360,303.9,1004.8
2026-03-23T09:42:54Z,486,311272,1965360,304.0,947.5
2026-03-23T09:42:56Z,487,304736,1965360,297.6,874.3
2026-03-23T09:42:57Z,488,299324,1965360,292.3,527.7
2026-03-23T09:42:58Z,489,306528,1965360,299.3,435.7
2026-03-23T09:42:59Z,490,316616,1965360,309.2,805.5
2026-03-23T09:43:00Z,491,323720,1965360,316.1,943.1
2026-03-23T09:43:01Z,492,321040,1965360,313.5,889.6
2026-03-23T09:43:02Z,493,299440,1965360,292.4,1036.0
2026-03-23T09:43:03Z,494,309808,1965360,302.5,994.8
2026-03-23T09:43:04Z,495,315188,1965360,307.8,1050.8
2026-03-23T09:43:05Z,496,304956,1965360,297.8,1062.6
2026-03-23T09:43:06Z,497,313436,1965360,306.1,987.7
2026-03-23T09:43:08Z,498,315912,1965360,308.5,982.5
2026-03-23T09:43:09Z,499,310776,1965360,303.5,1076.5
2026-03-23T09:43:10Z,500,309148,1965360,301.9,1029.7
2026-03-23T09:43:11Z,501,308996,1965360,301.8,995.5
2026-03-23T09:43:12Z,502,314992,1965360,307.6,1017.0
2026-03-23T09:43:13Z,503,317536,1965360,310.1,372.4
2026-03-23T09:43:14Z,504,317536,1965360,310.1,0.0
2026-03-23T09:43:15Z,505,291284,1965360,284.5,345.2
2026-03-23T09:43:16Z,506,321676,1965360,314.1,853.8
2026-03-23T09:43:17Z,507,331488,1965360,323.7,972.2
2026-03-23T09:43:19Z,508,315408,1965360,308.0,866.9
2026-03-23T09:43:20Z,509,311668,1965360,304.4,947.3
2026-03-23T09:43:21Z,510,311556,1965360,304.3,1036.3
2026-03-23T09:43:22Z,511,303952,1965360,296.8,1032.7
2026-03-23T09:43:23Z,512,322292,1965360,314.7,902.1
2026-03-23T09:43:24Z,513,321972,1965360,314.4,1001.3
2026-03-23T09:43:25Z,514,311380,1965360,304.1,924.2
2026-03-23T09:43:26Z,515,312660,1965360,305.3,930.2
2026-03-23T09:43:27Z,516,308044,1965360,300.8,1005.1
2026-03-23T09:43:28Z,517,315348,1965360,308.0,1066.6
2026-03-23T09:43:30Z,518,320432,1965360,312.9,1005.8
2026-03-23T09:43:31Z,519,315268,1965360,307.9,961.8
2026-03-23T09:43:32Z,520,308464,1965360,301.2,1004.2
2026-03-23T09:43:33Z,521,312224,1965360,304.9,1036.4
2026-03-23T09:43:34Z,522,379008,2096432,370.1,997.0
2026-03-23T09:43:35Z,523,372356,2096432,363.6,953.2
2026-03-23T09:43:36Z,524,369380,2096432,360.7,972.3
2026-03-23T09:43:37Z,525,372732,2096432,364.0,954.7
2026-03-23T09:43:38Z,526,366932,2096432,358.3,1027.2
2026-03-23T09:43:39Z,527,355280,2096432,347.0,968.2
2026-03-23T09:43:41Z,528,360896,2096432,352.4,1021.7
2026-03-23T09:43:42Z,529,361328,2096432,352.9,1080.2
2026-03-23T09:43:43Z,530,366996,2096432,358.4,1008.1
2026-03-23T09:43:44Z,531,370356,2096432,361.7,905.0
2026-03-23T09:43:45Z,532,358492,2096432,350.1,1024.5
2026-03-23T09:43:46Z,533,360124,2096432,351.7,1019.5
2026-03-23T09:43:47Z,534,356264,2096432,347.9,1013.7
2026-03-23T09:43:48Z,535,367360,2096432,358.8,992.5
2026-03-23T09:43:49Z,536,364320,2096432,355.8,931.3
2026-03-23T09:43:50Z,537,359880,2096432,351.4,1044.7
2026-03-23T09:43:51Z,538,366352,2096432,357.8,1013.9
2026-03-23T09:43:53Z,539,361084,2096432,352.6,1057.2
2026-03-23T09:43:54Z,540,368952,2096432,360.3,1088.3
2026-03-23T09:43:55Z,541,361320,2096432,352.9,970.6
2026-03-23T09:43:56Z,542,368268,2096432,359.6,937.2
2026-03-23T09:43:57Z,543,369292,2096432,360.6,940.3
2026-03-23T09:43:58Z,544,371624,2096432,362.9,1047.0
2026-03-23T09:43:59Z,545,364692,2096432,356.1,1009.8
2026-03-23T09:44:00Z,546,359412,2096432,351.0,945.8
2026-03-23T09:44:01Z,547,360944,2096432,352.5,753.4
2026-03-23T09:44:03Z,548,360772,2096432,352.3,1011.5
2026-03-23T09:44:04Z,549,365928,2096432,357.4,1007.8
2026-03-23T09:44:05Z,550,366960,2096432,358.4,963.1
2026-03-23T09:44:06Z,551,356068,2096432,347.7,1019.5
2026-03-23T09:44:07Z,552,360444,2096432,352.0,914.7
2026-03-23T09:44:08Z,553,363352,2096432,354.8,1005.7
2026-03-23T09:44:09Z,554,356528,2096432,348.2,1001.0
2026-03-23T09:44:10Z,555,360384,2096432,351.9,990.9
2026-03-23T09:44:11Z,556,365500,2096432,356.9,1010.7
2026-03-23T09:44:12Z,557,365784,2096432,357.2,971.2
2026-03-23T09:44:14Z,558,371356,2096432,362.7,989.2
2026-03-23T09:44:15Z,559,378712,2096432,369.8,1043.9
2026-03-23T09:44:16Z,560,368008,2096432,359.4,1079.3
2026-03-23T09:44:17Z,561,361332,2096432,352.9,1056.2
2026-03-23T09:44:18Z,562,362184,2096432,353.7,1001.9
2026-03-23T09:44:19Z,563,361624,2096432,353.1,951.1
2026-03-23T09:44:20Z,564,365236,2096432,356.7,1048.3
2026-03-23T09:44:21Z,565,359444,2096432,351.0,979.1
2026-03-23T09:44:22Z,566,361564,2096432,353.1,992.6
2026-03-23T09:44:23Z,567,362808,2096432,354.3,963.7
2026-03-23T09:44:24Z,568,365796,2096432,357.2,981.8
2026-03-23T09:44:26Z,569,362080,2096432,353.6,927.5
2026-03-23T09:44:27Z,570,360840,2096432,352.4,1008.9
2026-03-23T09:44:28Z,571,369124,2096432,360.5,973.0
2026-03-23T09:44:29Z,572,363752,2096432,355.2,910.6
2026-03-23T09:44:30Z,573,365188,2096432,356.6,927.7
2026-03-23T09:44:31Z,574,355300,2096432,347.0,949.3
2026-03-23T09:44:32Z,575,367220,2096432,358.6,1006.2
2026-03-23T09:44:33Z,576,360148,2096432,351.7,973.5
2026-03-23T09:44:34Z,577,366920,2096432,358.3,1016.3
2026-03-23T09:44:35Z,578,360596,2096432,352.1,918.3
2026-03-23T09:44:37Z,579,368984,2096432,360.3,948.7
2026-03-23T09:44:38Z,580,373936,2096432,365.2,816.6
2026-03-23T09:44:39Z,581,363688,2096432,355.2,967.4
2026-03-23T09:44:40Z,582,367568,2096432,359.0,1016.8
2026-03-23T09:44:41Z,583,361312,2096432,352.8,1046.6
2026-03-23T09:44:42Z,584,364932,2096432,356.4,946.5
2026-03-23T09:44:43Z,585,364632,2096432,356.1,895.7
2026-03-23T09:44:44Z,586,369364,2096432,360.7,929.4
2026-03-23T09:44:45Z,587,348724,2096432,340.6,995.1
2026-03-23T09:44:46Z,588,361412,2096432,352.9,962.5
2026-03-23T09:44:48Z,589,358044,2096432,349.7,952.8
2026-03-23T09:44:49Z,590,361492,2096432,353.0,993.1
2026-03-23T09:44:50Z,591,372804,2096432,364.1,937.8
2026-03-23T09:44:51Z,592,369528,2096432,360.9,1025.5
2026-03-23T09:44:52Z,593,368484,2096432,359.8,1014.5
2026-03-23T09:44:53Z,594,364636,2096432,356.1,920.6
2026-03-23T09:44:54Z,595,355240,2096432,346.9,926.5
2026-03-23T09:44:55Z,596,365984,2096432,357.4,902.5
2026-03-23T09:44:56Z,597,366396,2096432,357.8,1051.0
2026-03-23T09:44:57Z,598,371924,2096432,363.2,1039.1
2026-03-23T09:44:59Z,599,359644,2096432,351.2,964.7
2026-03-23T09:45:00Z,600,373608,2096432,364.9,1067.7
2026-03-23T09:45:01Z,601,364452,2096432,355.9,953.2
2026-03-23T09:45:02Z,602,360684,2096432,352.2,960.1
2026-03-23T09:45:03Z,603,361428,2096432,353.0,959.1
2026-03-23T09:45:04Z,604,365624,2096432,357.1,889.4
2026-03-23T09:45:05Z,605,357940,2096432,349.6,933.4
2026-03-23T09:45:06Z,606,366408,2096432,357.8,947.0
2026-03-23T09:45:07Z,607,368760,2096432,360.1,998.5
2026-03-23T09:45:08Z,608,364844,2096432,356.3,788.9
2026-03-23T09:45:09Z,609,363064,2096432,354.6,913.5
2026-03-23T09:45:11Z,610,371460,2096432,362.8,908.5
2026-03-23T09:45:12Z,611,376884,2096432,368.1,972.1
2026-03-23T09:45:13Z,612,368044,2096432,359.4,874.5
2026-03-23T09:45:14Z,613,368316,2096432,359.7,908.7
2026-03-23T09:45:15Z,614,364728,2096432,356.2,845.8
2026-03-23T09:45:16Z,615,364728,2096432,356.2,0.0
2026-03-23T09:45:17Z,616,364728,2096432,356.2,0.0
2026-03-23T09:45:18Z,617,364728,2096432,356.2,0.0
2026-03-23T09:45:19Z,618,364728,2096432,356.2,0.0
2026-03-23T09:45:20Z,619,364728,2096432,356.2,0.0
2026-03-23T09:45:21Z,620,364728,2096432,356.2,0.0
2026-03-23T09:45:22Z,621,364728,2096432,356.2,0.0
2026-03-23T09:45:24Z,622,364728,2096432,356.2,0.0
2026-03-23T09:45:25Z,623,364728,2096432,356.2,0.0
2026-03-23T09:45:26Z,624,364728,2096432,356.2,0.0
2026-03-23T09:45:27Z,625,364728,2096432,356.2,0.0
2026-03-23T09:45:28Z,626,364728,2096432,356.2,0.0
2026-03-23T09:45:29Z,627,364728,2096432,356.2,0.0
2026-03-23T09:45:30Z,628,364728,2096432,356.2,0.0
2026-03-23T09:45:31Z,629,364728,2096432,356.2,0.9
2026-03-23T09:45:32Z,630,364728,2096432,356.2,0.0
2026-03-23T09:45:33Z,631,364728,2096432,356.2,0.0
2026-03-23T09:45:34Z,632,364728,2096432,356.2,0.0
2026-03-23T09:45:35Z,633,364728,2096432,356.2,0.0
2026-03-23T09:45:36Z,634,364728,2096432,356.2,0.0
2026-03-23T09:45:37Z,635,364728,2096432,356.2,0.0
2026-03-23T09:45:39Z,636,364728,2096432,356.2,0.0
2026-03-23T09:45:40Z,637,364728,2096432,356.2,0.0
2026-03-23T09:45:41Z,638,364728,2096432,356.2,0.0
2026-03-23T09:45:42Z,639,364728,2096432,356.2,0.0
2026-03-23T09:45:43Z,640,364728,2096432,356.2,0.0
2026-03-23T09:45:44Z,641,364728,2096432,356.2,0.0
2026-03-23T09:45:45Z,642,364728,2096432,356.2,0.0
2026-03-23T09:45:46Z,643,364728,2096432,356.2,0.0
2026-03-23T09:45:47Z,644,364728,2096432,356.2,0.0
2026-03-23T09:45:48Z,645,364728,2096432,356.2,0.0
2026-03-23T09:45:49Z,646,364728,2096432,356.2,0.0
2026-03-23T09:45:50Z,647,364728,2096432,356.2,0.0
2026-03-23T09:45:51Z,648,364728,2096432,356.2,0.0
2026-03-23T09:45:53Z,649,364728,2096432,356.2,0.0
2026-03-23T09:45:54Z,650,364728,2096432,356.2,0.0
2026-03-23T09:45:55Z,651,364728,2096432,356.2,0.0
2026-03-23T09:45:56Z,652,364728,2096432,356.2,0.0
2026-03-23T09:45:57Z,653,364728,2096432,356.2,0.0
2026-03-23T09:45:58Z,654,364728,2096432,356.2,0.0
2026-03-23T09:45:59Z,655,364728,2096432,356.2,0.0
2026-03-23T09:46:00Z,656,364728,2096432,356.2,0.0
2026-03-23T09:46:01Z,657,364728,2096432,356.2,0.0
2026-03-23T09:46:02Z,658,364728,2096432,356.2,0.0
2026-03-23T09:46:03Z,659,364728,2096432,356.2,0.0
2026-03-23T09:46:04Z,660,364728,2096432,356.2,0.0
2026-03-23T09:46:05Z,661,364728,2096432,356.2,0.0
2026-03-23T09:46:06Z,662,364728,2096432,356.2,0.0
2026-03-23T09:46:08Z,663,364728,2096432,356.2,0.0
2026-03-23T09:46:09Z,664,364728,2096432,356.2,0.0
2026-03-23T09:46:10Z,665,364728,2096432,356.2,0.0
2026-03-23T09:46:11Z,666,364728,2096432,356.2,0.0
2026-03-23T09:46:12Z,667,364728,2096432,356.2,0.0
2026-03-23T09:46:13Z,668,364728,2096432,356.2,0.0
2026-03-23T09:46:14Z,669,364728,2096432,356.2,0.0
2026-03-23T09:46:15Z,670,364728,2096432,356.2,0.0
2026-03-23T09:46:16Z,671,364728,2096432,356.2,0.0
2026-03-23T09:46:17Z,672,364728,2096432,356.2,0.0
2026-03-23T09:46:18Z,673,364728,2096432,356.2,0.0
2026-03-23T09:46:19Z,674,364728,2096432,356.2,0.0
2026-03-23T09:46:20Z,675,364728,2096432,356.2,0.0
2026-03-23T09:46:22Z,676,364728,2096432,356.2,0.0
2026-03-23T09:46:23Z,677,364728,2096432,356.2,0.0
2026-03-23T09:46:24Z,678,364728,2096432,356.2,0.0
2026-03-23T09:46:25Z,679,364728,2096432,356.2,0.0
2026-03-23T09:46:26Z,680,364728,2096432,356.2,0.0
2026-03-23T09:46:27Z,681,364728,2096432,356.2,0.0
2026-03-23T09:46:28Z,682,364728,2096432,356.2,0.0
2026-03-23T09:46:29Z,683,364728,2096432,356.2,0.0
2026-03-23T09:46:30Z,684,364728,2096432,356.2,0.0
2026-03-23T09:46:31Z,685,364728,2096432,356.2,0.0
2026-03-23T09:46:32Z,686,364728,2096432,356.2,0.0
2026-03-23T09:46:33Z,687,364728,2096432,356.2,0.0
2026-03-23T09:46:34Z,688,364728,2096432,356.2,0.0
2026-03-23T09:46:35Z,689,364728,2096432,356.2,0.9
2026-03-23T09:46:37Z,690,364728,2096432,356.2,0.0
2026-03-23T09:46:38Z,691,364728,2096432,356.2,0.0
2026-03-23T09:46:39Z,692,364728,2096432,356.2,0.0
2026-03-23T09:46:40Z,693,364728,2096432,356.2,0.0
2026-03-23T09:46:41Z,694,364728,2096432,356.2,0.0
2026-03-23T09:46:42Z,695,364728,2096432,356.2,0.0
2026-03-23T09:46:43Z,696,364728,2096432,356.2,0.0
2026-03-23T09:46:44Z,697,364728,2096432,356.2,0.0
2026-03-23T09:46:45Z,698,364728,2096432,356.2,0.0
2026-03-23T09:46:46Z,699,364728,2096432,356.2,0.0
2026-03-23T09:46:47Z,700,364728,2096432,356.2,0.0
2026-03-23T09:46:48Z,701,364728,2096432,356.2,0.0
2026-03-23T09:46:49Z,702,364728,2096432,356.2,0.0
2026-03-23T09:46:50Z,703,364728,2096432,356.2,0.0
2026-03-23T09:46:52Z,704,364728,2096432,356.2,0.0
2026-03-23T09:46:53Z,705,364728,2096432,356.2,0.0
2026-03-23T09:46:54Z,706,364728,2096432,356.2,0.0
2026-03-23T09:46:55Z,707,364728,2096432,356.2,0.0
2026-03-23T09:46:56Z,708,364728,2096432,356.2,0.0
2026-03-23T09:46:57Z,709,364728,2096432,356.2,0.0
2026-03-23T09:46:58Z,710,364728,2096432,356.2,0.0
2026-03-23T09:46:59Z,711,364728,2096432,356.2,0.0
2026-03-23T09:47:00Z,712,364728,2096432,356.2,0.0
2026-03-23T09:47:01Z,713,364728,2096432,356.2,0.0
2026-03-23T09:47:02Z,714,364728,2096432,356.2,0.0
2026-03-23T09:47:03Z,715,364728,2096432,356.2,0.0
2026-03-23T09:47:04Z,716,364728,2096432,356.2,0.0
2026-03-23T09:47:06Z,717,364728,2096432,356.2,0.0
2026-03-23T09:47:07Z,718,364728,2096432,356.2,0.0
2026-03-23T09:47:08Z,719,364728,2096432,356.2,0.0
