# run_id: sidecar_accounts_balance_info_20260319_202852_74156 | service: sidecar | endpoint: accounts_balance_info | process: node (PID 38931)
timestamp,elapsed_s,rss_kb,vsz_kb,rss_mb,cpu_pct
2026-03-19T20:28:53Z,0,123192,22124808,120.3,0.0
2026-03-19T20:28:54Z,1,123192,22124808,120.3,0.0
2026-03-19T20:28:55Z,2,123192,22124808,120.3,0.0
2026-03-19T20:28:56Z,3,123192,22124808,120.3,0.0
2026-03-19T20:28:58Z,4,123192,22124808,120.3,0.0
2026-03-19T20:28:59Z,5,123192,22124808,120.3,0.0
2026-03-19T20:29:00Z,6,123192,22124808,120.3,0.0
2026-03-19T20:29:01Z,7,123192,22124808,120.3,0.0
2026-03-19T20:29:02Z,8,123192,22124808,120.3,0.0
2026-03-19T20:29:03Z,9,123192,22124808,120.3,0.0
2026-03-19T20:29:04Z,10,123192,22124808,120.3,0.0
2026-03-19T20:29:05Z,11,123192,22124808,120.3,0.0
2026-03-19T20:29:06Z,12,123192,22124808,120.3,0.0
2026-03-19T20:29:07Z,13,123192,22124808,120.3,0.0
2026-03-19T20:29:08Z,14,123192,22124808,120.3,0.0
2026-03-19T20:29:09Z,15,123192,22124808,120.3,0.0
2026-03-19T20:29:10Z,16,123192,22124808,120.3,0.0
2026-03-19T20:29:12Z,17,123192,22124808,120.3,0.0
2026-03-19T20:29:13Z,18,123192,22124808,120.3,0.0
2026-03-19T20:29:14Z,19,123192,22124808,120.3,0.0
2026-03-19T20:29:15Z,20,123192,22124808,120.3,0.0
2026-03-19T20:29:16Z,21,123192,22124808,120.3,0.0
2026-03-19T20:29:17Z,22,123192,22124808,120.3,0.0
2026-03-19T20:29:18Z,23,123192,22124808,120.3,0.0
2026-03-19T20:29:19Z,24,123192,22124808,120.3,0.0
2026-03-19T20:29:20Z,25,123192,22124808,120.3,0.0
2026-03-19T20:29:21Z,26,123192,22124808,120.3,0.0
2026-03-19T20:29:22Z,27,123192,22124808,120.3,0.0
2026-03-19T20:29:23Z,28,123192,22124808,120.3,0.0
2026-03-19T20:29:24Z,29,123192,22124808,120.3,0.0
2026-03-19T20:29:26Z,30,123192,22124808,120.3,0.0
2026-03-19T20:29:27Z,31,123192,22124808,120.3,0.0
2026-03-19T20:29:28Z,32,123192,22124808,120.3,0.0
2026-03-19T20:29:29Z,33,123192,22124808,120.3,0.0
2026-03-19T20:29:30Z,34,123192,22124808,120.3,0.0
2026-03-19T20:29:31Z,35,123192,22124808,120.3,0.0
2026-03-19T20:29:32Z,36,123192,22124808,120.3,0.0
2026-03-19T20:29:33Z,37,123192,22124808,120.3,0.0
2026-03-19T20:29:34Z,38,123192,22124808,120.3,0.0
2026-03-19T20:29:35Z,39,123192,22124808,120.3,0.0
2026-03-19T20:29:36Z,40,123192,22124808,120.3,0.0
2026-03-19T20:29:37Z,41,123192,22124808,120.3,0.0
2026-03-19T20:29:38Z,42,123192,22124808,120.3,0.0
2026-03-19T20:29:39Z,43,123192,22124808,120.3,0.0
2026-03-19T20:29:41Z,44,123192,22124808,120.3,0.0
2026-03-19T20:29:42Z,45,123192,22124808,120.3,0.0
2026-03-19T20:29:43Z,46,123192,22124808,120.3,0.0
2026-03-19T20:29:44Z,47,123192,22124808,120.3,0.0
2026-03-19T20:29:45Z,48,123192,22124808,120.3,0.0
2026-03-19T20:29:46Z,49,123192,22124808,120.3,0.0
2026-03-19T20:29:47Z,50,123192,22124808,120.3,0.0
2026-03-19T20:29:48Z,51,123192,22124808,120.3,0.0
2026-03-19T20:29:49Z,52,123192,22124808,120.3,0.0
2026-03-19T20:29:50Z,53,123192,22124808,120.3,0.0
2026-03-19T20:29:51Z,54,123192,22124808,120.3,0.0
2026-03-19T20:29:52Z,55,123192,22124808,120.3,0.0
2026-03-19T20:29:53Z,56,208248,22204708,203.4,170.3
2026-03-19T20:29:55Z,57,326996,22321396,319.3,195.8
2026-03-19T20:29:56Z,58,363572,22357728,355.1,180.5
2026-03-19T20:29:57Z,59,433088,22427360,422.9,144.9
2026-03-19T20:29:58Z,60,545440,22540000,532.7,151.7
2026-03-19T20:29:59Z,61,665080,22659808,649.5,146.7
2026-03-19T20:30:00Z,62,784024,22777056,765.6,144.2
2026-03-19T20:30:01Z,63,403088,22396384,393.6,179.7
2026-03-19T20:30:02Z,64,427420,22419680,417.4,142.0
2026-03-19T20:30:03Z,65,548032,22540256,535.2,147.5
2026-03-19T20:30:04Z,66,666796,22659040,651.2,141.7
2026-03-19T20:30:05Z,67,512800,22504416,500.8,176.3
2026-03-19T20:30:06Z,68,512900,22504416,500.9,137.4
2026-03-19T20:30:07Z,69,557016,22548960,544.0,143.1
2026-03-19T20:30:08Z,70,677044,22668768,661.2,137.9
2026-03-19T20:30:10Z,71,792992,22785760,774.4,142.5
2026-03-19T20:30:11Z,72,475000,22467552,463.9,175.4
2026-03-19T20:30:12Z,73,475592,22467552,464.4,136.4
2026-03-19T20:30:13Z,74,552360,22544864,539.4,136.8
2026-03-19T20:30:14Z,75,678204,22669792,662.3,137.3
2026-03-19T20:30:15Z,76,795376,22786784,776.7,134.5
2026-03-19T20:30:16Z,77,510616,22502368,498.6,167.9
2026-03-19T20:30:17Z,78,510896,22502368,498.9,136.9
2026-03-19T20:30:18Z,79,565588,22557152,552.3,135.2
2026-03-19T20:30:19Z,80,686056,22677728,670.0,136.3
2026-03-19T20:30:20Z,81,803508,22794720,784.7,137.6
2026-03-19T20:30:21Z,82,480544,22471648,469.3,159.7
2026-03-19T20:30:22Z,83,479916,22471648,468.7,135.1
2026-03-19T20:30:23Z,84,577092,22568928,563.6,136.9
2026-03-19T20:30:25Z,85,697144,22688736,680.8,137.1
2026-03-19T20:30:26Z,86,490844,22482400,479.3,166.4
2026-03-19T20:30:27Z,87,491056,22482400,479.5,129.6
2026-03-19T20:30:28Z,88,563632,22555872,550.4,137.0
2026-03-19T20:30:29Z,89,681540,22673888,665.6,136.9
2026-03-19T20:30:30Z,90,556672,22548704,543.6,166.8
2026-03-19T20:30:31Z,91,555944,22548704,542.9,132.5
2026-03-19T20:30:32Z,92,575292,22567904,561.8,129.3
2026-03-19T20:30:33Z,93,698136,22690784,681.8,135.3
2026-03-19T20:30:34Z,94,819172,22811872,800.0,135.0
2026-03-19T20:30:35Z,95,537300,22529760,524.7,166.0
2026-03-19T20:30:36Z,96,537596,22529760,525.0,131.4
2026-03-19T20:30:37Z,97,593044,22585312,579.1,133.3
2026-03-19T20:30:39Z,98,710160,22702816,693.5,139.1
2026-03-19T20:30:40Z,99,827832,22820320,808.4,140.6
2026-03-19T20:30:41Z,100,534616,22526944,522.1,171.2
2026-03-19T20:30:42Z,101,534864,22526944,522.3,130.6
2026-03-19T20:30:43Z,102,588796,22580704,575.0,135.1
2026-03-19T20:30:44Z,103,709672,22702048,693.0,139.1
2026-03-19T20:30:45Z,104,827800,22820320,808.4,136.1
2026-03-19T20:30:46Z,105,580796,22573024,567.2,164.3
2026-03-19T20:30:47Z,106,581108,22573024,567.5,132.7
2026-03-19T20:30:48Z,107,595984,22588128,582.0,131.3
2026-03-19T20:30:49Z,108,713296,22704864,696.6,137.7
2026-03-19T20:30:50Z,109,831948,22825184,812.4,141.8
2026-03-19T20:30:51Z,110,516388,22509536,504.3,169.0
2026-03-19T20:30:52Z,111,517328,22509536,505.2,133.2
2026-03-19T20:30:54Z,112,542780,22534880,530.1,70.8
2026-03-19T20:30:55Z,113,542780,22534880,530.1,0.0
2026-03-19T20:30:56Z,114,624664,22617056,610.0,103.4
2026-03-19T20:30:57Z,115,748224,22740960,730.7,137.8
2026-03-19T20:30:58Z,116,530720,22522592,518.3,166.6
2026-03-19T20:30:59Z,117,530732,22522592,518.3,134.1
2026-03-19T20:31:00Z,118,554480,22546912,541.5,131.2
2026-03-19T20:31:01Z,119,677728,22669536,661.8,136.2
2026-03-19T20:31:02Z,120,549800,22542048,536.9,164.0
2026-03-19T20:31:03Z,121,549880,22542048,537.0,130.3
2026-03-19T20:31:04Z,122,554648,22546656,541.6,131.7
2026-03-19T20:31:05Z,123,677328,22669536,661.5,137.9
2026-03-19T20:31:06Z,124,795976,22788320,777.3,135.1
2026-03-19T20:31:07Z,125,529328,22521056,516.9,168.4
2026-03-19T20:31:09Z,126,529648,22521056,517.2,133.2
2026-03-19T20:31:10Z,127,529660,22521056,517.2,131.9
2026-03-19T20:31:11Z,128,648936,22641632,633.7,139.7
2026-03-19T20:31:12Z,129,528548,22521312,516.2,166.8
2026-03-19T20:31:13Z,130,528760,22521312,516.4,130.1
2026-03-19T20:31:14Z,131,535764,22528224,523.2,130.7
2026-03-19T20:31:15Z,132,655064,22647264,639.7,137.9
2026-03-19T20:31:16Z,133,772392,22764256,754.3,137.4
2026-03-19T20:31:17Z,134,581216,22573280,567.6,167.0
2026-03-19T20:31:18Z,135,581220,22573280,567.6,133.1
2026-03-19T20:31:19Z,136,593008,22584800,579.1,132.4
2026-03-19T20:31:20Z,137,710472,22702304,693.8,137.1
2026-03-19T20:31:21Z,138,831132,22822880,811.7,137.1
2026-03-19T20:31:23Z,139,600296,22592224,586.2,170.5
2026-03-19T20:31:24Z,140,600724,22592224,586.6,130.8
2026-03-19T20:31:25Z,141,605776,22597344,591.6,132.2
2026-03-19T20:31:26Z,142,726232,22718176,709.2,137.8
2026-03-19T20:31:27Z,143,845692,22837728,825.9,136.0
2026-03-19T20:31:28Z,144,556156,22547424,543.1,168.1
2026-03-19T20:31:29Z,145,556316,22547424,543.3,129.5
2026-03-19T20:31:30Z,146,595672,22588128,581.7,136.2
2026-03-19T20:31:31Z,147,715752,22708448,699.0,137.8
2026-03-19T20:31:32Z,148,836776,22829280,817.2,134.5
2026-03-19T20:31:33Z,149,551344,22543840,538.4,165.5
2026-03-19T20:31:34Z,150,551344,22543840,538.4,130.6
2026-03-19T20:31:35Z,151,637212,22629856,622.3,136.8
2026-03-19T20:31:36Z,152,757008,22749408,739.3,136.0
2026-03-19T20:31:38Z,153,538820,22531296,526.2,172.6
2026-03-19T20:31:39Z,154,539496,22531296,526.9,134.3
2026-03-19T20:31:40Z,155,539496,22531296,526.9,133.5
2026-03-19T20:31:41Z,156,647420,22639584,632.2,137.8
2026-03-19T20:31:42Z,157,771488,22763232,753.4,131.6
2026-03-19T20:31:43Z,158,546824,22538720,534.0,159.4
2026-03-19T20:31:44Z,159,547160,22538720,534.3,133.1
2026-03-19T20:31:45Z,160,606332,22598624,592.1,135.2
2026-03-19T20:31:46Z,161,728584,22720480,711.5,140.9
2026-03-19T20:31:47Z,162,571868,22563552,558.5,175.2
2026-03-19T20:31:48Z,163,572056,22563552,558.6,134.2
2026-03-19T20:31:49Z,164,572108,22563552,558.7,133.0
2026-03-19T20:31:50Z,165,674924,22667744,659.1,141.0
2026-03-19T20:31:51Z,166,795088,22787808,776.5,136.5
2026-03-19T20:31:53Z,167,538780,22531040,526.2,166.9
2026-03-19T20:31:54Z,168,538780,22531040,526.2,128.8
2026-03-19T20:31:55Z,169,538840,22531040,526.2,130.7
2026-03-19T20:31:56Z,170,606632,22599136,592.4,86.6
2026-03-19T20:31:57Z,171,606632,22599136,592.4,0.0
2026-03-19T20:31:58Z,172,682732,22675424,666.7,96.9
2026-03-19T20:31:59Z,173,533720,22526432,521.2,168.2
2026-03-19T20:32:00Z,174,534496,22526432,522.0,131.4
2026-03-19T20:32:01Z,175,540064,22532576,527.4,133.3
2026-03-19T20:32:02Z,176,660352,22652640,644.9,135.0
2026-03-19T20:32:03Z,177,560144,22552032,547.0,172.9
2026-03-19T20:32:04Z,178,560344,22552032,547.2,129.7
2026-03-19T20:32:05Z,179,560392,22552032,547.3,129.8
2026-03-19T20:32:06Z,180,662872,22654944,647.3,134.5
2026-03-19T20:32:08Z,181,780428,22772192,762.1,136.1
2026-03-19T20:32:09Z,182,552624,22544608,539.7,164.4
2026-03-19T20:32:10Z,183,552640,22544608,539.7,132.6
2026-03-19T20:32:11Z,184,555812,22547680,542.8,130.9
2026-03-19T20:32:12Z,185,675036,22667488,659.2,138.8
2026-03-19T20:32:13Z,186,799188,22791648,780.5,137.6
2026-03-19T20:32:14Z,187,573564,22565600,560.1,165.4
2026-03-19T20:32:15Z,188,574320,22565600,560.9,134.0
2026-03-19T20:32:16Z,189,629588,22621408,614.8,135.9
2026-03-19T20:32:17Z,190,747468,22738912,729.9,136.4
2026-03-19T20:32:18Z,191,864984,22856672,844.7,137.9
2026-03-19T20:32:19Z,192,571788,22563040,558.4,169.5
2026-03-19T20:32:21Z,193,571788,22563040,558.4,130.8
2026-03-19T20:32:22Z,194,660052,22651360,644.6,135.1
2026-03-19T20:32:23Z,195,777408,22768608,759.2,138.6
2026-03-19T20:32:24Z,196,642288,22634720,627.2,174.3
2026-03-19T20:32:25Z,197,577904,22569696,564.4,130.0
2026-03-19T20:32:26Z,198,577904,22569696,564.4,133.2
2026-03-19T20:32:27Z,199,668288,22659808,652.6,136.4
2026-03-19T20:32:28Z,200,786292,22777568,767.9,139.4
2026-03-19T20:32:29Z,201,900908,22893280,879.8,161.6
2026-03-19T20:32:30Z,202,587516,22578912,573.7,142.6
2026-03-19T20:32:31Z,203,586672,22578912,572.9,130.6
2026-03-19T20:32:32Z,204,651060,22643424,635.8,131.1
2026-03-19T20:32:33Z,205,771996,22764256,753.9,136.3
2026-03-19T20:32:35Z,206,563008,22555360,549.8,164.1
2026-03-19T20:32:36Z,207,563120,22555360,549.9,131.7
2026-03-19T20:32:37Z,208,569712,22562272,556.4,131.1
2026-03-19T20:32:38Z,209,690360,22683104,674.2,136.2
2026-03-19T20:32:39Z,210,807952,22800096,789.0,138.7
2026-03-19T20:32:40Z,211,561268,22553056,548.1,168.6
2026-03-19T20:32:41Z,212,561480,22553056,548.3,132.8
2026-03-19T20:32:42Z,213,578924,22570720,565.4,132.5
2026-03-19T20:32:43Z,214,701200,22693088,684.8,136.0
2026-03-19T20:32:44Z,215,820660,22812128,801.4,136.9
2026-03-19T20:32:45Z,216,576536,22567904,563.0,168.3
2026-03-19T20:32:46Z,217,576640,22567904,563.1,133.1
2026-03-19T20:32:47Z,218,642580,22634464,627.5,135.6
2026-03-19T20:32:48Z,219,760088,22751712,742.3,137.3
2026-03-19T20:32:50Z,220,877456,22868960,856.9,137.0
2026-03-19T20:32:51Z,221,572104,22563296,558.7,164.9
2026-03-19T20:32:52Z,222,572104,22563296,558.7,128.6
2026-03-19T20:32:53Z,223,636920,22628576,622.0,129.4
2026-03-19T20:32:54Z,224,757220,22749408,739.5,133.4
2026-03-19T20:32:55Z,225,878024,22870240,857.4,132.4
2026-03-19T20:32:56Z,226,571428,22563296,558.0,164.6
2026-03-19T20:32:57Z,227,571540,22563296,558.1,127.7
2026-03-19T20:32:58Z,228,573704,22565600,560.3,55.8
2026-03-19T20:32:59Z,229,573704,22565600,560.3,0.0
2026-03-19T20:33:00Z,230,668408,22660576,652.7,111.0
2026-03-19T20:33:01Z,231,789180,22781152,770.7,137.8
2026-03-19T20:33:02Z,232,551252,22543584,538.3,168.5
2026-03-19T20:33:04Z,233,551476,22543584,538.6,132.2
2026-03-19T20:33:05Z,234,574040,22565856,560.6,133.0
2026-03-19T20:33:06Z,235,688932,22681056,672.8,140.7
2026-03-19T20:33:07Z,236,799028,22790880,780.3,123.0
2026-03-19T20:33:08Z,237,569524,22561504,556.2,165.9
2026-03-19T20:33:09Z,238,569596,22561504,556.2,130.9
2026-03-19T20:33:10Z,239,617400,22609376,602.9,131.6
2026-03-19T20:33:11Z,240,740792,22732768,723.4,134.8
2026-03-19T20:33:12Z,241,857968,22849760,837.9,136.9
2026-03-19T20:33:13Z,242,577028,22569184,563.5,169.3
2026-03-19T20:33:14Z,243,577248,22569184,563.7,130.8
2026-03-19T20:33:15Z,244,618432,22609888,603.9,136.9
2026-03-19T20:33:16Z,245,735508,22726624,718.3,138.8
2026-03-19T20:33:17Z,246,852576,22844384,832.6,135.4
2026-03-19T20:33:19Z,247,568144,22560480,554.8,173.2
2026-03-19T20:33:20Z,248,568152,22560480,554.8,132.0
2026-03-19T20:33:21Z,249,609228,22601440,594.9,133.4
2026-03-19T20:33:22Z,250,727932,22720480,710.9,131.3
2026-03-19T20:33:23Z,251,845296,22837728,825.5,138.4
2026-03-19T20:33:24Z,252,575488,22567392,562.0,168.3
2026-03-19T20:33:25Z,253,576236,22567392,562.7,134.3
2026-03-19T20:33:26Z,254,638156,22630112,623.2,135.1
2026-03-19T20:33:27Z,255,754384,22746336,736.7,135.7
2026-03-19T20:33:28Z,256,871344,22863328,850.9,134.0
2026-03-19T20:33:29Z,257,610188,22601696,595.9,166.6
2026-03-19T20:33:30Z,258,610620,22601696,596.3,132.9
2026-03-19T20:33:31Z,259,639824,22631392,624.8,133.9
2026-03-19T20:33:33Z,260,760280,22751456,742.5,136.0
2026-03-19T20:33:34Z,261,877288,22869216,856.7,154.6
2026-03-19T20:33:35Z,262,569968,22562016,556.6,149.2
2026-03-19T20:33:36Z,263,570268,22562016,556.9,130.7
2026-03-19T20:33:37Z,264,656032,22647520,640.7,133.5
2026-03-19T20:33:38Z,265,776396,22768096,758.2,140.5
2026-03-19T20:33:39Z,266,890280,22881760,869.4,152.9
2026-03-19T20:33:40Z,267,584684,22576096,571.0,155.0
2026-03-19T20:33:41Z,268,584896,22576096,571.2,130.6
2026-03-19T20:33:42Z,269,649928,22641376,634.7,134.4
2026-03-19T20:33:43Z,270,766852,22758368,748.9,139.0
2026-03-19T20:33:44Z,271,884012,22875104,863.3,134.3
2026-03-19T20:33:45Z,272,600408,22592224,586.3,171.2
2026-03-19T20:33:46Z,273,600408,22592224,586.3,130.0
2026-03-19T20:33:48Z,274,642212,22634464,627.2,132.6
2026-03-19T20:33:49Z,275,759352,22751456,741.6,138.0
2026-03-19T20:33:50Z,276,873920,22866144,853.4,130.3
2026-03-19T20:33:51Z,277,562968,22555104,549.8,162.6
2026-03-19T20:33:52Z,278,563744,22555104,550.5,131.1
2026-03-19T20:33:53Z,279,641652,22633184,626.6,133.8
2026-03-19T20:33:54Z,280,759332,22750688,741.5,137.3
2026-03-19T20:33:55Z,281,541292,22532832,528.6,161.1
2026-03-19T20:33:56Z,282,541768,22532832,529.1,130.0
2026-03-19T20:33:57Z,283,541920,22532832,529.2,128.6
2026-03-19T20:33:58Z,284,650188,22642144,634.9,136.8
2026-03-19T20:33:59Z,285,609016,22601440,594.7,165.2
2026-03-19T20:34:00Z,286,539528,22531040,526.9,44.7
2026-03-19T20:34:01Z,287,539528,22531040,526.9,0.0
2026-03-19T20:34:03Z,288,539940,22531040,527.3,111.3
2026-03-19T20:34:04Z,289,540044,22531040,527.4,134.0
2026-03-19T20:34:05Z,290,644168,22635744,629.1,133.5
2026-03-19T20:34:06Z,291,542968,22534368,530.2,165.3
2026-03-19T20:34:07Z,292,543300,22534368,530.6,128.8
2026-03-19T20:34:08Z,293,542544,22534368,529.8,133.4
2026-03-19T20:34:09Z,294,640092,22632416,625.1,136.8
2026-03-19T20:34:10Z,295,757476,22750432,739.7,164.6
2026-03-19T20:34:11Z,296,548744,22541280,535.9,137.1
2026-03-19T20:34:12Z,297,549192,22541280,536.3,132.9
2026-03-19T20:34:13Z,298,650840,22642912,635.6,133.2
2026-03-19T20:34:14Z,299,771160,22762976,753.1,136.5
2026-03-19T20:34:15Z,300,610680,22602464,596.4,172.2
2026-03-19T20:34:17Z,301,610704,22602464,596.4,130.2
2026-03-19T20:34:18Z,302,610928,22602464,596.6,131.2
2026-03-19T20:34:19Z,303,693184,22684896,676.9,134.2
2026-03-19T20:34:20Z,304,813300,22805472,794.2,136.1
2026-03-19T20:34:21Z,305,560540,22552032,547.4,166.7
2026-03-19T20:34:22Z,306,560660,22552032,547.5,131.4
2026-03-19T20:34:23Z,307,586836,22579168,573.1,130.7
2026-03-19T20:34:24Z,308,707644,22699488,691.1,136.1
2026-03-19T20:34:25Z,309,825008,22816736,805.7,135.2
2026-03-19T20:34:26Z,310,571980,22563808,558.6,167.3
2026-03-19T20:34:27Z,311,572036,22563808,558.6,132.3
2026-03-19T20:34:28Z,312,626316,22619104,611.6,140.6
2026-03-19T20:34:29Z,313,744352,22736352,726.9,137.1
2026-03-19T20:34:30Z,314,864548,22856416,844.3,136.6
2026-03-19T20:34:32Z,315,536976,22528480,524.4,160.3
2026-03-19T20:34:33Z,316,536976,22528480,524.4,127.5
2026-03-19T20:34:34Z,317,586916,22578400,573.2,131.3
2026-03-19T20:34:35Z,318,706856,22698720,690.3,132.6
2026-03-19T20:34:36Z,319,545224,22537184,532.4,159.6
2026-03-19T20:34:37Z,320,545236,22537184,532.5,131.5
2026-03-19T20:34:38Z,321,591156,22583264,577.3,133.6
2026-03-19T20:34:39Z,322,710692,22702560,694.0,141.7
2026-03-19T20:34:40Z,323,825536,22816992,806.2,138.0
2026-03-19T20:34:41Z,324,572960,22564320,559.5,168.8
2026-03-19T20:34:42Z,325,573216,22564320,559.8,132.3
2026-03-19T20:34:43Z,326,628900,22620384,614.2,133.9
2026-03-19T20:34:44Z,327,739736,22731232,722.4,128.7
2026-03-19T20:34:45Z,328,857844,22849504,837.7,133.4
2026-03-19T20:34:47Z,329,572488,22564320,559.1,163.0
2026-03-19T20:34:48Z,330,572588,22564320,559.2,129.3
2026-03-19T20:34:49Z,331,644072,22635744,629.0,134.5
2026-03-19T20:34:50Z,332,763368,22755552,745.5,142.0
2026-03-19T20:34:51Z,333,880596,22873056,860.0,135.7
2026-03-19T20:34:52Z,334,543224,22535136,530.5,166.2
2026-03-19T20:34:53Z,335,543224,22535136,530.5,131.4
2026-03-19T20:34:54Z,336,606980,22599136,592.8,133.9
2026-03-19T20:34:55Z,337,726656,22718688,709.6,136.1
2026-03-19T20:34:56Z,338,551748,22543328,538.8,168.4
2026-03-19T20:34:57Z,339,551752,22543328,538.8,135.0
2026-03-19T20:34:58Z,340,553964,22545376,541.0,134.1
2026-03-19T20:34:59Z,341,674856,22665952,659.0,136.0
2026-03-19T20:35:00Z,342,794992,22786272,776.4,139.0
2026-03-19T20:35:02Z,343,601132,22592480,587.0,168.5
2026-03-19T20:35:03Z,344,601324,22592480,587.2,45.6
2026-03-19T20:35:04Z,345,601324,22592480,587.2,0.0
2026-03-19T20:35:05Z,346,601324,22592480,587.2,106.4
2026-03-19T20:35:06Z,347,635984,22627296,621.1,131.8
2026-03-19T20:35:07Z,348,755480,22747104,737.8,136.7
2026-03-19T20:35:08Z,349,872988,22864608,852.5,135.4
2026-03-19T20:35:09Z,350,537780,22528992,525.2,164.6
2026-03-19T20:35:10Z,351,539092,22528992,526.5,132.4
2026-03-19T20:35:11Z,352,599060,22591456,585.0,133.2
2026-03-19T20:35:12Z,353,716164,22708192,699.4,132.0
2026-03-19T20:35:13Z,354,579536,22572000,566.0,170.6
2026-03-19T20:35:14Z,355,579536,22572000,566.0,129.6
2026-03-19T20:35:16Z,356,623068,22615264,608.5,131.9
2026-03-19T20:35:17Z,357,741072,22732768,723.7,138.3
2026-03-19T20:35:18Z,358,861248,22853088,841.1,137.4
2026-03-19T20:35:19Z,359,567772,22558944,554.5,165.7
2026-03-19T20:35:20Z,360,567772,22558944,554.5,127.4
2026-03-19T20:35:21Z,361,617012,22608864,602.6,132.8
2026-03-19T20:35:22Z,362,731008,22722784,713.9,128.6
2026-03-19T20:35:23Z,363,712496,22704864,695.8,171.3
2026-03-19T20:35:24Z,364,577008,22568416,563.5,129.8
2026-03-19T20:35:25Z,365,577008,22568416,563.5,130.4
2026-03-19T20:35:26Z,366,673800,22665696,658.0,132.3
2026-03-19T20:35:27Z,367,794332,22786272,775.7,133.6
2026-03-19T20:35:28Z,368,914500,22906336,893.1,141.7
2026-03-19T20:35:29Z,369,585224,22577376,571.5,159.3
2026-03-19T20:35:31Z,370,585224,22577376,571.5,131.7
2026-03-19T20:35:32Z,371,640016,22631648,625.0,135.6
2026-03-19T20:35:33Z,372,761000,22752992,743.2,137.5
2026-03-19T20:35:34Z,373,573840,22565600,560.4,172.4
2026-03-19T20:35:35Z,374,573840,22565600,560.4,130.5
2026-03-19T20:35:36Z,375,580080,22571232,566.5,132.2
2026-03-19T20:35:37Z,376,706872,22698464,690.3,135.0
2026-03-19T20:35:38Z,377,824480,22815968,805.2,138.0
2026-03-19T20:35:39Z,378,537452,22528992,524.9,163.4
2026-03-19T20:35:40Z,379,537928,22528992,525.3,130.3
2026-03-19T20:35:41Z,380,557988,22549472,544.9,130.4
2026-03-19T20:35:42Z,381,681700,22673376,665.7,132.3
2026-03-19T20:35:43Z,382,578736,22570464,565.2,161.7
2026-03-19T20:35:44Z,383,578760,22570464,565.2,129.0
2026-03-19T20:35:46Z,384,578760,22570464,565.2,132.6
2026-03-19T20:35:47Z,385,684088,22676448,668.1,141.3
2026-03-19T20:35:48Z,386,801384,22793696,782.6,149.2
2026-03-19T20:35:49Z,387,565420,22557664,552.2,156.6
2026-03-19T20:35:50Z,388,565420,22557664,552.2,131.3
2026-03-19T20:35:51Z,389,652584,22644960,637.3,135.5
2026-03-19T20:35:52Z,390,769812,22761952,751.8,139.3
2026-03-19T20:35:53Z,391,887316,22879712,866.5,148.3
2026-03-19T20:35:54Z,392,585956,22577632,572.2,157.4
2026-03-19T20:35:55Z,393,586152,22577632,572.4,129.6
2026-03-19T20:35:56Z,394,650532,22642400,635.3,132.3
2026-03-19T20:35:58Z,395,771008,22762976,752.9,136.4
2026-03-19T20:35:59Z,396,570800,22562784,557.4,169.1
2026-03-19T20:36:00Z,397,571152,22562784,557.8,132.2
2026-03-19T20:36:01Z,398,571152,22562784,557.8,129.6
2026-03-19T20:36:02Z,399,675472,22667488,659.6,136.8
2026-03-19T20:36:03Z,400,792844,22784992,774.3,136.8
2026-03-19T20:36:04Z,401,536228,22528224,523.7,166.0
2026-03-19T20:36:05Z,402,536228,22528224,523.7,40.2
2026-03-19T20:36:06Z,403,536228,22528224,523.7,0.9
2026-03-19T20:36:07Z,404,535416,22528224,522.9,127.1
2026-03-19T20:36:08Z,405,548484,22541280,535.6,129.4
2026-03-19T20:36:09Z,406,665976,22658528,650.4,136.8
2026-03-19T20:36:10Z,407,530720,22523104,518.3,166.7
2026-03-19T20:36:11Z,408,531156,22523104,518.7,133.1
2026-03-19T20:36:13Z,409,531156,22523104,518.7,132.0
2026-03-19T20:36:14Z,410,646892,22639072,631.7,135.3
2026-03-19T20:36:15Z,411,652384,22645472,637.1,168.4
2026-03-19T20:36:16Z,412,566920,22559456,553.6,131.5
2026-03-19T20:36:17Z,413,567588,22559456,554.3,131.9
2026-03-19T20:36:18Z,414,656836,22649312,641.4,135.0
2026-03-19T20:36:19Z,415,775228,22766816,757.1,139.5
2026-03-19T20:36:20Z,416,545628,22537184,532.8,167.0
2026-03-19T20:36:21Z,417,545676,22537184,532.9,131.8
2026-03-19T20:36:22Z,418,554576,22546400,541.6,129.6
2026-03-19T20:36:24Z,419,699540,22691296,683.1,136.6
2026-03-19T20:36:25Z,420,572100,22563808,558.7,168.6
2026-03-19T20:36:26Z,421,572220,22563808,558.8,131.8
2026-03-19T20:36:27Z,422,572288,22563808,558.9,131.2
2026-03-19T20:36:28Z,423,687532,22679264,671.4,137.1
2026-03-19T20:36:29Z,424,804752,22797024,785.9,139.7
2026-03-19T20:36:30Z,425,601336,22593504,587.2,170.8
2026-03-19T20:36:31Z,426,601444,22593504,587.3,131.8
2026-03-19T20:36:32Z,427,601556,22593504,587.5,132.7
2026-03-19T20:36:33Z,428,694848,22686944,678.6,137.2
2026-03-19T20:36:34Z,429,812252,22804192,793.2,137.2
2026-03-19T20:36:35Z,430,595060,22587104,581.1,166.6
2026-03-19T20:36:36Z,431,595060,22587104,581.1,132.2
2026-03-19T20:36:37Z,432,595060,22587104,581.1,132.6
2026-03-19T20:36:39Z,433,651624,22643168,636.4,133.8
2026-03-19T20:36:40Z,434,771740,22763488,753.7,145.3
2026-03-19T20:36:41Z,435,572304,22563552,558.9,161.4
2026-03-19T20:36:42Z,436,572688,22563552,559.3,133.3
2026-03-19T20:36:43Z,437,648212,22639840,633.0,135.8
2026-03-19T20:36:44Z,438,769184,22760672,751.2,140.0
2026-03-19T20:36:45Z,439,886312,22878432,865.5,165.1
2026-03-19T20:36:46Z,440,574920,22566112,561.4,140.3
2026-03-19T20:36:47Z,441,575248,22566112,561.8,131.7
2026-03-19T20:36:48Z,442,660200,22651872,644.7,136.9
2026-03-19T20:36:49Z,443,783780,22775776,765.4,136.3
2026-03-19T20:36:50Z,444,578880,22571744,565.3,164.1
2026-03-19T20:36:51Z,445,576932,22568672,563.4,129.8
2026-03-19T20:36:52Z,446,576932,22568672,563.4,129.5
2026-03-19T20:36:54Z,447,674124,22666208,658.3,135.2
2026-03-19T20:36:55Z,448,791380,22782944,772.8,137.7
2026-03-19T20:36:56Z,449,908292,22900192,887.0,164.7
2026-03-19T20:36:57Z,450,548104,22540000,535.3,132.3
2026-03-19T20:36:58Z,451,548196,22540000,535.3,132.1
2026-03-19T20:36:59Z,452,641040,22633184,626.0,135.8
2026-03-19T20:37:00Z,453,761512,22753504,743.7,134.7
2026-03-19T20:37:01Z,454,550908,22542816,538.0,160.3
2026-03-19T20:37:02Z,455,551328,22542816,538.4,130.3
2026-03-19T20:37:03Z,456,594308,22585824,580.4,128.3
2026-03-19T20:37:04Z,457,718252,22709728,701.4,134.1
2026-03-19T20:37:05Z,458,835424,22827232,815.8,137.9
2026-03-19T20:37:06Z,459,580012,22571488,566.4,168.6
2026-03-19T20:37:08Z,460,580012,22571488,566.4,1.9
2026-03-19T20:37:09Z,461,580012,22571488,566.4,14.0
2026-03-19T20:37:10Z,462,580140,22571488,566.5,132.3
2026-03-19T20:37:11Z,463,667688,22659552,652.0,135.5
2026-03-19T20:37:12Z,464,787024,22778592,768.6,136.7
2026-03-19T20:37:13Z,465,904624,22896352,883.4,136.2
2026-03-19T20:37:14Z,466,591376,22583264,577.5,168.7
2026-03-19T20:37:15Z,467,592244,22583264,578.4,132.5
2026-03-19T20:37:16Z,468,633040,22625248,618.2,136.0
2026-03-19T20:37:17Z,469,753808,22746336,736.1,137.8
2026-03-19T20:37:18Z,470,871976,22863584,851.5,138.0
2026-03-19T20:37:19Z,471,595680,22587360,581.7,171.6
2026-03-19T20:37:20Z,472,595792,22587360,581.8,132.4
2026-03-19T20:37:21Z,473,635740,22627040,620.8,133.5
2026-03-19T20:37:23Z,474,752972,22744544,735.3,140.8
2026-03-19T20:37:24Z,475,870144,22861536,849.8,137.8
2026-03-19T20:37:25Z,476,614720,22606048,600.3,172.2
2026-03-19T20:37:26Z,477,614832,22606048,600.4,132.6
2026-03-19T20:37:27Z,478,635132,22626528,620.2,131.7
2026-03-19T20:37:28Z,479,755256,22747104,737.6,135.4
2026-03-19T20:37:29Z,480,872736,22864352,852.3,135.1
2026-03-19T20:37:30Z,481,541296,22532320,528.6,161.4
2026-03-19T20:37:31Z,482,541448,22532320,528.8,130.8
2026-03-19T20:37:32Z,483,607320,22599136,593.1,134.0
2026-03-19T20:37:33Z,484,725244,22716640,708.2,135.4
2026-03-19T20:37:34Z,485,586924,22578144,573.2,164.1
2026-03-19T20:37:35Z,486,587160,22578144,573.4,132.4
2026-03-19T20:37:36Z,487,609268,22601440,595.0,133.4
2026-03-19T20:37:38Z,488,729456,22721760,712.4,134.2
2026-03-19T20:37:39Z,489,840604,22832864,820.9,167.9
2026-03-19T20:37:40Z,490,594604,22586336,580.7,133.4
2026-03-19T20:37:41Z,491,594920,22586336,581.0,131.3
2026-03-19T20:37:42Z,492,657360,22649568,642.0,129.8
2026-03-19T20:37:43Z,493,774800,22766560,756.6,134.3
2026-03-19T20:37:44Z,494,608176,22599904,593.9,164.0
2026-03-19T20:37:45Z,495,608488,22599904,594.2,134.0
2026-03-19T20:37:46Z,496,608488,22599904,594.2,134.1
2026-03-19T20:37:47Z,497,677428,22669280,661.6,136.3
2026-03-19T20:37:48Z,498,795140,22787040,776.5,140.4
2026-03-19T20:37:49Z,499,596080,22587872,582.1,170.6
2026-03-19T20:37:50Z,500,596224,22587872,582.2,134.2
2026-03-19T20:37:51Z,501,596224,22587872,582.2,134.4
2026-03-19T20:37:53Z,502,678004,22670048,662.1,136.0
2026-03-19T20:37:54Z,503,798472,22790624,779.8,136.0
2026-03-19T20:37:55Z,504,609164,22601184,594.9,166.1
2026-03-19T20:37:56Z,505,609388,22601184,595.1,131.4
2026-03-19T20:37:57Z,506,609388,22601184,595.1,129.7
2026-03-19T20:37:58Z,507,686104,22678240,670.0,135.2
2026-03-19T20:37:59Z,508,803256,22794720,784.4,137.2
2026-03-19T20:38:00Z,509,541076,22532576,528.4,168.8
2026-03-19T20:38:01Z,510,541284,22532576,528.6,131.5
2026-03-19T20:38:02Z,511,540704,22532576,528.0,133.2
2026-03-19T20:38:03Z,512,658448,22651104,643.0,138.0
2026-03-19T20:38:04Z,513,553344,22545888,540.4,169.2
2026-03-19T20:38:05Z,514,553680,22545888,540.7,131.7
2026-03-19T20:38:07Z,515,554724,22545888,541.7,132.5
2026-03-19T20:38:08Z,516,665564,22656992,650.0,135.5
2026-03-19T20:38:09Z,517,777072,22768608,758.9,129.0
2026-03-19T20:38:10Z,518,777076,22768608,758.9,0.0
2026-03-19T20:38:11Z,519,780612,22772192,762.3,8.4
2026-03-19T20:38:12Z,520,506832,22498016,495.0,159.8
2026-03-19T20:38:13Z,521,507028,22498016,495.1,133.6
2026-03-19T20:38:14Z,522,567092,22558688,553.8,132.7
2026-03-19T20:38:15Z,523,687664,22679264,671.5,135.2
2026-03-19T20:38:16Z,524,560708,22552288,547.6,165.8
2026-03-19T20:38:17Z,525,560880,22552288,547.7,131.5
2026-03-19T20:38:18Z,526,577036,22568672,563.5,128.9
2026-03-19T20:38:19Z,527,698140,22689760,681.8,136.7
2026-03-19T20:38:20Z,528,819028,22810848,799.8,134.4
2026-03-19T20:38:22Z,529,572052,22563040,558.6,168.4
2026-03-19T20:38:23Z,530,572052,22563040,558.6,131.4
2026-03-19T20:38:24Z,531,625284,22616544,610.6,133.9
2026-03-19T20:38:25Z,532,747592,22739936,730.1,139.5
2026-03-19T20:38:26Z,533,861868,22854368,841.7,168.8
2026-03-19T20:38:27Z,534,578792,22570720,565.2,137.3
2026-03-19T20:38:28Z,535,579320,22570720,565.7,130.9
2026-03-19T20:38:29Z,536,657052,22649056,641.7,136.0
2026-03-19T20:38:30Z,537,776760,22768352,758.6,135.5
2026-03-19T20:38:31Z,538,889224,22881248,868.4,172.7
2026-03-19T20:38:32Z,539,628980,22620384,614.2,133.5
2026-03-19T20:38:33Z,540,629224,22620384,614.5,130.2
2026-03-19T20:38:34Z,541,666144,22657504,650.5,133.5
2026-03-19T20:38:35Z,542,787568,22779104,769.1,137.1
2026-03-19T20:38:37Z,543,753736,22746336,736.1,162.2
2026-03-19T20:38:38Z,544,562128,22553312,549.0,131.8
2026-03-19T20:38:39Z,545,562128,22553312,549.0,133.4
2026-03-19T20:38:40Z,546,643556,22635232,628.5,136.0
2026-03-19T20:38:41Z,547,761256,22752224,743.4,136.8
2026-03-19T20:38:42Z,548,579944,22571488,566.4,168.6
2026-03-19T20:38:43Z,549,580008,22571488,566.4,122.6
2026-03-19T20:38:44Z,550,619408,22611936,604.9,139.8
2026-03-19T20:38:45Z,551,736968,22729440,719.7,137.2
2026-03-19T20:38:46Z,552,854812,22846944,834.8,136.7
2026-03-19T20:38:47Z,553,604020,22596064,589.9,166.6
2026-03-19T20:38:48Z,554,604192,22596064,590.0,135.2
2026-03-19T20:38:49Z,555,612720,22604768,598.4,131.6
2026-03-19T20:38:50Z,556,733416,22725856,716.2,138.8
2026-03-19T20:38:52Z,557,850100,22842080,830.2,136.1
2026-03-19T20:38:53Z,558,548332,22540000,535.5,166.7
2026-03-19T20:38:54Z,559,548436,22540000,535.6,130.8
2026-03-19T20:38:55Z,560,585052,22576864,571.3,131.7
2026-03-19T20:38:56Z,561,706396,22698208,689.8,135.4
2026-03-19T20:38:57Z,562,572112,22563808,558.7,161.7
2026-03-19T20:38:58Z,563,572272,22563808,558.9,130.5
2026-03-19T20:38:59Z,564,584268,22576096,570.6,132.3
2026-03-19T20:39:00Z,565,705108,22696672,688.6,134.3
2026-03-19T20:39:01Z,566,825072,22816480,805.7,135.4
2026-03-19T20:39:02Z,567,606716,22598112,592.5,163.3
2026-03-19T20:39:03Z,568,606772,22598112,592.6,130.2
2026-03-19T20:39:04Z,569,605924,22598112,591.7,134.0
2026-03-19T20:39:06Z,570,716976,22709728,700.2,137.1
2026-03-19T20:39:07Z,571,560524,22553056,547.4,166.9
2026-03-19T20:39:08Z,572,560788,22553056,547.6,132.3
2026-03-19T20:39:09Z,573,603616,22596320,589.5,131.6
2026-03-19T20:39:10Z,574,721676,22713568,704.8,134.5
2026-03-19T20:39:11Z,575,838580,22830304,818.9,130.9
2026-03-19T20:39:12Z,576,838580,22830304,818.9,0.0
2026-03-19T20:39:13Z,577,838612,22830304,819.0,0.9
2026-03-19T20:39:14Z,578,543328,22534880,530.6,166.2
2026-03-19T20:39:15Z,579,543392,22534880,530.7,131.9
2026-03-19T20:39:16Z,580,454916,22446560,444.3,164.5
2026-03-19T20:39:17Z,581,477220,22469344,466.0,130.3
2026-03-19T20:39:18Z,582,598260,22589664,584.2,136.1
2026-03-19T20:39:19Z,583,721072,22713312,704.2,135.0
2026-03-19T20:39:21Z,584,538644,22530528,526.0,165.0
2026-03-19T20:39:22Z,585,539392,22530528,526.8,134.2
2026-03-19T20:39:23Z,586,592504,22584288,578.6,134.2
2026-03-19T20:39:24Z,587,710364,22702048,693.7,139.2
2026-03-19T20:39:25Z,588,830280,22822112,810.8,137.1
2026-03-19T20:39:26Z,589,563988,22555616,550.8,170.7
2026-03-19T20:39:27Z,590,564008,22555616,550.8,136.2
2026-03-19T20:39:28Z,591,597224,22589152,583.2,134.3
2026-03-19T20:39:29Z,592,717080,22709216,700.3,138.0
2026-03-19T20:39:30Z,593,833048,22825948,813.5,137.4
2026-03-19T20:39:31Z,594,540044,22532064,527.4,169.9
2026-03-19T20:39:32Z,595,541028,22532064,528.3,129.6
2026-03-19T20:39:33Z,596,603752,22595040,589.6,129.7
2026-03-19T20:39:34Z,597,724396,22716128,707.4,136.9
2026-03-19T20:39:36Z,598,841600,22833376,821.9,137.0
2026-03-19T20:39:37Z,599,505808,22497504,494.0,164.2
2026-03-19T20:39:38Z,600,505884,22497504,494.0,130.5
2026-03-19T20:39:39Z,601,566244,22557920,553.0,133.3
2026-03-19T20:39:40Z,602,686196,22677728,670.1,135.8
2026-03-19T20:39:41Z,603,529684,22521056,517.3,167.8
2026-03-19T20:39:42Z,604,529784,22521056,517.4,131.4
2026-03-19T20:39:43Z,605,577536,22568928,564.0,134.1
2026-03-19T20:39:44Z,606,697920,22689504,681.6,137.3
2026-03-19T20:39:45Z,607,814832,22805984,795.7,137.8
2026-03-19T20:39:46Z,608,535608,22527200,523.1,164.7
2026-03-19T20:39:47Z,609,535844,22527200,523.3,132.6
2026-03-19T20:39:48Z,610,592492,22584032,578.6,135.3
2026-03-19T20:39:49Z,611,709368,22701024,692.7,131.8
2026-03-19T20:39:51Z,612,828808,22820320,809.4,136.9
2026-03-19T20:39:52Z,613,530516,22521824,518.1,163.5
2026-03-19T20:39:53Z,614,530824,22521824,518.4,133.4
2026-03-19T20:39:54Z,615,607600,22599648,593.4,137.9
2026-03-19T20:39:55Z,616,727840,22719712,710.8,138.0
2026-03-19T20:39:56Z,617,542528,22534880,529.8,167.8
2026-03-19T20:39:57Z,618,542528,22534880,529.8,131.8
2026-03-19T20:39:58Z,619,552468,22544352,539.5,132.5
2026-03-19T20:39:59Z,620,673416,22665440,657.6,137.2
2026-03-19T20:40:00Z,621,790668,22782432,772.1,136.9
2026-03-19T20:40:01Z,622,547688,22539488,534.9,169.6
2026-03-19T20:40:02Z,623,547820,22539488,535.0,134.4
2026-03-19T20:40:03Z,624,562032,22554080,548.9,130.4
2026-03-19T20:40:05Z,625,682452,22674400,666.5,137.1
2026-03-19T20:40:06Z,626,800336,22792160,781.6,136.9
2026-03-19T20:40:07Z,627,913980,22906592,892.6,158.0
2026-03-19T20:40:08Z,628,534688,22526176,522.2,139.8
2026-03-19T20:40:09Z,629,534792,22526176,522.3,133.2
2026-03-19T20:40:10Z,630,636876,22628576,621.9,135.5
2026-03-19T20:40:11Z,631,757040,22748640,739.3,136.8
2026-03-19T20:40:12Z,632,545552,22537184,532.8,169.7
2026-03-19T20:40:13Z,633,545552,22537184,532.8,132.1
2026-03-19T20:40:14Z,634,544572,22537184,531.8,15.8
2026-03-19T20:40:15Z,635,544572,22537184,531.8,0.0
2026-03-19T20:40:16Z,636,544572,22537184,531.8,0.0
2026-03-19T20:40:17Z,637,544572,22537184,531.8,0.0
2026-03-19T20:40:18Z,638,544572,22537184,531.8,0.0
2026-03-19T20:40:20Z,639,544572,22537184,531.8,0.0
2026-03-19T20:40:21Z,640,544572,22537184,531.8,0.0
2026-03-19T20:40:22Z,641,544572,22537184,531.8,0.0
2026-03-19T20:40:23Z,642,544572,22537184,531.8,0.0
2026-03-19T20:40:24Z,643,544572,22537184,531.8,0.0
2026-03-19T20:40:25Z,644,544572,22537184,531.8,0.0
2026-03-19T20:40:26Z,645,544572,22537184,531.8,0.0
2026-03-19T20:40:27Z,646,544572,22537184,531.8,0.0
2026-03-19T20:40:28Z,647,544572,22537184,531.8,0.0
2026-03-19T20:40:29Z,648,238996,22361824,233.4,45.0
2026-03-19T20:40:30Z,649,222020,22216672,216.8,54.8
2026-03-19T20:40:31Z,650,222012,22216416,216.8,7.4
2026-03-19T20:40:32Z,651,222012,22216416,216.8,0.0
2026-03-19T20:40:33Z,652,222012,22216416,216.8,0.0
2026-03-19T20:40:35Z,653,222012,22216416,216.8,0.0
2026-03-19T20:40:36Z,654,222012,22216416,216.8,0.0
2026-03-19T20:40:37Z,655,222048,22216416,216.8,0.0
2026-03-19T20:40:38Z,656,222048,22216416,216.8,0.0
2026-03-19T20:40:39Z,657,222048,22216416,216.8,0.0
2026-03-19T20:40:40Z,658,222048,22216416,216.8,0.0
2026-03-19T20:40:41Z,659,222048,22216416,216.8,0.0
2026-03-19T20:40:42Z,660,222048,22216416,216.8,0.0
2026-03-19T20:40:43Z,661,222048,22216416,216.8,0.0
2026-03-19T20:40:44Z,662,222048,22216416,216.8,0.0
2026-03-19T20:40:45Z,663,222048,22216416,216.8,0.0
2026-03-19T20:40:46Z,664,222060,22216416,216.9,0.0
2026-03-19T20:40:47Z,665,222060,22216416,216.9,0.0
2026-03-19T20:40:49Z,666,222060,22216416,216.9,0.0
2026-03-19T20:40:50Z,667,222060,22216416,216.9,0.0
2026-03-19T20:40:51Z,668,222060,22216416,216.9,0.0
2026-03-19T20:40:52Z,669,222060,22216416,216.9,0.0
2026-03-19T20:40:53Z,670,222060,22216416,216.9,0.0
2026-03-19T20:40:54Z,671,222060,22216416,216.9,0.0
2026-03-19T20:40:55Z,672,222060,22216416,216.9,0.0
2026-03-19T20:40:56Z,673,222072,22216416,216.9,0.0
2026-03-19T20:40:57Z,674,222072,22216416,216.9,0.0
2026-03-19T20:40:58Z,675,222072,22216416,216.9,0.0
2026-03-19T20:41:00Z,676,222072,22216416,216.9,0.0
2026-03-19T20:41:01Z,677,222072,22216416,216.9,0.0
2026-03-19T20:41:02Z,678,222072,22216416,216.9,0.0
2026-03-19T20:41:03Z,679,222072,22216416,216.9,0.0
2026-03-19T20:41:04Z,680,222072,22216416,216.9,0.0
2026-03-19T20:41:05Z,681,222072,22216416,216.9,0.0
2026-03-19T20:41:06Z,682,222084,22216416,216.9,0.9
2026-03-19T20:41:07Z,683,222084,22216416,216.9,0.0
2026-03-19T20:41:08Z,684,222084,22216416,216.9,0.0
2026-03-19T20:41:09Z,685,222084,22216416,216.9,0.0
2026-03-19T20:41:10Z,686,222084,22216416,216.9,0.0
2026-03-19T20:41:11Z,687,222084,22216416,216.9,0.0
2026-03-19T20:41:12Z,688,222084,22216416,216.9,0.0
2026-03-19T20:41:13Z,689,222084,22216416,216.9,0.0
2026-03-19T20:41:15Z,690,222084,22216416,216.9,0.0
2026-03-19T20:41:16Z,691,222084,22216416,216.9,0.0
2026-03-19T20:41:17Z,692,222096,22216416,216.9,0.0
2026-03-19T20:41:18Z,693,222096,22216416,216.9,0.0
2026-03-19T20:41:19Z,694,222096,22216416,216.9,0.0
2026-03-19T20:41:20Z,695,222096,22216416,216.9,0.0
2026-03-19T20:41:21Z,696,222096,22216416,216.9,0.0
2026-03-19T20:41:22Z,697,222096,22216416,216.9,0.0
2026-03-19T20:41:23Z,698,222096,22216416,216.9,0.0
2026-03-19T20:41:24Z,699,222096,22216416,216.9,0.0
2026-03-19T20:41:25Z,700,222096,22216416,216.9,0.0
2026-03-19T20:41:26Z,701,222108,22216416,216.9,0.9
2026-03-19T20:41:27Z,702,222108,22216416,216.9,0.0
2026-03-19T20:41:29Z,703,222108,22216416,216.9,0.0
2026-03-19T20:41:30Z,704,222108,22216416,216.9,0.0
2026-03-19T20:41:31Z,705,222108,22216416,216.9,0.0
2026-03-19T20:41:32Z,706,222108,22216416,216.9,0.0
2026-03-19T20:41:33Z,707,222108,22216416,216.9,0.0
2026-03-19T20:41:34Z,708,222108,22216416,216.9,0.0
2026-03-19T20:41:35Z,709,222108,22216416,216.9,0.0
2026-03-19T20:41:36Z,710,222120,22216416,216.9,0.0
2026-03-19T20:41:37Z,711,222120,22216416,216.9,0.0
2026-03-19T20:41:38Z,712,222120,22216416,216.9,0.0
2026-03-19T20:41:39Z,713,222120,22216416,216.9,0.0
2026-03-19T20:41:40Z,714,222120,22216416,216.9,0.0
2026-03-19T20:41:41Z,715,222120,22216416,216.9,0.0
2026-03-19T20:41:42Z,716,222120,22216416,216.9,0.0
2026-03-19T20:41:44Z,717,222120,22216416,216.9,0.0
2026-03-19T20:41:45Z,718,222120,22216416,216.9,0.0
2026-03-19T20:41:46Z,719,222120,22216416,216.9,0.0
