# run_id: sidecar_accounts_staking_info_20260322_204849_469222 | service: sidecar | endpoint: accounts_staking_info | process: node (PID 127215)
timestamp,elapsed_s,rss_kb,vsz_kb,rss_mb,cpu_pct
2026-03-22T20:48:50Z,0,124392,22123772,121.5,0.0
2026-03-22T20:48:51Z,1,124392,22123772,121.5,0.9
2026-03-22T20:48:52Z,2,124392,22123772,121.5,0.0
2026-03-22T20:48:53Z,3,124392,22123772,121.5,0.0
2026-03-22T20:48:54Z,4,124392,22123772,121.5,0.0
2026-03-22T20:48:55Z,5,124392,22123772,121.5,0.0
2026-03-22T20:48:57Z,6,124392,22123772,121.5,0.0
2026-03-22T20:48:58Z,7,124392,22123772,121.5,0.0
2026-03-22T20:48:59Z,8,124392,22123772,121.5,0.0
2026-03-22T20:49:00Z,9,124392,22123772,121.5,0.0
2026-03-22T20:49:01Z,10,124392,22123772,121.5,0.0
2026-03-22T20:49:02Z,11,124392,22123772,121.5,0.0
2026-03-22T20:49:03Z,12,124392,22123772,121.5,0.0
2026-03-22T20:49:04Z,13,124392,22123772,121.5,0.0
2026-03-22T20:49:05Z,14,124392,22123772,121.5,0.0
2026-03-22T20:49:06Z,15,124392,22123772,121.5,0.0
2026-03-22T20:49:07Z,16,124392,22123772,121.5,0.0
2026-03-22T20:49:08Z,17,124392,22123772,121.5,0.0
2026-03-22T20:49:09Z,18,124392,22123772,121.5,0.0
2026-03-22T20:49:10Z,19,124392,22123772,121.5,0.0
2026-03-22T20:49:12Z,20,124392,22123772,121.5,0.0
2026-03-22T20:49:13Z,21,124392,22123772,121.5,0.0
2026-03-22T20:49:14Z,22,124392,22123772,121.5,0.0
2026-03-22T20:49:15Z,23,124392,22123772,121.5,0.0
2026-03-22T20:49:16Z,24,124392,22123772,121.5,0.0
2026-03-22T20:49:17Z,25,124392,22123772,121.5,0.0
2026-03-22T20:49:18Z,26,124392,22123772,121.5,0.0
2026-03-22T20:49:19Z,27,124392,22123772,121.5,0.0
2026-03-22T20:49:20Z,28,124392,22123772,121.5,0.0
2026-03-22T20:49:21Z,29,124392,22123772,121.5,0.0
2026-03-22T20:49:22Z,30,124392,22123772,121.5,0.0
2026-03-22T20:49:23Z,31,124392,22123772,121.5,0.0
2026-03-22T20:49:24Z,32,124392,22123772,121.5,0.0
2026-03-22T20:49:26Z,33,124392,22123772,121.5,0.0
2026-03-22T20:49:27Z,34,124392,22123772,121.5,0.0
2026-03-22T20:49:28Z,35,124392,22123772,121.5,0.0
2026-03-22T20:49:29Z,36,124392,22123772,121.5,0.0
2026-03-22T20:49:30Z,37,124392,22123772,121.5,0.0
2026-03-22T20:49:31Z,38,124392,22123772,121.5,0.0
2026-03-22T20:49:32Z,39,124392,22123772,121.5,0.0
2026-03-22T20:49:33Z,40,124392,22123772,121.5,0.0
2026-03-22T20:49:34Z,41,124392,22123772,121.5,0.0
2026-03-22T20:49:35Z,42,124392,22123772,121.5,0.0
2026-03-22T20:49:36Z,43,124392,22123772,121.5,0.0
2026-03-22T20:49:37Z,44,124392,22123772,121.5,0.0
2026-03-22T20:49:38Z,45,124392,22123772,121.5,0.0
2026-03-22T20:49:40Z,46,124392,22123772,121.5,0.0
2026-03-22T20:49:41Z,47,124392,22123772,121.5,0.0
2026-03-22T20:49:42Z,48,124392,22123772,121.5,0.0
2026-03-22T20:49:43Z,49,124392,22123772,121.5,0.0
2026-03-22T20:49:44Z,50,124392,22123772,121.5,0.0
2026-03-22T20:49:45Z,51,124392,22123772,121.5,0.0
2026-03-22T20:49:46Z,52,124392,22123772,121.5,0.0
2026-03-22T20:49:47Z,53,124392,22123772,121.5,0.0
2026-03-22T20:49:48Z,54,124392,22123772,121.5,0.0
2026-03-22T20:49:49Z,55,124392,22123772,121.5,0.0
2026-03-22T20:49:50Z,56,188380,22183696,184.0,144.1
2026-03-22T20:49:51Z,57,285064,22278832,278.4,178.8
2026-03-22T20:49:52Z,58,296944,22291096,290.0,68.1
2026-03-22T20:49:53Z,59,307112,22301220,299.9,79.4
2026-03-22T20:49:55Z,60,311588,22305572,304.3,91.2
2026-03-22T20:49:56Z,61,313208,22307620,305.9,73.8
2026-03-22T20:49:57Z,62,316528,22309924,309.1,71.9
2026-03-22T20:49:58Z,63,319892,22313508,312.4,85.7
2026-03-22T20:49:59Z,64,335448,22328100,327.6,93.2
2026-03-22T20:50:00Z,65,347184,22339620,339.0,122.3
2026-03-22T20:50:01Z,66,369640,22362744,361.0,124.8
2026-03-22T20:50:02Z,67,395844,22388392,386.6,120.1
2026-03-22T20:50:03Z,68,392096,22385556,382.9,160.3
2026-03-22T20:50:04Z,69,391428,22385556,382.3,110.8
2026-03-22T20:50:05Z,70,391496,22385556,382.3,107.0
2026-03-22T20:50:06Z,71,392060,22385556,382.9,117.6
2026-03-22T20:50:07Z,72,407752,22401684,398.2,109.1
2026-03-22T20:50:08Z,73,430116,22423444,420.0,111.3
2026-03-22T20:50:10Z,74,452872,22445460,442.3,113.3
2026-03-22T20:50:11Z,75,483288,22476180,472.0,111.8
2026-03-22T20:50:12Z,76,496496,22489236,484.9,107.0
2026-03-22T20:50:13Z,77,525776,22518932,513.5,113.9
2026-03-22T20:50:14Z,78,544904,22537876,532.1,110.0
2026-03-22T20:50:15Z,79,559940,22552724,546.8,108.2
2026-03-22T20:50:16Z,80,591884,22585128,578.0,115.5
2026-03-22T20:50:17Z,81,602068,22594856,588.0,107.1
2026-03-22T20:50:18Z,82,637176,22630644,622.2,115.5
2026-03-22T20:50:19Z,83,654080,22647028,638.8,111.3
2026-03-22T20:50:20Z,84,678936,22672196,663.0,111.8
2026-03-22T20:50:21Z,85,696556,22689604,680.2,107.4
2026-03-22T20:50:22Z,86,723536,22716416,706.6,113.6
2026-03-22T20:50:24Z,87,736540,22729728,719.3,107.3
2026-03-22T20:50:25Z,88,758044,22751000,740.3,111.2
2026-03-22T20:50:26Z,89,777268,22770612,759.1,107.9
2026-03-22T20:50:27Z,90,803928,22796772,785.1,112.0
2026-03-22T20:50:28Z,91,828240,22820968,808.8,110.9
2026-03-22T20:50:29Z,92,855008,22847924,835.0,109.2
2026-03-22T20:50:30Z,93,887124,22880624,866.3,114.4
2026-03-22T20:50:31Z,94,913548,22906396,892.1,114.5
2026-03-22T20:50:32Z,95,585240,22577832,571.5,144.5
2026-03-22T20:50:33Z,96,585240,22577832,571.5,39.0
2026-03-22T20:50:34Z,97,585240,22577832,571.5,17.7
2026-03-22T20:50:35Z,98,585240,22577832,571.5,34.5
2026-03-22T20:50:36Z,99,585240,22577832,571.5,45.8
2026-03-22T20:50:37Z,100,585240,22577832,571.5,48.5
2026-03-22T20:50:39Z,101,585240,22577832,571.5,35.4
2026-03-22T20:50:40Z,102,585240,22577832,571.5,46.8
2026-03-22T20:50:41Z,103,585240,22577832,571.5,46.7
2026-03-22T20:50:42Z,104,585240,22577832,571.5,50.4
2026-03-22T20:50:43Z,105,585240,22577832,571.5,53.3
2026-03-22T20:50:44Z,106,585240,22577832,571.5,49.4
2026-03-22T20:50:45Z,107,585620,22577832,571.9,119.3
2026-03-22T20:50:46Z,108,585880,22577832,572.1,108.2
2026-03-22T20:50:47Z,109,585932,22577832,572.2,105.4
2026-03-22T20:50:48Z,110,585932,22577832,572.2,105.4
2026-03-22T20:50:49Z,111,585936,22577832,572.2,107.3
2026-03-22T20:50:50Z,112,585940,22577832,572.2,111.7
2026-03-22T20:50:51Z,113,585940,22577832,572.2,106.6
2026-03-22T20:50:52Z,114,585944,22577832,572.2,106.5
2026-03-22T20:50:54Z,115,585944,22577832,572.2,107.3
2026-03-22T20:50:55Z,116,585948,22577832,572.2,107.9
2026-03-22T20:50:56Z,117,585948,22577832,572.2,113.0
2026-03-22T20:50:57Z,118,585948,22577832,572.2,105.5
2026-03-22T20:50:58Z,119,587984,22579880,574.2,106.1
2026-03-22T20:50:59Z,120,596440,22588840,582.5,106.2
2026-03-22T20:51:00Z,121,609072,22601640,594.8,108.3
2026-03-22T20:51:01Z,122,633968,22625960,619.1,113.1
2026-03-22T20:51:02Z,123,642040,22633896,627.0,106.3
2026-03-22T20:51:03Z,124,658484,22650536,643.1,106.5
2026-03-22T20:51:04Z,125,666620,22658984,651.0,105.5
2026-03-22T20:51:05Z,126,674004,22665896,658.2,106.5
2026-03-22T20:51:06Z,127,702636,22694568,686.2,114.5
2026-03-22T20:51:07Z,128,710736,22702504,694.1,108.1
2026-03-22T20:51:09Z,129,722408,22714280,705.5,105.4
2026-03-22T20:51:10Z,130,731700,22724008,714.6,108.1
2026-03-22T20:51:11Z,131,756852,22748840,739.1,109.1
2026-03-22T20:51:12Z,132,784764,22776744,766.4,112.3
2026-03-22T20:51:13Z,133,794588,22786216,776.0,105.5
2026-03-22T20:51:14Z,134,812228,22804136,793.2,110.1
2026-03-22T20:51:15Z,135,821760,22813608,802.5,106.4
2026-03-22T20:51:16Z,136,831676,22823848,812.2,108.5
2026-03-22T20:51:17Z,137,865360,22857128,845.1,114.1
2026-03-22T20:51:18Z,138,880320,22872232,859.7,107.1
2026-03-22T20:51:19Z,139,892232,22883752,871.3,108.2
2026-03-22T20:51:20Z,140,906544,22898344,885.3,107.2
2026-03-22T20:51:21Z,141,915900,22907816,894.4,106.5
2026-03-22T20:51:22Z,142,950304,22942376,928.0,116.6
2026-03-22T20:51:24Z,143,963108,22954920,940.5,107.6
2026-03-22T20:51:25Z,144,976984,22969256,954.1,108.6
2026-03-22T20:51:26Z,145,986356,22977960,963.2,108.2
2026-03-22T20:51:27Z,146,556068,22548648,543.0,151.4
2026-03-22T20:51:28Z,147,556068,22548648,543.0,112.8
2026-03-22T20:51:29Z,148,556128,22548648,543.1,115.7
2026-03-22T20:51:30Z,149,556304,22548648,543.3,111.6
2026-03-22T20:51:31Z,150,556304,22548648,543.3,107.1
2026-03-22T20:51:32Z,151,556416,22548648,543.4,105.7
2026-03-22T20:51:33Z,152,556440,22548648,543.4,113.6
2026-03-22T20:51:34Z,153,556440,22548648,543.4,109.0
2026-03-22T20:51:35Z,154,556576,22548648,543.5,107.3
2026-03-22T20:51:36Z,155,556584,22548648,543.5,108.0
2026-03-22T20:51:37Z,156,556584,22548648,543.5,106.4
2026-03-22T20:51:39Z,157,556612,22548648,543.6,110.3
2026-03-22T20:51:40Z,158,560032,22551464,546.9,112.8
2026-03-22T20:51:41Z,159,578408,22570152,564.9,109.9
2026-03-22T20:51:42Z,160,586924,22578344,573.2,106.0
2026-03-22T20:51:43Z,161,597628,22589096,583.6,107.2
2026-03-22T20:51:44Z,162,536980,22528424,524.4,144.9
2026-03-22T20:51:45Z,163,536980,22528424,524.4,110.8
2026-03-22T20:51:46Z,164,537068,22528424,524.5,107.9
2026-03-22T20:51:47Z,165,537084,22528424,524.5,106.4
2026-03-22T20:51:48Z,166,537084,22528424,524.5,106.1
2026-03-22T20:51:49Z,167,537084,22528424,524.5,111.1
2026-03-22T20:51:50Z,168,537292,22528424,524.7,111.2
2026-03-22T20:51:51Z,169,537292,22528424,524.7,105.3
2026-03-22T20:51:52Z,170,537312,22528424,524.7,105.7
2026-03-22T20:51:54Z,171,537312,22528424,524.7,106.5
2026-03-22T20:51:55Z,172,537456,22528424,524.9,90.2
2026-03-22T20:51:56Z,173,537460,22528424,524.9,111.2
2026-03-22T20:51:57Z,174,566724,22558120,553.4,117.5
2026-03-22T20:51:58Z,175,605232,22597032,591.0,113.4
2026-03-22T20:51:59Z,176,635668,22626984,620.8,112.9
2026-03-22T20:52:00Z,177,668772,22660008,653.1,114.5
2026-03-22T20:52:01Z,178,704092,22695336,687.6,114.7
2026-03-22T20:52:02Z,179,736132,22727592,718.9,112.8
2026-03-22T20:52:03Z,180,769348,22760616,751.3,113.7
2026-03-22T20:52:04Z,181,804544,22795944,785.7,116.4
2026-03-22T20:52:05Z,182,834536,22825896,815.0,112.8
2026-03-22T20:52:06Z,183,853164,22844840,833.2,109.2
2026-03-22T20:52:08Z,184,897024,22888408,876.0,118.8
2026-03-22T20:52:09Z,185,920500,22911960,898.9,107.6
2026-03-22T20:52:10Z,186,955312,22947020,932.9,115.0
2026-03-22T20:52:11Z,187,614192,22606092,599.8,157.7
2026-03-22T20:52:12Z,188,614192,22606092,599.8,114.0
2026-03-22T20:52:13Z,189,614348,22606092,599.9,114.6
2026-03-22T20:52:14Z,190,614348,22606092,599.9,108.5
2026-03-22T20:52:15Z,191,614352,22606092,600.0,113.1
2026-03-22T20:52:16Z,192,614356,22606092,600.0,111.4
2026-03-22T20:52:17Z,193,614360,22606092,600.0,112.4
2026-03-22T20:52:18Z,194,614492,22606092,600.1,111.2
2026-03-22T20:52:19Z,195,633276,22624524,618.4,112.1
2026-03-22T20:52:20Z,196,655260,22646540,639.9,109.9
2026-03-22T20:52:21Z,197,683888,22675212,667.9,111.7
2026-03-22T20:52:23Z,198,716104,22707468,699.3,114.6
2026-03-22T20:52:24Z,199,749548,22741260,732.0,112.9
2026-03-22T20:52:25Z,200,771108,22762252,753.0,111.8
2026-03-22T20:52:26Z,201,794364,22785804,775.7,111.0
2026-03-22T20:52:27Z,202,824668,22816268,805.3,115.6
2026-03-22T20:52:28Z,203,857164,22848780,837.1,114.5
2026-03-22T20:52:29Z,204,874224,22865676,853.7,109.9
2026-03-22T20:52:30Z,205,903932,22895372,882.7,113.6
2026-03-22T20:52:31Z,206,933000,22924696,911.1,113.9
2026-03-22T20:52:32Z,207,967128,22958800,944.5,112.9
2026-03-22T20:52:33Z,208,984016,22975440,961.0,109.7
2026-03-22T20:52:34Z,209,1014604,23005992,990.8,112.3
2026-03-22T20:52:35Z,210,1047244,23038700,1022.7,114.0
2026-03-22T20:52:36Z,211,1066132,23057900,1041.1,110.9
2026-03-22T20:52:38Z,212,1097196,23088412,1071.5,114.9
2026-03-22T20:52:39Z,213,646440,22637852,631.3,161.7
2026-03-22T20:52:40Z,214,646440,22637852,631.3,107.5
2026-03-22T20:52:41Z,215,646480,22637852,631.3,117.4
2026-03-22T20:52:42Z,216,646480,22637852,631.3,112.8
2026-03-22T20:52:43Z,217,646480,22637852,631.3,109.2
2026-03-22T20:52:44Z,218,646480,22637852,631.3,110.2
2026-03-22T20:52:45Z,219,646532,22637852,631.4,131.4
2026-03-22T20:52:46Z,220,490772,22481436,479.3,134.5
2026-03-22T20:52:47Z,221,490772,22481436,479.3,115.8
2026-03-22T20:52:48Z,222,490784,22481436,479.3,115.4
2026-03-22T20:52:49Z,223,490788,22481436,479.3,109.2
2026-03-22T20:52:50Z,224,490788,22481436,479.3,111.7
2026-03-22T20:52:51Z,225,519072,22510108,506.9,115.4
2026-03-22T20:52:53Z,226,534436,22525468,521.9,108.9
2026-03-22T20:52:54Z,227,562412,22553884,549.2,116.3
2026-03-22T20:52:55Z,228,578172,22569244,564.6,108.6
2026-03-22T20:52:56Z,229,609156,22599964,594.9,112.1
2026-03-22T20:52:57Z,230,637400,22628380,622.5,112.3
2026-03-22T20:52:58Z,231,655032,22646300,639.7,107.9
2026-03-22T20:52:59Z,232,683316,22674972,667.3,113.6
2026-03-22T20:53:00Z,233,708548,22700060,691.9,114.7
2026-03-22T20:53:01Z,234,731924,22723100,714.8,109.9
2026-03-22T20:53:02Z,235,762084,22753308,744.2,113.6
2026-03-22T20:53:03Z,236,774668,22765852,756.5,108.7
2026-03-22T20:53:04Z,237,802628,22793756,783.8,113.1
2026-03-22T20:53:05Z,238,822748,22814236,803.5,110.7
2026-03-22T20:53:07Z,239,849728,22841116,829.8,111.6
2026-03-22T20:53:08Z,240,879568,22871068,859.0,114.8
2026-03-22T20:53:09Z,241,893712,22884636,872.8,108.2
2026-03-22T20:53:10Z,242,924940,22916124,903.3,113.5
2026-03-22T20:53:11Z,243,937364,22928668,915.4,107.3
2026-03-22T20:53:12Z,244,968212,22959388,945.5,111.9
2026-03-22T20:53:13Z,245,997180,22988316,973.8,111.8
2026-03-22T20:53:14Z,246,1013312,23004700,989.6,112.7
2026-03-22T20:53:15Z,247,595892,22587164,581.9,155.8
2026-03-22T20:53:16Z,248,595892,22587164,581.9,108.0
2026-03-22T20:53:17Z,249,595892,22587164,581.9,114.4
2026-03-22T20:53:18Z,250,595892,22587164,581.9,109.0
2026-03-22T20:53:19Z,251,595920,22587164,582.0,110.8
2026-03-22T20:53:20Z,252,595920,22587164,582.0,112.8
2026-03-22T20:53:22Z,253,595920,22587164,582.0,106.2
2026-03-22T20:53:23Z,254,595932,22587164,582.0,112.8
2026-03-22T20:53:24Z,255,595932,22587164,582.0,108.0
2026-03-22T20:53:25Z,256,612524,22603548,598.2,112.5
2026-03-22T20:53:26Z,257,626100,22617628,611.4,108.9
2026-03-22T20:53:27Z,258,575292,22566172,561.8,151.5
2026-03-22T20:53:28Z,259,575292,22566172,561.8,106.9
2026-03-22T20:53:29Z,260,575300,22566172,561.8,114.9
2026-03-22T20:53:30Z,261,575412,22566172,561.9,108.8
2026-03-22T20:53:31Z,262,575416,22566172,561.9,113.0
2026-03-22T20:53:32Z,263,575416,22566172,561.9,111.3
2026-03-22T20:53:33Z,264,575464,22566172,562.0,106.5
2026-03-22T20:53:34Z,265,575532,22566172,562.0,113.3
2026-03-22T20:53:35Z,266,575532,22566172,562.0,108.0
2026-03-22T20:53:37Z,267,595664,22586652,581.7,112.9
2026-03-22T20:53:38Z,268,612112,22603548,597.8,109.9
2026-03-22T20:53:39Z,269,638084,22628892,623.1,111.9
2026-03-22T20:53:40Z,270,653508,22645020,638.2,108.9
2026-03-22T20:53:41Z,271,680928,22672156,665.0,111.9
2026-03-22T20:53:42Z,272,693560,22684444,677.3,106.2
2026-03-22T20:53:43Z,273,723500,22714396,706.5,112.0
2026-03-22T20:53:44Z,274,734200,22725148,717.0,106.3
2026-03-22T20:53:45Z,275,766960,22758172,749.0,112.9
2026-03-22T20:53:46Z,276,781408,22772252,763.1,107.4
2026-03-22T20:53:47Z,277,808524,22799388,789.6,112.7
2026-03-22T20:53:48Z,278,823536,22814236,804.2,108.1
2026-03-22T20:53:49Z,279,854280,22845724,834.3,113.0
2026-03-22T20:53:50Z,280,865812,22856988,845.5,108.4
2026-03-22T20:53:52Z,281,895176,22886428,874.2,115.6
2026-03-22T20:53:53Z,282,908244,22899228,887.0,107.1
2026-03-22T20:53:54Z,283,934856,22925852,912.9,113.6
2026-03-22T20:53:55Z,284,950388,22941468,928.1,108.8
2026-03-22T20:53:56Z,285,977284,22968348,954.4,112.6
2026-03-22T20:53:57Z,286,992428,22983452,969.2,108.2
2026-03-22T20:53:58Z,287,1017712,23008796,993.9,112.2
2026-03-22T20:53:59Z,288,1032404,23023644,1008.2,108.0
2026-03-22T20:54:00Z,289,1047248,23038492,1022.7,107.7
2026-03-22T20:54:01Z,290,1061944,23052828,1037.1,129.3
2026-03-22T20:54:02Z,291,501572,22492444,489.8,136.4
2026-03-22T20:54:03Z,292,501704,22492444,489.9,112.0
2026-03-22T20:54:04Z,293,501824,22492444,490.1,113.7
2026-03-22T20:54:05Z,294,501948,22492444,490.2,111.7
2026-03-22T20:54:07Z,295,501948,22492444,490.2,109.6
2026-03-22T20:54:08Z,296,504652,22495772,492.8,123.9
2026-03-22T20:54:09Z,297,479832,22470940,468.6,140.9
2026-03-22T20:54:10Z,298,479832,22470940,468.6,109.1
2026-03-22T20:54:11Z,299,479976,22470940,468.7,112.7
2026-03-22T20:54:12Z,300,479976,22470940,468.7,111.9
2026-03-22T20:54:13Z,301,499852,22490652,488.1,113.8
2026-03-22T20:54:14Z,302,522680,22513436,510.4,111.0
2026-03-22T20:54:15Z,303,539588,22530588,526.9,109.1
2026-03-22T20:54:16Z,304,585712,22576668,572.0,120.1
2026-03-22T20:54:17Z,305,602004,22593052,587.9,107.9
2026-03-22T20:54:18Z,306,628524,22619420,613.8,113.6
2026-03-22T20:54:19Z,307,659836,22650652,644.4,111.9
2026-03-22T20:54:20Z,308,691596,22682908,675.4,114.0
2026-03-22T20:54:22Z,309,708268,22699548,691.7,108.4
2026-03-22T20:54:23Z,310,735744,22726940,718.5,114.3
2026-03-22T20:54:24Z,311,767936,22758940,749.9,113.0
2026-03-22T20:54:25Z,312,798116,22789660,779.4,114.0
2026-03-22T20:54:26Z,313,814912,22805788,795.8,108.8
2026-03-22T20:54:27Z,314,840728,22831644,821.0,111.8
2026-03-22T20:54:28Z,315,868688,22859548,848.3,112.6
2026-03-22T20:54:29Z,316,900752,22892060,879.6,113.8
2026-03-22T20:54:30Z,317,916400,22907164,894.9,107.3
2026-03-22T20:54:31Z,318,941540,22932764,919.5,111.8
2026-03-22T20:54:32Z,319,955952,22946844,933.5,107.0
2026-03-22T20:54:33Z,320,994012,22984988,970.7,140.3
2026-03-22T20:54:34Z,321,598228,22589212,584.2,132.2
2026-03-22T20:54:36Z,322,598316,22589212,584.3,111.1
2026-03-22T20:54:37Z,323,598400,22589212,584.4,108.2
2026-03-22T20:54:38Z,324,598572,22589212,584.5,115.0
2026-03-22T20:54:39Z,325,598572,22589212,584.5,112.6
2026-03-22T20:54:40Z,326,598572,22589212,584.5,108.5
2026-03-22T20:54:41Z,327,598628,22589212,584.6,111.1
2026-03-22T20:54:42Z,328,598796,22589212,584.8,111.8
2026-03-22T20:54:43Z,329,598796,22589212,584.8,109.0
2026-03-22T20:54:44Z,330,605656,22596892,591.5,111.8
2026-03-22T20:54:45Z,331,632584,22623772,617.8,113.7
2026-03-22T20:54:46Z,332,647636,22638620,632.5,108.0
2026-03-22T20:54:47Z,333,676672,22667548,660.8,114.4
2026-03-22T20:54:48Z,334,706456,22697500,689.9,113.8
2026-03-22T20:54:49Z,335,724376,22715164,707.4,108.2
2026-03-22T20:54:51Z,336,752596,22743836,735.0,113.2
2026-03-22T20:54:52Z,337,767744,22758684,749.8,108.8
2026-03-22T20:54:53Z,338,798876,22789660,780.2,112.1
2026-03-22T20:54:54Z,339,823252,22814492,804.0,114.5
2026-03-22T20:54:55Z,340,841712,22832924,822.0,108.8
2026-03-22T20:54:56Z,341,871296,22862364,850.9,112.8
2026-03-22T20:54:57Z,342,883120,22874396,862.4,109.1
2026-03-22T20:54:58Z,343,913244,22904604,891.8,112.9
2026-03-22T20:54:59Z,344,933628,22924572,911.7,111.7
2026-03-22T20:55:00Z,345,956552,22947612,934.1,110.0
2026-03-22T20:55:01Z,346,982640,22973724,959.6,112.9
2026-03-22T20:55:02Z,347,992576,22983708,969.3,106.6
2026-03-22T20:55:03Z,348,1019540,23010588,995.6,112.6
2026-03-22T20:55:04Z,349,1039084,23030044,1014.7,110.3
2026-03-22T20:55:06Z,350,625692,22616604,611.0,150.6
2026-03-22T20:55:07Z,351,625692,22616604,611.0,110.7
2026-03-22T20:55:08Z,352,625692,22616604,611.0,108.1
2026-03-22T20:55:09Z,353,625692,22616604,611.0,108.1
2026-03-22T20:55:10Z,354,625692,22616604,611.0,115.5
2026-03-22T20:55:11Z,355,625692,22616604,611.0,113.8
2026-03-22T20:55:12Z,356,625692,22616604,611.0,106.4
2026-03-22T20:55:13Z,357,625692,22616604,611.0,110.3
2026-03-22T20:55:14Z,358,625692,22616604,611.0,108.2
2026-03-22T20:55:15Z,359,625692,22616604,611.0,111.6
2026-03-22T20:55:16Z,360,625700,22616604,611.0,112.8
2026-03-22T20:55:17Z,361,625700,22616604,611.0,108.3
2026-03-22T20:55:18Z,362,640344,22631196,625.3,110.9
2026-03-22T20:55:19Z,363,650296,22640924,635.1,106.9
2026-03-22T20:55:21Z,364,681488,22672412,665.5,113.5
2026-03-22T20:55:22Z,365,711468,22702620,694.8,113.9
2026-03-22T20:55:23Z,366,722340,22713116,705.4,108.3
2026-03-22T20:55:24Z,367,737216,22728732,719.9,107.8
2026-03-22T20:55:25Z,368,761292,22752284,743.4,112.8
2026-03-22T20:55:26Z,369,774104,22764828,756.0,108.2
2026-03-22T20:55:27Z,370,802568,22793756,783.8,112.9
2026-03-22T20:55:28Z,371,831732,22822684,812.2,113.2
2026-03-22T20:55:29Z,372,843276,22833948,823.5,108.1
2026-03-22T20:55:30Z,373,868708,22859548,848.3,110.9
2026-03-22T20:55:31Z,374,881632,22872348,861.0,108.1
2026-03-22T20:55:32Z,375,909912,22900764,888.6,113.8
2026-03-22T20:55:33Z,376,924072,22915100,902.4,107.2
2026-03-22T20:55:34Z,377,953904,22944796,931.5,111.2
2026-03-22T20:55:36Z,378,964344,22955036,941.7,107.0
2026-03-22T20:55:37Z,379,989252,22979868,966.1,112.6
2026-03-22T20:55:38Z,380,1003140,22994460,979.6,107.4
2026-03-22T20:55:39Z,381,990988,22982428,967.8,156.2
2026-03-22T20:55:40Z,382,650560,22641436,635.3,114.3
2026-03-22T20:55:41Z,383,650560,22641436,635.3,113.8
2026-03-22T20:55:42Z,384,650560,22641436,635.3,107.7
2026-03-22T20:55:43Z,385,650560,22641436,635.3,114.6
2026-03-22T20:55:44Z,386,650572,22641436,635.3,106.6
2026-03-22T20:55:45Z,387,650580,22641436,635.3,113.4
2026-03-22T20:55:46Z,388,650580,22641436,635.3,108.2
2026-03-22T20:55:47Z,389,650640,22641436,635.4,113.1
2026-03-22T20:55:48Z,390,650640,22641436,635.4,106.2
2026-03-22T20:55:50Z,391,650684,22641436,635.4,111.1
2026-03-22T20:55:51Z,392,650684,22641436,635.4,105.4
2026-03-22T20:55:52Z,393,650684,22641436,635.4,110.9
2026-03-22T20:55:53Z,394,650684,22641436,635.4,109.2
2026-03-22T20:55:54Z,395,660976,22651932,645.5,109.2
2026-03-22T20:55:55Z,396,676704,22667804,660.8,107.1
2026-03-22T20:55:56Z,397,704580,22695452,688.1,110.8
2026-03-22T20:55:57Z,398,716708,22707228,699.9,107.2
2026-03-22T20:55:58Z,399,743360,22734108,725.9,112.9
2026-03-22T20:55:59Z,400,775504,22766620,757.3,112.8
2026-03-22T20:56:00Z,401,786180,22777116,767.8,106.5
2026-03-22T20:56:01Z,402,801124,22792220,782.3,107.6
2026-03-22T20:56:02Z,403,825924,22817052,806.6,110.3
2026-03-22T20:56:03Z,404,839032,22829852,819.4,107.2
2026-03-22T20:56:05Z,405,867232,22857756,846.9,111.7
2026-03-22T20:56:06Z,406,883536,22874396,862.8,107.6
2026-03-22T20:56:07Z,407,896916,22887964,875.9,106.6
2026-03-22T20:56:08Z,408,915688,22906652,894.2,97.3
2026-03-22T20:56:09Z,409,941848,22932252,919.8,109.2
2026-03-22T20:56:10Z,410,984704,22975772,961.6,117.0
2026-03-22T20:56:11Z,411,1004888,22995740,981.3,109.3
2026-03-22T20:56:12Z,412,877108,22867996,856.6,150.7
2026-03-22T20:56:13Z,413,612916,22603804,598.6,126.9
2026-03-22T20:56:14Z,414,612976,22603804,598.6,113.1
2026-03-22T20:56:15Z,415,613008,22603804,598.6,111.1
2026-03-22T20:56:16Z,416,613304,22603804,598.9,112.7
2026-03-22T20:56:17Z,417,613316,22603804,598.9,110.8
2026-03-22T20:56:18Z,418,613316,22603804,598.9,110.2
2026-03-22T20:56:20Z,419,613316,22603804,598.9,111.1
2026-03-22T20:56:21Z,420,633424,22624284,618.6,112.0
2026-03-22T20:56:22Z,421,667752,22658844,652.1,113.8
2026-03-22T20:56:23Z,422,698340,22689052,682.0,112.2
2026-03-22T20:56:24Z,423,727548,22718492,710.5,112.5
2026-03-22T20:56:25Z,424,752568,22743836,734.9,110.8
2026-03-22T20:56:26Z,425,791724,22782748,773.2,114.5
2026-03-22T20:56:27Z,426,808728,22799644,789.8,108.1
2026-03-22T20:56:28Z,427,841700,22832412,822.0,112.2
2026-03-22T20:56:29Z,428,874088,22864924,853.6,111.0
2026-03-22T20:56:30Z,429,906272,22897436,885.0,115.6
2026-03-22T20:56:31Z,430,612584,22603548,598.2,152.9
2026-03-22T20:56:32Z,431,612684,22603548,598.3,110.7
2026-03-22T20:56:33Z,432,612772,22603548,598.4,117.2
2026-03-22T20:56:35Z,433,612868,22603548,598.5,112.1
2026-03-22T20:56:36Z,434,612888,22603548,598.5,110.2
2026-03-22T20:56:37Z,435,612888,22603548,598.5,110.1
2026-03-22T20:56:38Z,436,612900,22603548,598.5,112.8
2026-03-22T20:56:39Z,437,612904,22603548,598.5,113.8
2026-03-22T20:56:40Z,438,620980,22611740,606.4,111.8
2026-03-22T20:56:41Z,439,639644,22630172,624.7,110.6
2026-03-22T20:56:42Z,440,572904,22563612,559.5,152.0
2026-03-22T20:56:43Z,441,572904,22563612,559.5,113.0
2026-03-22T20:56:44Z,442,572984,22563612,559.6,115.4
2026-03-22T20:56:45Z,443,572984,22563612,559.6,109.3
2026-03-22T20:56:46Z,444,572984,22563612,559.6,112.1
2026-03-22T20:56:47Z,445,572984,22563612,559.6,110.0
2026-03-22T20:56:48Z,446,572984,22563612,559.6,109.2
2026-03-22T20:56:50Z,447,577060,22567964,563.5,114.7
2026-03-22T20:56:51Z,448,611744,22602524,597.4,114.4
2026-03-22T20:56:52Z,449,641060,22631964,626.0,114.7
2026-03-22T20:56:53Z,450,654604,22645020,639.3,107.8
2026-03-22T20:56:54Z,451,685724,22676252,669.7,112.8
2026-03-22T20:56:55Z,452,716304,22707228,699.5,115.3
2026-03-22T20:56:56Z,453,731768,22722588,714.6,108.9
2026-03-22T20:56:57Z,454,760756,22751772,742.9,111.4
2026-03-22T20:56:58Z,455,784492,22775324,766.1,112.1
2026-03-22T20:56:59Z,456,806024,22796828,787.1,108.2
2026-03-22T20:57:00Z,457,835696,22826524,816.1,112.8
2026-03-22T20:57:01Z,458,864020,22854684,843.8,113.1
2026-03-22T20:57:02Z,459,879180,22869788,858.6,108.3
2026-03-22T20:57:03Z,460,907020,22897692,885.8,112.8
2026-03-22T20:57:05Z,461,938360,22929180,916.4,115.6
2026-03-22T20:57:06Z,462,953532,22944284,931.2,108.9
2026-03-22T20:57:07Z,463,980456,22970652,957.5,112.4
2026-03-22T20:57:08Z,464,995576,22986268,972.2,107.8
2026-03-22T20:57:09Z,465,1025180,23015964,1001.2,112.8
2026-03-22T20:57:10Z,466,654516,22645020,639.2,160.1
2026-03-22T20:57:11Z,467,654516,22645020,639.2,107.3
2026-03-22T20:57:12Z,468,654516,22645020,639.2,114.6
2026-03-22T20:57:13Z,469,654676,22645020,639.3,109.0
2026-03-22T20:57:14Z,470,654688,22645020,639.3,117.3
2026-03-22T20:57:15Z,471,654688,22645020,639.3,111.8
2026-03-22T20:57:16Z,472,654828,22645020,639.5,107.9
2026-03-22T20:57:17Z,473,654828,22645020,639.5,110.6
2026-03-22T20:57:19Z,474,654828,22645020,639.5,107.3
2026-03-22T20:57:20Z,475,654948,22645020,639.6,113.1
2026-03-22T20:57:21Z,476,654948,22645020,639.6,111.0
2026-03-22T20:57:22Z,477,654948,22645020,639.6,107.1
2026-03-22T20:57:23Z,478,672516,22663708,656.8,112.1
2026-03-22T20:57:24Z,479,687768,22678812,671.6,107.6
2026-03-22T20:57:25Z,480,718196,22709020,701.4,112.1
2026-03-22T20:57:26Z,481,748512,22738972,731.0,114.8
2026-03-22T20:57:27Z,482,760924,22752028,743.1,108.3
2026-03-22T20:57:28Z,483,792152,22782748,773.6,113.8
2026-03-22T20:57:29Z,484,806112,22796572,787.2,108.0
2026-03-22T20:57:30Z,485,833556,22824476,814.0,112.1
2026-03-22T20:57:31Z,486,849360,22840092,829.5,109.8
2026-03-22T20:57:32Z,487,879612,22870556,859.0,110.9
2026-03-22T20:57:34Z,488,898064,22888476,877.0,108.3
2026-03-22T20:57:35Z,489,922820,22913564,901.2,109.1
2026-03-22T20:57:36Z,490,936612,22926876,914.7,107.3
2026-03-22T20:57:37Z,491,966476,22957084,943.8,111.6
2026-03-22T20:57:38Z,492,993108,22983452,969.8,112.0
2026-03-22T20:57:39Z,493,1005804,22996508,982.2,106.6
2026-03-22T20:57:40Z,494,1035124,23025692,1010.9,112.8
2026-03-22T20:57:41Z,495,1051004,23041820,1026.4,107.8
2026-03-22T20:57:42Z,496,679600,22670620,663.7,162.4
2026-03-22T20:57:43Z,497,679600,22670620,663.7,108.3
2026-03-22T20:57:44Z,498,679600,22670620,663.7,112.5
2026-03-22T20:57:45Z,499,679600,22670620,663.7,108.1
2026-03-22T20:57:46Z,500,679600,22670620,663.7,115.0
2026-03-22T20:57:47Z,501,679600,22670620,663.7,107.3
2026-03-22T20:57:49Z,502,679600,22670620,663.7,113.0
2026-03-22T20:57:50Z,503,679600,22670620,663.7,107.3
2026-03-22T20:57:51Z,504,679660,22670620,663.7,112.7
2026-03-22T20:57:52Z,505,679660,22670620,663.7,114.6
2026-03-22T20:57:53Z,506,679660,22670620,663.7,108.0
2026-03-22T20:57:54Z,507,679660,22670620,663.7,107.1
2026-03-22T20:57:55Z,508,679660,22670620,663.7,110.9
2026-03-22T20:57:56Z,509,679660,22670620,663.7,111.1
2026-03-22T20:57:57Z,510,696504,22687260,680.2,110.0
2026-03-22T20:57:58Z,511,725388,22716444,708.4,113.7
2026-03-22T20:57:59Z,512,738456,22728988,721.1,107.2
2026-03-22T20:58:00Z,513,751052,22741532,733.4,109.5
2026-03-22T20:58:01Z,514,781560,22772252,763.2,113.4
2026-03-22T20:58:02Z,515,801424,22792476,782.6,113.5
2026-03-22T20:58:04Z,516,820888,22811676,801.6,109.2
2026-03-22T20:58:05Z,517,835188,22826012,815.6,108.1
2026-03-22T20:58:06Z,518,859536,22850076,839.4,112.0
2026-03-22T20:58:07Z,519,878068,22868764,857.5,110.8
2026-03-22T20:58:08Z,520,901244,22891548,880.1,110.5
2026-03-22T20:58:09Z,521,929556,22920220,907.8,114.3
2026-03-22T20:58:10Z,522,942940,22933532,920.8,106.4
2026-03-22T20:58:11Z,523,954104,22944796,931.7,106.1
2026-03-22T20:58:12Z,524,978612,22968860,955.7,111.1
2026-03-22T20:58:13Z,525,994928,22985500,971.6,109.4
2026-03-22T20:58:14Z,526,1013156,23003932,989.4,100.8
2026-03-22T20:58:15Z,527,1042700,23033372,1018.3,112.9
2026-03-22T20:58:16Z,528,1067952,23058716,1042.9,112.7
2026-03-22T20:58:17Z,529,607740,22598172,593.5,155.7
2026-03-22T20:58:19Z,530,607740,22598172,593.5,112.0
2026-03-22T20:58:20Z,531,607744,22598172,593.5,111.1
2026-03-22T20:58:21Z,532,607776,22598172,593.5,115.7
2026-03-22T20:58:22Z,533,607804,22598172,593.6,110.1
2026-03-22T20:58:23Z,534,607852,22598172,593.6,113.5
2026-03-22T20:58:24Z,535,607860,22598172,593.6,113.6
2026-03-22T20:58:25Z,536,607860,22598172,593.6,111.1
2026-03-22T20:58:26Z,537,607860,22598172,593.6,111.0
2026-03-22T20:58:27Z,538,641056,22631708,626.0,114.0
2026-03-22T20:58:28Z,539,659620,22650140,644.2,110.8
2026-03-22T20:58:29Z,540,686680,22677020,670.6,111.8
2026-03-22T20:58:30Z,541,719752,22710044,702.9,113.6
2026-03-22T20:58:31Z,542,753052,22744092,735.4,111.9
2026-03-22T20:58:33Z,543,782892,22773532,764.5,113.0
2026-03-22T20:58:34Z,544,806204,22797592,787.3,111.5
2026-03-22T20:58:35Z,545,835920,22826012,816.3,112.6
2026-03-22T20:58:36Z,546,867668,22858780,847.3,113.6
2026-03-22T20:58:37Z,547,897880,22888476,876.8,112.8
2026-03-22T20:58:38Z,548,927520,22918172,905.8,115.8
2026-03-22T20:58:39Z,549,953500,22944028,931.2,112.2
2026-03-22T20:58:40Z,550,978072,22968860,955.1,111.0
2026-03-22T20:58:41Z,551,642888,22633500,627.8,162.2
2026-03-22T20:58:42Z,552,642888,22633500,627.8,115.6
2026-03-22T20:58:43Z,553,642964,22633500,627.9,110.9
2026-03-22T20:58:44Z,554,642968,22633500,627.9,114.6
2026-03-22T20:58:45Z,555,642968,22633500,627.9,113.5
2026-03-22T20:58:46Z,556,642968,22633500,627.9,107.7
2026-03-22T20:58:48Z,557,642968,22633500,627.9,112.7
2026-03-22T20:58:49Z,558,642968,22633500,627.9,111.7
2026-03-22T20:58:50Z,559,642968,22633500,627.9,113.6
2026-03-22T20:58:51Z,560,642968,22633500,627.9,108.3
2026-03-22T20:58:52Z,561,672484,22662940,656.7,113.3
2026-03-22T20:58:53Z,562,702744,22693404,686.3,115.7
2026-03-22T20:58:54Z,563,719116,22709276,702.3,108.1
2026-03-22T20:58:55Z,564,750452,22741532,732.9,115.6
2026-03-22T20:58:56Z,565,778828,22769948,760.6,113.8
2026-03-22T20:58:57Z,566,802200,22792988,783.4,110.9
2026-03-22T20:58:58Z,567,826684,22817308,807.3,111.8
2026-03-22T20:58:59Z,568,857388,22848028,837.3,116.5
2026-03-22T20:59:00Z,569,873668,22863900,853.2,108.1
2026-03-22T20:59:01Z,570,903636,22894108,882.5,113.8
2026-03-22T20:59:03Z,571,932444,22923548,910.6,113.8
2026-03-22T20:59:04Z,572,948304,22938908,926.1,109.8
2026-03-22T20:59:05Z,573,977928,22968860,955.0,112.8
2026-03-22T20:59:06Z,574,1000612,22991132,977.2,112.8
2026-03-22T20:59:07Z,575,1022180,23012892,998.2,109.8
2026-03-22T20:59:08Z,576,1050684,23041308,1026.1,112.8
2026-03-22T20:59:09Z,577,1072832,23063580,1047.7,110.9
2026-03-22T20:59:10Z,578,656496,22647068,641.1,153.5
2026-03-22T20:59:11Z,579,656496,22647068,641.1,115.5
2026-03-22T20:59:12Z,580,656496,22647068,641.1,112.7
2026-03-22T20:59:13Z,581,656648,22647068,641.3,111.9
2026-03-22T20:59:14Z,582,656648,22647068,641.3,111.7
2026-03-22T20:59:15Z,583,656648,22647068,641.3,108.2
2026-03-22T20:59:17Z,584,656648,22647068,641.3,112.2
2026-03-22T20:59:18Z,585,656648,22647068,641.3,114.4
2026-03-22T20:59:19Z,586,656648,22647068,641.3,107.8
2026-03-22T20:59:20Z,587,656648,22647068,641.3,113.5
2026-03-22T20:59:21Z,588,656404,22647068,641.0,112.6
2026-03-22T20:59:22Z,589,656404,22647068,641.0,111.7
2026-03-22T20:59:23Z,590,670056,22661404,654.4,111.7
2026-03-22T20:59:24Z,591,691600,22682140,675.4,109.6
2026-03-22T20:59:25Z,592,724288,22715164,707.3,111.9
2026-03-22T20:59:26Z,593,736600,22727708,719.3,108.3
2026-03-22T20:59:27Z,594,766928,22757660,749.0,113.5
2026-03-22T20:59:28Z,595,781676,22772252,763.4,109.8
2026-03-22T20:59:29Z,596,811452,22802716,792.4,113.6
2026-03-22T20:59:30Z,597,841188,22831900,821.5,115.6
2026-03-22T20:59:32Z,598,853992,22844444,834.0,107.5
2026-03-22T20:59:33Z,599,883648,22874908,862.9,112.8
2026-03-22T20:59:34Z,600,899852,22890524,878.8,109.9
2026-03-22T20:59:35Z,601,928292,22918940,906.5,112.8
2026-03-22T20:59:36Z,602,943464,22934300,921.4,109.1
2026-03-22T20:59:37Z,603,968280,22959132,945.6,112.0
2026-03-22T20:59:38Z,604,983416,22974236,960.4,107.2
2026-03-22T20:59:39Z,605,1009980,23000860,986.3,112.5
2026-03-22T20:59:40Z,606,672672,22663452,656.9,161.6
2026-03-22T20:59:41Z,607,672768,22663452,657.0,111.7
2026-03-22T20:59:42Z,608,672844,22663452,657.1,117.4
2026-03-22T20:59:43Z,609,672844,22663452,657.1,107.4
2026-03-22T20:59:44Z,610,672848,22663452,657.1,111.8
2026-03-22T20:59:45Z,611,672852,22663452,657.1,108.3
2026-03-22T20:59:47Z,612,672856,22663452,657.1,114.6
2026-03-22T20:59:48Z,613,672860,22663452,657.1,107.1
2026-03-22T20:59:49Z,614,672920,22663452,657.1,112.0
2026-03-22T20:59:50Z,615,672920,22663452,657.1,105.5
2026-03-22T20:59:51Z,616,672920,22663452,657.1,111.5
2026-03-22T20:59:52Z,617,672920,22663452,657.1,110.1
2026-03-22T20:59:53Z,618,672920,22663452,657.1,108.8
2026-03-22T20:59:54Z,619,678896,22669852,663.0,113.1
2026-03-22T20:59:55Z,620,692180,22682652,676.0,106.3
2026-03-22T20:59:56Z,621,703948,22694684,687.4,108.9
2026-03-22T20:59:57Z,622,732664,22723612,715.5,112.9
2026-03-22T20:59:58Z,623,764344,22754844,746.4,113.7
2026-03-22T20:59:59Z,624,777180,22767900,759.0,107.1
2026-03-22T21:00:01Z,625,805580,22796316,786.7,114.4
2026-03-22T21:00:02Z,626,816472,22807324,797.3,107.0
2026-03-22T21:00:03Z,627,830952,22821404,811.5,106.9
2026-03-22T21:00:04Z,628,861024,22851612,840.8,113.6
2026-03-22T21:00:05Z,629,891076,22881820,870.2,112.9
2026-03-22T21:00:06Z,630,905868,22896924,884.6,108.1
2026-03-22T21:00:07Z,631,932724,22923548,910.9,111.0
2026-03-22T21:00:08Z,632,943316,22933532,921.2,107.1
2026-03-22T21:00:09Z,633,957732,22948380,935.3,107.4
2026-03-22T21:00:10Z,634,702172,22693148,685.7,155.3
2026-03-22T21:00:11Z,635,702172,22693148,685.7,112.2
2026-03-22T21:00:12Z,636,702188,22693148,685.7,108.6
2026-03-22T21:00:13Z,637,702188,22693148,685.7,115.9
2026-03-22T21:00:14Z,638,702188,22693148,685.7,105.5
2026-03-22T21:00:16Z,639,702188,22693148,685.7,106.9
2026-03-22T21:00:17Z,640,702188,22693148,685.7,110.9
2026-03-22T21:00:18Z,641,702188,22693148,685.7,110.8
2026-03-22T21:00:19Z,642,702188,22693148,685.7,106.4
2026-03-22T21:00:20Z,643,702188,22693148,685.7,107.4
2026-03-22T21:00:21Z,644,702188,22693148,685.7,99.2
2026-03-22T21:00:22Z,645,702188,22693148,685.7,110.0
2026-03-22T21:00:23Z,646,702188,22693148,685.7,111.0
2026-03-22T21:00:24Z,647,702188,22693148,685.7,111.0
2026-03-22T21:00:25Z,648,714212,22704924,697.5,111.6
2026-03-22T21:00:26Z,649,742280,22733084,724.9,113.6
2026-03-22T21:00:27Z,650,772864,22763548,754.8,112.8
2026-03-22T21:00:28Z,651,799824,22790428,781.1,113.5
2026-03-22T21:00:29Z,652,830152,22820892,810.7,111.8
2026-03-22T21:00:31Z,653,861824,22852380,841.6,114.9
2026-03-22T21:00:32Z,654,887632,22878236,866.8,111.0
2026-03-22T21:00:33Z,655,906280,22896924,885.0,111.0
2026-03-22T21:00:34Z,656,942712,22933276,920.6,117.4
2026-03-22T21:00:35Z,657,967428,22958108,944.8,110.1
2026-03-22T21:00:36Z,658,994328,22985244,971.0,109.8
2026-03-22T21:00:37Z,659,1028228,23018780,1004.1,112.2
2026-03-22T21:00:38Z,660,1058364,23048988,1033.6,112.7
2026-03-22T21:00:39Z,661,1020412,23011356,996.5,152.2
2026-03-22T21:00:40Z,662,653308,22643996,638.0,111.9
2026-03-22T21:00:41Z,663,653472,22643996,638.2,112.8
2026-03-22T21:00:42Z,664,653516,22643996,638.2,111.6
2026-03-22T21:00:43Z,665,653748,22643996,638.4,114.6
2026-03-22T21:00:44Z,666,653748,22643996,638.4,108.0
2026-03-22T21:00:46Z,667,653748,22643996,638.4,111.7
2026-03-22T21:00:47Z,668,653832,22643996,638.5,112.8
2026-03-22T21:00:48Z,669,653832,22643996,638.5,111.8
2026-03-22T21:00:49Z,670,653832,22643996,638.5,106.5
2026-03-22T21:00:50Z,671,664068,22655004,648.5,111.8
2026-03-22T21:00:51Z,672,696560,22687516,680.2,114.6
2026-03-22T21:00:52Z,673,728280,22719260,711.2,113.7
2026-03-22T21:00:53Z,674,744140,22734620,726.7,107.3
2026-03-22T21:00:54Z,675,775268,22765852,757.1,113.6
2026-03-22T21:00:55Z,676,808028,22798620,789.1,112.0
2026-03-22T21:00:56Z,677,824648,22815260,805.3,108.2
2026-03-22T21:00:57Z,678,852920,22843932,832.9,112.9
2026-03-22T21:00:58Z,679,884124,22874396,863.4,111.9
2026-03-22T21:01:00Z,680,908064,22898716,886.8,110.9
2026-03-22T21:01:01Z,681,934708,22925596,912.8,110.8
2026-03-22T21:01:02Z,682,963228,22954268,940.7,111.8
2026-03-22T21:01:03Z,683,977408,22967836,954.5,108.2
2026-03-22T21:01:04Z,684,1011980,23002652,988.3,113.8
2026-03-22T21:01:05Z,685,1043500,23033884,1019.0,113.1
2026-03-22T21:01:06Z,686,1057552,23048220,1032.8,107.2
2026-03-22T21:01:07Z,687,1085740,23076380,1060.3,113.8
2026-03-22T21:01:08Z,688,658724,22649372,643.3,157.5
2026-03-22T21:01:09Z,689,658724,22649372,643.3,110.0
2026-03-22T21:01:10Z,690,658724,22649372,643.3,113.6
2026-03-22T21:01:11Z,691,658732,22649372,643.3,111.1
2026-03-22T21:01:12Z,692,658732,22649372,643.3,106.9
2026-03-22T21:01:13Z,693,658732,22649372,643.3,110.9
2026-03-22T21:01:15Z,694,658732,22649372,643.3,107.1
2026-03-22T21:01:16Z,695,658732,22649372,643.3,111.5
2026-03-22T21:01:17Z,696,658732,22649372,643.3,109.9
2026-03-22T21:01:18Z,697,658732,22649372,643.3,107.3
2026-03-22T21:01:19Z,698,658732,22649372,643.3,111.2
2026-03-22T21:01:20Z,699,670804,22661404,655.1,110.8
2026-03-22T21:01:21Z,700,686620,22677532,670.5,108.3
2026-03-22T21:01:22Z,701,715192,22706460,698.4,112.9
2026-03-22T21:01:23Z,702,731152,22722076,714.0,108.4
2026-03-22T21:01:24Z,703,759424,22750236,741.6,114.0
2026-03-22T21:01:25Z,704,789552,22780700,771.0,146.2
2026-03-22T21:01:26Z,705,644032,22634780,628.9,110.7
2026-03-22T21:01:27Z,706,644040,22634780,628.9,113.3
2026-03-22T21:01:28Z,707,644040,22634780,628.9,107.9
2026-03-22T21:01:30Z,708,644040,22634780,628.9,118.3
2026-03-22T21:01:31Z,709,644040,22634780,628.9,108.0
2026-03-22T21:01:32Z,710,644040,22634780,628.9,109.1
2026-03-22T21:01:33Z,711,644088,22634780,629.0,111.9
2026-03-22T21:01:34Z,712,644120,22634780,629.0,108.0
2026-03-22T21:01:35Z,713,644120,22634780,629.0,113.6
2026-03-22T21:01:36Z,714,644120,22634780,629.0,108.0
2026-03-22T21:01:37Z,715,644120,22634780,629.0,112.2
2026-03-22T21:01:38Z,716,645188,22635292,630.1,110.0
2026-03-22T21:01:39Z,717,666808,22658076,651.2,110.8
2026-03-22T21:01:40Z,718,690332,22681116,674.2,113.4
2026-03-22T21:01:41Z,719,712776,22703388,696.1,108.3
2026-03-22T21:01:42Z,720,741080,22731804,723.7,112.9
2026-03-22T21:01:43Z,721,757472,22748188,739.7,107.9
2026-03-22T21:01:45Z,722,783528,22774044,765.2,113.7
2026-03-22T21:01:46Z,723,799368,22790172,780.6,110.0
2026-03-22T21:01:47Z,724,826540,22817052,807.2,113.8
2026-03-22T21:01:48Z,725,842840,22833692,823.1,108.2
2026-03-22T21:01:49Z,726,871544,22862364,851.1,113.6
2026-03-22T21:01:50Z,727,885868,22876444,865.1,108.9
2026-03-22T21:01:51Z,728,912340,22903068,891.0,110.1
2026-03-22T21:01:52Z,729,928120,22918940,906.4,108.0
2026-03-22T21:01:53Z,730,959716,22950684,937.2,112.8
2026-03-22T21:01:54Z,731,980268,22970908,957.3,111.2
2026-03-22T21:01:55Z,732,999224,22989596,975.8,107.9
2026-03-22T21:01:56Z,733,667708,22658332,652.1,155.4
2026-03-22T21:01:57Z,734,667708,22658332,652.1,105.5
2026-03-22T21:01:59Z,735,667708,22658332,652.1,106.0
2026-03-22T21:02:00Z,736,667708,22658332,652.1,112.6
2026-03-22T21:02:01Z,737,667732,22658332,652.1,114.8
2026-03-22T21:02:02Z,738,667732,22658332,652.1,107.1
2026-03-22T21:02:03Z,739,667732,22658332,652.1,110.0
2026-03-22T21:02:04Z,740,667732,22658332,652.1,106.6
2026-03-22T21:02:05Z,741,667732,22658332,652.1,111.2
2026-03-22T21:02:06Z,742,667732,22658332,652.1,106.2
2026-03-22T21:02:07Z,743,667732,22658332,652.1,112.0
2026-03-22T21:02:08Z,744,667732,22658332,652.1,106.6
2026-03-22T21:02:09Z,745,667732,22658332,652.1,110.1
2026-03-22T21:02:10Z,746,667732,22658332,652.1,107.1
2026-03-22T21:02:11Z,747,667732,22658332,652.1,110.0
2026-03-22T21:02:12Z,748,681724,22672156,665.7,108.8
2026-03-22T21:02:14Z,749,709208,22700060,692.6,113.4
2026-03-22T21:02:15Z,750,723032,22713372,706.1,107.4
2026-03-22T21:02:16Z,751,751324,22742300,733.7,111.7
2026-03-22T21:02:17Z,752,763960,22754588,746.1,108.4
2026-03-22T21:02:18Z,753,791388,22781980,772.8,115.5
2026-03-22T21:02:19Z,754,806548,22797596,787.6,107.5
2026-03-22T21:02:20Z,755,836376,22827036,816.8,113.3
2026-03-22T21:02:21Z,756,847212,22837532,827.4,107.8
2026-03-22T21:02:22Z,757,873548,22864412,853.1,112.3
2026-03-22T21:02:23Z,758,886228,22876956,865.5,107.0
2026-03-22T21:02:24Z,759,914220,22904860,892.8,112.7
2026-03-22T21:02:25Z,760,930840,22921756,909.0,108.6
2026-03-22T21:02:26Z,761,945288,22935836,923.1,109.0
2026-03-22T21:02:27Z,762,967096,22958108,944.4,100.0
2026-03-22T21:02:29Z,763,995272,22986012,971.9,111.9
2026-03-22T21:02:30Z,764,585732,22576668,572.0,156.1
2026-03-22T21:02:31Z,765,585828,22576668,572.1,117.1
2026-03-22T21:02:32Z,766,586016,22576668,572.3,111.3
2026-03-22T21:02:33Z,767,586064,22576668,572.3,117.0
2026-03-22T21:02:34Z,768,586064,22576668,572.3,109.1
2026-03-22T21:02:35Z,769,586064,22576668,572.3,112.9
2026-03-22T21:02:36Z,770,586148,22576668,572.4,118.2
2026-03-22T21:02:37Z,771,587288,22578204,573.5,108.8
2026-03-22T21:02:38Z,772,619464,22610204,604.9,112.8
2026-03-22T21:02:39Z,773,655452,22646300,640.1,116.2
2026-03-22T21:02:40Z,774,684768,22675484,668.7,111.7
2026-03-22T21:02:41Z,775,713236,22703900,696.5,111.7
2026-03-22T21:02:42Z,776,745928,22736924,728.4,113.7
2026-03-22T21:02:44Z,777,774768,22765596,756.6,112.9
2026-03-22T21:02:45Z,778,803788,22794524,784.9,113.0
2026-03-22T21:02:46Z,779,838548,22829596,818.9,115.6
2026-03-22T21:02:47Z,780,868860,22859292,848.5,112.7
2026-03-22T21:02:48Z,781,885172,22875420,864.4,108.2
2026-03-22T21:02:49Z,782,917516,22908444,896.0,112.6
2026-03-22T21:02:50Z,783,950948,22941468,928.7,113.3
2026-03-22T21:02:51Z,784,642080,22632988,627.0,155.6
2026-03-22T21:02:52Z,785,642080,22632988,627.0,111.9
2026-03-22T21:02:53Z,786,642080,22632988,627.0,113.9
2026-03-22T21:02:54Z,787,642080,22632988,627.0,112.0
2026-03-22T21:02:55Z,788,642080,22632988,627.0,108.0
2026-03-22T21:02:56Z,789,642120,22632988,627.1,112.8
2026-03-22T21:02:57Z,790,642120,22632988,627.1,112.6
2026-03-22T21:02:59Z,791,642120,22632988,627.1,112.7
2026-03-22T21:03:00Z,792,642120,22632988,627.1,107.2
2026-03-22T21:03:01Z,793,656216,22647068,640.8,111.9
2026-03-22T21:03:02Z,794,689456,22680092,673.3,113.9
2026-03-22T21:03:03Z,795,718384,22709276,701.5,112.1
2026-03-22T21:03:04Z,796,734028,22724636,716.8,108.0
2026-03-22T21:03:05Z,797,761812,22752540,744.0,111.9
2026-03-22T21:03:06Z,798,795408,22786332,776.8,112.9
2026-03-22T21:03:07Z,799,823760,22814236,804.5,111.2
2026-03-22T21:03:08Z,800,839500,22829852,819.8,107.9
2026-03-22T21:03:09Z,801,868376,22859292,848.0,113.6
2026-03-22T21:03:10Z,802,900116,22890780,879.0,113.6
2026-03-22T21:03:11Z,803,931680,22922268,909.8,111.3
2026-03-22T21:03:12Z,804,946092,22937116,923.9,107.9
2026-03-22T21:03:14Z,805,973368,22963740,950.6,111.9
2026-03-22T21:03:15Z,806,1005308,22995996,981.7,113.6
2026-03-22T21:03:16Z,807,1021628,23012380,997.7,106.8
2026-03-22T21:03:17Z,808,1050872,23041308,1026.2,112.5
2026-03-22T21:03:18Z,809,1074604,23065512,1049.4,110.9
2026-03-22T21:03:19Z,810,675088,22665896,659.3,158.2
2026-03-22T21:03:20Z,811,675096,22665896,659.3,115.7
2026-03-22T21:03:21Z,812,675096,22665896,659.3,113.9
2026-03-22T21:03:22Z,813,675096,22665896,659.3,107.2
2026-03-22T21:03:23Z,814,675096,22665896,659.3,110.1
2026-03-22T21:03:24Z,815,675116,22665896,659.3,111.7
2026-03-22T21:03:25Z,816,675116,22665896,659.3,107.0
2026-03-22T21:03:26Z,817,675116,22665896,659.3,113.7
2026-03-22T21:03:28Z,818,675116,22665896,659.3,107.2
2026-03-22T21:03:29Z,819,675116,22665896,659.3,111.9
2026-03-22T21:03:30Z,820,675116,22665896,659.3,110.6
2026-03-22T21:03:31Z,821,681388,22671784,665.4,107.9
2026-03-22T21:03:32Z,822,711652,22701992,695.0,114.6
2026-03-22T21:03:33Z,823,725260,22716072,708.3,110.2
2026-03-22T21:03:34Z,824,756792,22747304,739.1,113.6
2026-03-22T21:03:35Z,825,786132,22777000,767.7,113.7
2026-03-22T21:03:36Z,826,799344,22790056,780.6,106.0
2026-03-22T21:03:37Z,827,829248,22819496,809.8,112.5
2026-03-22T21:03:38Z,828,851628,22842536,831.7,111.8
2026-03-22T21:03:39Z,829,872880,22863528,852.4,108.2
2026-03-22T21:03:40Z,830,901532,22892456,880.4,114.0
2026-03-22T21:03:41Z,831,917596,22908840,896.1,108.0
2026-03-22T21:03:43Z,832,945220,22935464,923.1,113.2
2026-03-22T21:03:44Z,833,960528,22951080,938.0,106.5
2026-03-22T21:03:45Z,834,988572,22978984,965.4,113.0
2026-03-22T21:03:46Z,835,1015820,23006376,992.0,112.3
2026-03-22T21:03:47Z,836,1029876,23020456,1005.7,107.7
2026-03-22T21:03:48Z,837,1054912,23045288,1030.2,110.9
2026-03-22T21:03:49Z,838,1072216,23063208,1047.1,107.1
2026-03-22T21:03:50Z,839,679916,22670760,664.0,160.8
2026-03-22T21:03:51Z,840,679916,22670760,664.0,107.2
2026-03-22T21:03:52Z,841,679916,22670760,664.0,113.8
2026-03-22T21:03:53Z,842,679916,22670760,664.0,109.5
2026-03-22T21:03:54Z,843,679916,22670760,664.0,110.8
2026-03-22T21:03:55Z,844,679916,22670760,664.0,111.0
2026-03-22T21:03:56Z,845,679916,22670760,664.0,106.6
2026-03-22T21:03:58Z,846,679916,22670760,664.0,111.9
2026-03-22T21:03:59Z,847,679916,22670760,664.0,108.1
2026-03-22T21:04:00Z,848,679916,22670760,664.0,112.1
2026-03-22T21:04:01Z,849,679916,22670760,664.0,106.5
2026-03-22T21:04:02Z,850,679916,22670760,664.0,110.9
2026-03-22T21:04:03Z,851,679916,22670760,664.0,109.0
2026-03-22T21:04:04Z,852,680052,22670760,664.1,108.2
2026-03-22T21:04:05Z,853,681816,22672040,665.8,106.9
2026-03-22T21:04:06Z,854,712228,22703016,695.5,114.0
2026-03-22T21:04:07Z,855,737532,22727848,720.2,110.9
2026-03-22T21:04:08Z,856,751248,22742184,733.6,108.0
2026-03-22T21:04:09Z,857,780788,22771880,762.5,114.8
2026-03-22T21:04:10Z,858,792152,22783144,773.6,108.1
2026-03-22T21:04:11Z,859,818992,22809512,799.8,112.7
2026-03-22T21:04:13Z,860,835064,22825640,815.5,109.1
2026-03-22T21:04:14Z,861,861736,22852264,841.5,113.0
2026-03-22T21:04:15Z,862,874000,22864808,853.5,107.5
2026-03-22T21:04:16Z,863,903260,22893736,882.1,112.2
2026-03-22T21:04:17Z,864,916636,22907048,895.2,107.8
2026-03-22T21:04:18Z,865,944536,22935208,922.4,112.0
2026-03-22T21:04:19Z,866,958952,22950056,936.5,108.4
2026-03-22T21:04:20Z,867,988388,22978728,965.2,113.4
2026-03-22T21:04:21Z,868,1000208,22991016,976.8,107.5
2026-03-22T21:04:22Z,869,703296,22693800,686.8,151.0
2026-03-22T21:04:23Z,870,703296,22693800,686.8,106.2
2026-03-22T21:04:24Z,871,703328,22693800,686.8,113.6
2026-03-22T21:04:25Z,872,703340,22693800,686.9,108.1
2026-03-22T21:04:26Z,873,703352,22693800,686.9,113.6
2026-03-22T21:04:28Z,874,703352,22693800,686.9,107.3
2026-03-22T21:04:29Z,875,703352,22693800,686.9,109.6
2026-03-22T21:04:30Z,876,703352,22693800,686.9,106.7
2026-03-22T21:04:31Z,877,703352,22693800,686.9,113.1
2026-03-22T21:04:32Z,878,703352,22693800,686.9,107.1
2026-03-22T21:04:33Z,879,703484,22693800,687.0,107.6
2026-03-22T21:04:34Z,880,703484,22693800,687.0,100.2
2026-03-22T21:04:35Z,881,703620,22693800,687.1,110.8
2026-03-22T21:04:36Z,882,703620,22693800,687.1,109.8
2026-03-22T21:04:37Z,883,703620,22693800,687.1,115.4
2026-03-22T21:04:38Z,884,726112,22716840,709.1,113.0
2026-03-22T21:04:39Z,885,759668,22750632,741.9,112.5
2026-03-22T21:04:40Z,886,795180,22785960,776.5,113.8
2026-03-22T21:04:41Z,887,818856,22809512,799.7,111.8
2026-03-22T21:04:43Z,888,849256,22839720,829.4,113.7
2026-03-22T21:04:44Z,889,884796,22875560,864.1,111.9
2026-03-22T21:04:45Z,890,902244,22892712,881.1,110.6
2026-03-22T21:04:46Z,891,931732,22922152,909.9,112.8
2026-03-22T21:04:47Z,892,971180,22962088,948.4,114.0
2026-03-22T21:04:48Z,893,994384,22985128,971.1,110.2
2026-03-22T21:04:49Z,894,1024708,23015592,1000.7,112.1
2026-03-22T21:04:50Z,895,633828,22624680,619.0,155.1
2026-03-22T21:04:51Z,896,633828,22624680,619.0,112.0
2026-03-22T21:04:52Z,897,633836,22624680,619.0,111.9
2026-03-22T21:04:53Z,898,633836,22624680,619.0,113.7
2026-03-22T21:04:54Z,899,633836,22624680,619.0,112.9
2026-03-22T21:04:55Z,900,633836,22624680,619.0,111.0
2026-03-22T21:04:56Z,901,633836,22624680,619.0,109.9
2026-03-22T21:04:58Z,902,633836,22624680,619.0,114.6
2026-03-22T21:04:59Z,903,633836,22624680,619.0,110.7
2026-03-22T21:05:00Z,904,633836,22624680,619.0,108.3
2026-03-22T21:05:01Z,905,654772,22645160,639.4,113.7
2026-03-22T21:05:02Z,906,686644,22677160,670.6,114.5
2026-03-22T21:05:03Z,907,719832,22710440,703.0,112.8
2026-03-22T21:05:04Z,908,735268,22725800,718.0,109.9
2026-03-22T21:05:05Z,909,764972,22755240,747.0,112.5
2026-03-22T21:05:06Z,910,798608,22789288,779.9,113.8
2026-03-22T21:05:07Z,911,831784,22822568,812.3,114.6
2026-03-22T21:05:08Z,912,848680,22839720,828.8,107.3
2026-03-22T21:05:09Z,913,876104,22866600,855.6,112.8
2026-03-22T21:05:10Z,914,907520,22898852,886.2,114.5
2026-03-22T21:05:12Z,915,929628,22920360,907.8,110.2
2026-03-22T21:05:13Z,916,957644,22948008,935.2,111.8
2026-03-22T21:05:14Z,917,987372,22977960,964.2,113.3
2026-03-22T21:05:15Z,918,1003392,22994088,979.9,110.1
2026-03-22T21:05:16Z,919,662508,22653096,647.0,158.3
2026-03-22T21:05:17Z,920,662508,22653096,647.0,115.0
2026-03-22T21:05:18Z,921,662508,22653096,647.0,107.4
2026-03-22T21:05:19Z,922,662628,22653096,647.1,114.8
2026-03-22T21:05:20Z,923,662632,22653096,647.1,113.7
2026-03-22T21:05:21Z,924,662672,22653096,647.1,108.4
2026-03-22T21:05:22Z,925,662672,22653096,647.1,110.9
2026-03-22T21:05:23Z,926,662672,22653096,647.1,111.0
2026-03-22T21:05:24Z,927,662672,22653096,647.1,108.8
2026-03-22T21:05:25Z,928,662672,22653096,647.1,112.7
2026-03-22T21:05:27Z,929,662672,22653096,647.1,111.9
2026-03-22T21:05:28Z,930,670352,22660776,654.6,107.1
2026-03-22T21:05:29Z,931,698504,22689192,682.1,112.9
2026-03-22T21:05:30Z,932,728640,22719144,711.6,113.7
2026-03-22T21:05:31Z,933,746624,22737064,729.1,108.0
2026-03-22T21:05:32Z,934,774880,22765224,756.7,111.2
2026-03-22T21:05:33Z,935,788840,22779560,770.4,107.2
2026-03-22T21:05:34Z,936,815732,22805928,796.6,111.8
2026-03-22T21:05:35Z,937,849256,22839976,829.4,113.5
2026-03-22T21:05:36Z,938,864704,22855336,844.4,109.4
2026-03-22T21:05:37Z,939,892744,22883240,871.8,112.6
2026-03-22T21:05:38Z,940,907064,22897320,885.8,109.2
2026-03-22T21:05:39Z,941,935376,22926248,913.5,113.6
2026-03-22T21:05:40Z,942,967780,22958248,945.1,113.3
2026-03-22T21:05:42Z,943,983660,22973864,960.6,107.3
2026-03-22T21:05:43Z,944,1012332,23003304,988.6,112.2
2026-03-22T21:05:44Z,945,1024648,23015592,1000.6,108.3
2026-03-22T21:05:45Z,946,1054256,23044776,1029.5,112.9
2026-03-22T21:05:46Z,947,716924,22708392,700.1,153.8
2026-03-22T21:05:47Z,948,672644,22663336,656.9,109.9
2026-03-22T21:05:48Z,949,672644,22663336,656.9,113.0
2026-03-22T21:05:49Z,950,672648,22663336,656.9,108.2
2026-03-22T21:05:50Z,951,672648,22663336,656.9,114.6
2026-03-22T21:05:51Z,952,672648,22663336,656.9,110.2
2026-03-22T21:05:52Z,953,672648,22663336,656.9,108.1
2026-03-22T21:05:53Z,954,672648,22663336,656.9,109.9
2026-03-22T21:05:54Z,955,672648,22663336,656.9,107.4
2026-03-22T21:05:56Z,956,672656,22663336,656.9,111.9
2026-03-22T21:05:57Z,957,672656,22663336,656.9,105.7
2026-03-22T21:05:58Z,958,672660,22663336,656.9,112.6
2026-03-22T21:05:59Z,959,672660,22663336,656.9,109.8
2026-03-22T21:06:00Z,960,672660,22663336,656.9,106.1
2026-03-22T21:06:01Z,961,688376,22678696,672.2,110.8
2026-03-22T21:06:02Z,962,705104,22695848,688.6,108.4
2026-03-22T21:06:03Z,963,733964,22724776,716.8,113.8
2026-03-22T21:06:04Z,964,748716,22739624,731.2,107.9
2026-03-22T21:06:05Z,965,776432,22767272,758.2,113.0
2026-03-22T21:06:06Z,966,787164,22777512,768.7,108.1
2026-03-22T21:06:07Z,967,818068,22808744,798.9,112.8
2026-03-22T21:06:08Z,968,833116,22823592,813.6,106.5
2026-03-22T21:06:09Z,969,862332,22853032,842.1,111.9
2026-03-22T21:06:11Z,970,886584,22877352,865.8,112.7
2026-03-22T21:06:12Z,971,907168,22897832,885.9,107.4
2026-03-22T21:06:13Z,972,918788,22909352,897.3,107.5
2026-03-22T21:06:14Z,973,950608,22941608,928.3,113.3
2026-03-22T21:06:15Z,974,969808,22960040,947.1,110.0
2026-03-22T21:06:16Z,975,990948,22981544,967.7,108.3
2026-03-22T21:06:17Z,976,726332,22716840,709.3,154.5
2026-03-22T21:06:18Z,977,692028,22682536,675.8,109.1
2026-03-22T21:06:19Z,978,692028,22682536,675.8,107.3
2026-03-22T21:06:20Z,979,692028,22682536,675.8,111.9
2026-03-22T21:06:21Z,980,692028,22682536,675.8,114.5
2026-03-22T21:06:22Z,981,692040,22682536,675.8,107.4
2026-03-22T21:06:23Z,982,692040,22682536,675.8,110.3
2026-03-22T21:06:24Z,983,692040,22682536,675.8,107.0
2026-03-22T21:06:26Z,984,692040,22682536,675.8,111.1
2026-03-22T21:06:27Z,985,692040,22682536,675.8,108.3
2026-03-22T21:06:28Z,986,692136,22682536,675.9,111.8
2026-03-22T21:06:29Z,987,692136,22682536,675.9,108.3
2026-03-22T21:06:30Z,988,692136,22682536,675.9,112.0
2026-03-22T21:06:31Z,989,692136,22682536,675.9,107.3
2026-03-22T21:06:32Z,990,692136,22682536,675.9,112.8
2026-03-22T21:06:33Z,991,692136,22682536,675.9,106.5
2026-03-22T21:06:34Z,992,711692,22702248,695.0,112.4
2026-03-22T21:06:35Z,993,727872,22718632,710.8,107.0
2026-03-22T21:06:36Z,994,753780,22744232,736.1,113.0
2026-03-22T21:06:37Z,995,766112,22756776,748.2,108.0
2026-03-22T21:06:38Z,996,782204,22773416,763.9,107.4
2026-03-22T21:06:39Z,997,796972,22787496,778.3,107.5
2026-03-22T21:06:41Z,998,821684,22812584,802.4,103.4
2026-03-22T21:06:42Z,999,846804,22837672,827.0,109.8
2026-03-22T21:06:43Z,1000,877872,22868392,857.3,113.0
2026-03-22T21:06:44Z,1001,907596,22898344,886.3,110.6
2026-03-22T21:06:45Z,1002,933488,22924200,911.6,111.0
2026-03-22T21:06:46Z,1003,971012,22961576,948.3,114.9
2026-03-22T21:06:47Z,1004,996120,22986920,972.8,110.0
2026-03-22T21:06:48Z,1005,1022312,23013032,998.4,109.8
2026-03-22T21:06:49Z,1006,617872,22608552,603.4,157.7
2026-03-22T21:06:50Z,1007,618120,22608552,603.6,111.8
2026-03-22T21:06:51Z,1008,618120,22608552,603.6,115.2
2026-03-22T21:06:52Z,1009,618136,22608552,603.6,112.0
2026-03-22T21:06:53Z,1010,618136,22608552,603.6,111.1
2026-03-22T21:06:54Z,1011,618176,22608552,603.7,111.1
2026-03-22T21:06:56Z,1012,618184,22608552,603.7,112.0
2026-03-22T21:06:57Z,1013,618184,22608552,603.7,110.9
2026-03-22T21:06:58Z,1014,623076,22613928,608.5,108.3
2026-03-22T21:06:59Z,1015,656352,22646696,641.0,113.1
2026-03-22T21:07:00Z,1016,689612,22680232,673.4,115.7
2026-03-22T21:07:01Z,1017,722280,22712744,705.4,114.1
2026-03-22T21:07:02Z,1018,741708,22731944,724.3,110.3
2026-03-22T21:07:03Z,1019,768524,22758824,750.5,111.7
2026-03-22T21:07:04Z,1020,802928,22793384,784.1,116.0
2026-03-22T21:07:05Z,1021,832104,22822824,812.6,113.0
2026-03-22T21:07:06Z,1022,862500,22853544,842.3,113.0
2026-03-22T21:07:07Z,1023,879456,22870440,858.8,108.0
2026-03-22T21:07:08Z,1024,911224,22901928,889.9,113.6
2026-03-22T21:07:09Z,1025,942968,22933928,920.9,114.5
2026-03-22T21:07:11Z,1026,972772,22963624,950.0,112.7
2026-03-22T21:07:12Z,1027,989304,22979752,966.1,109.0
2026-03-22T21:07:13Z,1028,647768,22638504,632.6,161.7
2026-03-22T21:07:14Z,1029,647768,22638504,632.6,115.1
2026-03-22T21:07:15Z,1030,647808,22638504,632.6,110.6
2026-03-22T21:07:16Z,1031,647808,22638504,632.6,112.3
2026-03-22T21:07:17Z,1032,647824,22638504,632.6,112.9
2026-03-22T21:07:18Z,1033,647860,22638504,632.7,112.8
2026-03-22T21:07:19Z,1034,647860,22638504,632.7,109.1
2026-03-22T21:07:20Z,1035,648112,22638504,632.9,112.7
2026-03-22T21:07:21Z,1036,648112,22638504,632.9,110.7
2026-03-22T21:07:22Z,1037,648356,22638504,633.2,110.2
2026-03-22T21:07:23Z,1038,673516,22664104,657.7,114.2
2026-03-22T21:07:25Z,1039,704328,22694824,687.8,112.5
2026-03-22T21:07:26Z,1040,720792,22711208,703.9,109.0
2026-03-22T21:07:27Z,1041,750716,22741672,733.1,114.5
2026-03-22T21:07:28Z,1042,783276,22773928,764.9,113.7
2026-03-22T21:07:29Z,1043,799476,22790568,780.7,108.0
2026-03-22T21:07:30Z,1044,827996,22818728,808.6,115.7
2026-03-22T21:07:31Z,1045,843684,22834088,823.9,108.2
2026-03-22T21:07:32Z,1046,873936,22864808,853.5,114.6
2026-03-22T21:07:33Z,1047,902180,22892712,881.0,113.7
2026-03-22T21:07:34Z,1048,917936,22908584,896.4,108.0
2026-03-22T21:07:35Z,1049,948588,22939304,926.4,112.6
2026-03-22T21:07:36Z,1050,976708,22967208,953.8,113.0
2026-03-22T21:07:37Z,1051,994324,22985128,971.0,108.1
2026-03-22T21:07:38Z,1052,1021764,23012008,997.8,111.8
2026-03-22T21:07:40Z,1053,1047612,23038120,1023.1,122.2
2026-03-22T21:07:41Z,1054,679928,22670504,664.0,140.9
2026-03-22T21:07:42Z,1055,680004,22670504,664.1,113.8
2026-03-22T21:07:43Z,1056,680136,22670504,664.2,107.1
2026-03-22T21:07:44Z,1057,680152,22670504,664.2,115.1
2026-03-22T21:07:45Z,1058,680152,22670504,664.2,109.1
2026-03-22T21:07:46Z,1059,680152,22670504,664.2,108.1
2026-03-22T21:07:47Z,1060,680152,22670504,664.2,112.0
2026-03-22T21:07:48Z,1061,680152,22670504,664.2,108.2
2026-03-22T21:07:49Z,1062,680160,22670504,664.2,112.3
2026-03-22T21:07:50Z,1063,680160,22670504,664.2,109.4
2026-03-22T21:07:51Z,1064,680160,22670504,664.2,111.1
2026-03-22T21:07:52Z,1065,680160,22670504,664.2,113.8
2026-03-22T21:07:53Z,1066,691220,22682024,675.0,107.5
2026-03-22T21:07:55Z,1067,719556,22709928,702.7,114.3
2026-03-22T21:07:56Z,1068,735712,22726312,718.5,108.2
2026-03-22T21:07:57Z,1069,762940,22753448,745.1,112.8
2026-03-22T21:07:58Z,1070,778024,22768296,759.8,109.0
2026-03-22T21:07:59Z,1071,808300,22798760,789.4,114.6
2026-03-22T21:08:00Z,1072,829028,22820008,809.6,110.0
2026-03-22T21:08:01Z,1073,847820,22838696,827.9,111.8
2026-03-22T21:08:02Z,1074,877432,22868136,856.9,111.9
2026-03-22T21:08:03Z,1075,893476,22884264,872.5,107.1
2026-03-22T21:08:04Z,1076,919488,22910120,897.9,111.8
2026-03-22T21:08:05Z,1077,933076,22923688,911.2,108.1
2026-03-22T21:08:06Z,1078,960896,22951592,938.4,112.0
2026-03-22T21:08:07Z,1079,986060,22976680,962.9,110.1
2026-03-22T21:08:08Z,1080,1007156,22998184,983.6,109.0
2026-03-22T21:08:10Z,1081,1032044,23023016,1007.9,112.0
2026-03-22T21:08:11Z,1082,1045548,23035816,1021.0,108.0
2026-03-22T21:08:12Z,1083,1074292,23065000,1049.1,112.0
2026-03-22T21:08:13Z,1084,1089208,23079848,1063.7,108.3
2026-03-22T21:08:14Z,1085,700592,22691240,684.2,159.9
2026-03-22T21:08:15Z,1086,700592,22691240,684.2,108.4
2026-03-22T21:08:16Z,1087,700592,22691240,684.2,111.9
2026-03-22T21:08:17Z,1088,700592,22691240,684.2,108.3
2026-03-22T21:08:18Z,1089,700640,22691240,684.2,112.8
2026-03-22T21:08:19Z,1090,700640,22691240,684.2,107.2
2026-03-22T21:08:20Z,1091,700640,22691240,684.2,111.0
2026-03-22T21:08:21Z,1092,700640,22691240,684.2,106.2
2026-03-22T21:08:22Z,1093,700640,22691240,684.2,112.4
2026-03-22T21:08:23Z,1094,700640,22691240,684.2,106.4
2026-03-22T21:08:25Z,1095,700640,22691240,684.2,111.7
2026-03-22T21:08:26Z,1096,700640,22691240,684.2,110.0
2026-03-22T21:08:27Z,1097,700640,22691240,684.2,108.1
2026-03-22T21:08:28Z,1098,700640,22691240,684.2,107.3
2026-03-22T21:08:29Z,1099,700644,22691240,684.2,110.9
2026-03-22T21:08:30Z,1100,700644,22691240,684.2,108.4
2026-03-22T21:08:31Z,1101,726476,22717352,709.4,113.5
2026-03-22T21:08:32Z,1102,752800,22743464,735.2,110.2
2026-03-22T21:08:33Z,1103,768048,22758824,750.0,109.9
2026-03-22T21:08:34Z,1104,786912,22777512,768.5,111.7
2026-03-22T21:08:35Z,1105,807476,22798248,788.6,106.5
2026-03-22T21:08:36Z,1106,823732,22814120,804.4,109.2
2026-03-22T21:08:37Z,1107,849912,22840744,830.0,109.7
2026-03-22T21:08:39Z,1108,876396,22867112,855.9,111.2
2026-03-22T21:08:40Z,1109,888768,22879144,867.9,107.1
2026-03-22T21:08:41Z,1110,915852,22906536,894.4,113.2
2026-03-22T21:08:42Z,1111,928352,22918568,906.6,107.4
2026-03-22T21:08:43Z,1112,948188,22938536,926.0,109.3
2026-03-22T21:08:44Z,1113,968832,22959528,946.1,110.3
2026-03-22T21:08:45Z,1114,982112,22973096,959.1,107.3
2026-03-22T21:08:46Z,1115,998812,22989736,975.4,107.1
2026-03-22T21:08:47Z,1116,1023652,23014312,999.7,100.8
2026-03-22T21:08:48Z,1117,1050004,23040680,1025.4,110.0
2026-03-22T21:08:49Z,1118,600596,22591400,586.5,150.9
2026-03-22T21:08:50Z,1119,600624,22591400,586.5,112.5
2026-03-22T21:08:51Z,1120,600624,22591400,586.5,110.0
2026-03-22T21:08:52Z,1121,600624,22591400,586.5,111.0
2026-03-22T21:08:54Z,1122,600796,22591400,586.7,113.6
2026-03-22T21:08:55Z,1123,601028,22591400,586.9,109.0
2026-03-22T21:08:56Z,1124,601052,22591400,587.0,112.0
2026-03-22T21:08:57Z,1125,601052,22591400,587.0,111.1
2026-03-22T21:08:58Z,1126,613680,22604200,599.3,110.0
2026-03-22T21:08:59Z,1127,644864,22635688,629.8,115.9
2026-03-22T21:09:00Z,1128,677916,22668200,662.0,115.0
2026-03-22T21:09:01Z,1129,704108,22694568,687.6,111.9
2026-03-22T21:09:02Z,1130,729440,22719656,712.3,113.8
2026-03-22T21:09:03Z,1131,765856,22756264,747.9,113.5
2026-03-22T21:09:04Z,1132,794744,22785192,776.1,111.0
2026-03-22T21:09:05Z,1133,810100,22800808,791.1,108.3
2026-03-22T21:09:06Z,1134,842032,22832552,822.3,115.7
2026-03-22T21:09:07Z,1135,872940,22863784,852.5,113.0
2026-03-22T21:09:09Z,1136,898688,22889384,877.6,112.0
2026-03-22T21:09:10Z,1137,920248,22911144,898.7,110.6
2026-03-22T21:09:11Z,1138,963292,22953640,940.7,116.0
2026-03-22T21:09:12Z,1139,981460,22971816,958.5,108.2
2026-03-22T21:09:13Z,1140,643924,22634664,628.8,158.9
2026-03-22T21:09:14Z,1141,643924,22634664,628.8,112.2
2026-03-22T21:09:15Z,1142,644052,22634664,629.0,116.7
2026-03-22T21:09:16Z,1143,644052,22634664,629.0,109.8
2026-03-22T21:09:17Z,1144,644052,22634664,629.0,110.3
2026-03-22T21:09:18Z,1145,644052,22634664,629.0,112.9
2026-03-22T21:09:19Z,1146,644172,22634664,629.1,112.8
2026-03-22T21:09:20Z,1147,644172,22634664,629.1,109.0
2026-03-22T21:09:21Z,1148,644172,22634664,629.1,109.0
2026-03-22T21:09:22Z,1149,644172,22634664,629.1,111.3
2026-03-22T21:09:24Z,1150,657900,22648488,642.5,110.9
2026-03-22T21:09:25Z,1151,675668,22666408,659.8,109.3
2026-03-22T21:09:26Z,1152,705684,22695848,689.1,113.0
2026-03-22T21:09:27Z,1153,718864,22709416,702.0,108.0
2026-03-22T21:09:28Z,1154,753512,22744232,735.9,114.9
2026-03-22T21:09:29Z,1155,784852,22775208,766.5,114.6
2026-03-22T21:09:30Z,1156,810428,22801064,791.4,113.1
2026-03-22T21:09:31Z,1157,824136,22814632,804.8,107.1
2026-03-22T21:09:32Z,1158,856188,22847144,836.1,114.4
2026-03-22T21:09:33Z,1159,887260,22877352,866.5,114.3
2026-03-22T21:09:34Z,1160,902576,22892968,881.4,107.3
2026-03-22T21:09:35Z,1161,932788,22923432,910.9,111.8
2026-03-22T21:09:36Z,1162,947368,22937768,925.2,106.9
2026-03-22T21:09:37Z,1163,980612,22971304,957.6,113.7
2026-03-22T21:09:39Z,1164,670028,22660776,654.3,154.9
2026-03-22T21:09:40Z,1165,670028,22660776,654.3,107.2
2026-03-22T21:09:41Z,1166,670144,22660776,654.4,112.9
2026-03-22T21:09:42Z,1167,670144,22660776,654.4,113.7
2026-03-22T21:09:43Z,1168,670144,22660776,654.4,110.4
2026-03-22T21:09:44Z,1169,670144,22660776,654.4,110.7
2026-03-22T21:09:45Z,1170,670144,22660776,654.4,110.5
2026-03-22T21:09:46Z,1171,670144,22660776,654.4,107.1
2026-03-22T21:09:47Z,1172,670144,22660776,654.4,113.0
2026-03-22T21:09:48Z,1173,670144,22660776,654.4,112.1
2026-03-22T21:09:49Z,1174,670144,22660776,654.4,106.3
2026-03-22T21:09:50Z,1175,670144,22660776,654.4,110.1
2026-03-22T21:09:51Z,1176,670144,22660776,654.4,106.6
2026-03-22T21:09:52Z,1177,685784,22676136,669.7,112.0
2026-03-22T21:09:54Z,1178,717044,22707368,700.2,112.1
2026-03-22T21:09:55Z,1179,731544,22721704,714.4,108.0
2026-03-22T21:09:56Z,1180,758204,22748840,740.4,112.2
2026-03-22T21:09:57Z,1181,770212,22761128,752.2,107.4
2026-03-22T21:09:58Z,1182,799964,22790824,781.2,112.9
2026-03-22T21:09:59Z,1183,832728,22823592,813.2,113.9
2026-03-22T21:10:00Z,1184,843548,22833832,823.8,107.3
2026-03-22T21:10:01Z,1185,874004,22864296,853.5,112.9
2026-03-22T21:10:02Z,1186,888672,22879400,867.8,107.2
2026-03-22T21:10:03Z,1187,917024,22907816,895.5,111.9
2026-03-22T21:10:04Z,1188,934688,22925224,912.8,109.9
2026-03-22T21:10:05Z,1189,962716,22953128,940.2,111.7
2026-03-22T21:10:06Z,1190,976816,22966952,953.9,108.0
2026-03-22T21:10:07Z,1191,1001736,22992040,978.3,110.0
2026-03-22T21:10:09Z,1192,1016500,23007144,992.7,108.1
2026-03-22T21:10:10Z,1193,685560,22675880,669.5,150.8
2026-03-22T21:10:11Z,1194,685560,22675880,669.5,113.5
2026-03-22T21:10:12Z,1195,685648,22675880,669.6,107.2
2026-03-22T21:10:13Z,1196,685648,22675880,669.6,116.5
2026-03-22T21:10:14Z,1197,685648,22675880,669.6,107.4
2026-03-22T21:10:15Z,1198,685656,22675880,669.6,112.5
2026-03-22T21:10:16Z,1199,685656,22675880,669.6,108.3
2026-03-22T21:10:17Z,1200,685684,22675880,669.6,112.9
2026-03-22T21:10:18Z,1201,685684,22675880,669.6,106.3
2026-03-22T21:10:19Z,1202,685684,22675880,669.6,112.9
2026-03-22T21:10:20Z,1203,685684,22675880,669.6,107.1
2026-03-22T21:10:21Z,1204,685684,22675880,669.6,111.1
2026-03-22T21:10:23Z,1205,685684,22675880,669.6,110.8
2026-03-22T21:10:24Z,1206,685684,22675880,669.6,107.3
2026-03-22T21:10:25Z,1207,687568,22677672,671.5,109.0
2026-03-22T21:10:26Z,1208,708928,22699176,692.3,108.9
2026-03-22T21:10:27Z,1209,722704,22712744,705.8,108.0
2026-03-22T21:10:28Z,1210,754924,22745512,737.2,112.0
2026-03-22T21:10:29Z,1211,781672,22771880,763.4,114.9
2026-03-22T21:10:30Z,1212,793728,22784168,775.1,107.1
2026-03-22T21:10:31Z,1213,822412,22812840,803.1,111.9
2026-03-22T21:10:32Z,1214,837752,22828456,818.1,108.4
2026-03-22T21:10:33Z,1215,863612,22854312,843.4,112.1
2026-03-22T21:10:34Z,1216,881660,22872232,861.0,109.4
2026-03-22T21:10:35Z,1217,911432,22901928,890.1,112.5
2026-03-22T21:10:36Z,1218,922480,22912936,900.9,108.1
2026-03-22T21:10:38Z,1219,946104,22936488,923.9,111.1
2026-03-22T21:10:39Z,1220,959968,22950312,937.5,107.2
2026-03-22T21:10:40Z,1221,981572,22972072,958.6,112.1
2026-03-22T21:10:41Z,1222,1005124,22995368,981.6,108.3
2026-03-22T21:10:42Z,1223,699604,22690216,683.2,155.1
2026-03-22T21:10:43Z,1224,699604,22690216,683.2,107.2
2026-03-22T21:10:44Z,1225,699604,22690216,683.2,112.1
2026-03-22T21:10:45Z,1226,699604,22690216,683.2,107.3
2026-03-22T21:10:46Z,1227,699604,22690216,683.2,109.9
2026-03-22T21:10:47Z,1228,699604,22690216,683.2,115.0
2026-03-22T21:10:48Z,1229,699604,22690216,683.2,109.6
2026-03-22T21:10:49Z,1230,699604,22690216,683.2,107.1
2026-03-22T21:10:50Z,1231,699604,22690216,683.2,107.2
2026-03-22T21:10:51Z,1232,699604,22690216,683.2,107.2
2026-03-22T21:10:53Z,1233,699604,22690216,683.2,97.9
2026-03-22T21:10:54Z,1234,699604,22690216,683.2,0.9
2026-03-22T21:10:55Z,1235,699604,22690216,683.2,0.0
2026-03-22T21:10:56Z,1236,699604,22690216,683.2,0.0
2026-03-22T21:10:57Z,1237,699604,22690216,683.2,0.0
2026-03-22T21:10:58Z,1238,699604,22690216,683.2,0.0
2026-03-22T21:10:59Z,1239,699604,22690216,683.2,0.0
2026-03-22T21:11:00Z,1240,699604,22690216,683.2,0.0
2026-03-22T21:11:01Z,1241,699604,22690216,683.2,0.0
2026-03-22T21:11:02Z,1242,699604,22690216,683.2,0.0
2026-03-22T21:11:03Z,1243,699604,22690216,683.2,0.0
2026-03-22T21:11:04Z,1244,699604,22690216,683.2,0.0
2026-03-22T21:11:05Z,1245,699604,22690216,683.2,0.0
2026-03-22T21:11:06Z,1246,699604,22690216,683.2,0.0
2026-03-22T21:11:08Z,1247,699604,22690216,683.2,0.0
2026-03-22T21:11:09Z,1248,699604,22690216,683.2,0.0
2026-03-22T21:11:10Z,1249,699604,22690216,683.2,0.0
2026-03-22T21:11:11Z,1250,699604,22690216,683.2,0.0
2026-03-22T21:11:12Z,1251,699604,22690216,683.2,0.0
2026-03-22T21:11:13Z,1252,699604,22690216,683.2,0.0
2026-03-22T21:11:14Z,1253,699604,22690216,683.2,0.0
2026-03-22T21:11:15Z,1254,699604,22690216,683.2,0.0
2026-03-22T21:11:16Z,1255,699604,22690216,683.2,0.0
2026-03-22T21:11:17Z,1256,699604,22690216,683.2,0.0
2026-03-22T21:11:18Z,1257,699604,22690216,683.2,0.0
2026-03-22T21:11:19Z,1258,699604,22690216,683.2,0.0
2026-03-22T21:11:20Z,1259,699604,22690216,683.2,0.0
2026-03-22T21:11:22Z,1260,699604,22690216,683.2,0.0
2026-03-22T21:11:23Z,1261,699604,22690216,683.2,0.0
2026-03-22T21:11:24Z,1262,699604,22690216,683.2,0.0
2026-03-22T21:11:25Z,1263,699604,22690216,683.2,0.0
2026-03-22T21:11:26Z,1264,699604,22690216,683.2,0.0
2026-03-22T21:11:27Z,1265,699604,22690216,683.2,0.0
2026-03-22T21:11:28Z,1266,699604,22690216,683.2,0.0
2026-03-22T21:11:29Z,1267,699604,22690216,683.2,0.0
2026-03-22T21:11:30Z,1268,699604,22690216,683.2,0.0
2026-03-22T21:11:31Z,1269,699604,22690216,683.2,0.0
2026-03-22T21:11:32Z,1270,699604,22690216,683.2,0.0
2026-03-22T21:11:33Z,1271,699604,22690216,683.2,0.0
2026-03-22T21:11:34Z,1272,699604,22690216,683.2,0.0
2026-03-22T21:11:35Z,1273,699604,22690216,683.2,0.0
2026-03-22T21:11:37Z,1274,699604,22690216,683.2,0.0
2026-03-22T21:11:38Z,1275,699604,22690216,683.2,0.0
2026-03-22T21:11:39Z,1276,699604,22690216,683.2,0.0
2026-03-22T21:11:40Z,1277,699604,22690216,683.2,0.0
2026-03-22T21:11:41Z,1278,699604,22690216,683.2,0.0
2026-03-22T21:11:42Z,1279,699604,22690216,683.2,0.0
2026-03-22T21:11:43Z,1280,699604,22690216,683.2,0.0
2026-03-22T21:11:44Z,1281,699604,22690216,683.2,0.0
2026-03-22T21:11:45Z,1282,699604,22690216,683.2,0.0
2026-03-22T21:11:46Z,1283,699604,22690216,683.2,0.0
2026-03-22T21:11:47Z,1284,304252,22453160,297.1,46.6
2026-03-22T21:11:48Z,1285,282492,22275240,275.9,67.1
2026-03-22T21:11:49Z,1286,282492,22275240,275.9,0.0
2026-03-22T21:11:51Z,1287,282492,22275240,275.9,0.0
2026-03-22T21:11:52Z,1288,282492,22275240,275.9,0.0
2026-03-22T21:11:53Z,1289,282524,22275240,275.9,0.9
2026-03-22T21:11:54Z,1290,282524,22275240,275.9,0.0
2026-03-22T21:11:55Z,1291,282524,22275240,275.9,0.0
2026-03-22T21:11:56Z,1292,282524,22275240,275.9,0.0
2026-03-22T21:11:57Z,1293,282524,22275240,275.9,0.0
2026-03-22T21:11:58Z,1294,282524,22275240,275.9,0.0
2026-03-22T21:11:59Z,1295,282524,22275240,275.9,0.0
2026-03-22T21:12:00Z,1296,282524,22275240,275.9,0.0
2026-03-22T21:12:01Z,1297,282524,22275240,275.9,0.0
2026-03-22T21:12:02Z,1298,282524,22275240,275.9,0.0
2026-03-22T21:12:03Z,1299,282536,22275240,275.9,0.0
2026-03-22T21:12:04Z,1300,282536,22275240,275.9,0.0
2026-03-22T21:12:06Z,1301,282536,22275240,275.9,0.0
2026-03-22T21:12:07Z,1302,282536,22275240,275.9,0.0
2026-03-22T21:12:08Z,1303,282536,22275240,275.9,0.0
2026-03-22T21:12:09Z,1304,282536,22275240,275.9,0.0
2026-03-22T21:12:10Z,1305,282536,22275240,275.9,0.0
2026-03-22T21:12:11Z,1306,282540,22275240,275.9,0.0
2026-03-22T21:12:12Z,1307,282540,22275240,275.9,0.0
2026-03-22T21:12:13Z,1308,282552,22275240,275.9,0.0
2026-03-22T21:12:14Z,1309,282552,22275240,275.9,0.0
2026-03-22T21:12:15Z,1310,282552,22275240,275.9,0.0
2026-03-22T21:12:16Z,1311,282552,22275240,275.9,0.0
2026-03-22T21:12:17Z,1312,282552,22275240,275.9,0.0
2026-03-22T21:12:18Z,1313,282552,22275240,275.9,0.0
2026-03-22T21:12:20Z,1314,282552,22275240,275.9,0.0
2026-03-22T21:12:21Z,1315,282552,22275240,275.9,0.0
2026-03-22T21:12:22Z,1316,282552,22275240,275.9,0.0
2026-03-22T21:12:23Z,1317,282564,22275240,275.9,0.0
2026-03-22T21:12:24Z,1318,282564,22275240,275.9,0.0
2026-03-22T21:12:25Z,1319,282564,22275240,275.9,0.0
