# run_id: rest-api_blocks_extrinsics_raw_20260323_180453_1299436 | service: rest-api | endpoint: blocks_extrinsics_raw | process: polkadot-rest-a (PID 262332)
timestamp,elapsed_s,rss_kb,vsz_kb,rss_mb,cpu_pct
2026-03-23T18:04:54Z,0,27016,1263920,26.4,0.0
2026-03-23T18:04:55Z,1,27016,1263920,26.4,0.0
2026-03-23T18:04:56Z,2,27016,1263920,26.4,0.0
2026-03-23T18:04:57Z,3,27016,1263920,26.4,0.0
2026-03-23T18:04:58Z,4,27020,1263920,26.4,0.0
2026-03-23T18:04:59Z,5,27020,1263920,26.4,0.0
2026-03-23T18:05:00Z,6,27020,1263920,26.4,0.0
2026-03-23T18:05:01Z,7,27020,1263920,26.4,0.0
2026-03-23T18:05:02Z,8,27020,1263920,26.4,0.0
2026-03-23T18:05:03Z,9,27020,1263920,26.4,0.0
2026-03-23T18:05:04Z,10,27020,1263920,26.4,0.0
2026-03-23T18:05:05Z,11,27028,1263920,26.4,0.0
2026-03-23T18:05:07Z,12,27028,1263920,26.4,0.0
2026-03-23T18:05:08Z,13,27028,1263920,26.4,0.0
2026-03-23T18:05:09Z,14,27028,1263920,26.4,0.0
2026-03-23T18:05:10Z,15,27028,1263920,26.4,0.0
2026-03-23T18:05:11Z,16,27028,1263920,26.4,0.0
2026-03-23T18:05:12Z,17,27028,1263920,26.4,0.0
2026-03-23T18:05:13Z,18,27028,1263920,26.4,0.0
2026-03-23T18:05:14Z,19,27028,1263920,26.4,0.0
2026-03-23T18:05:15Z,20,27028,1263920,26.4,0.0
2026-03-23T18:05:16Z,21,27028,1263920,26.4,0.0
2026-03-23T18:05:17Z,22,27028,1263920,26.4,0.0
2026-03-23T18:05:18Z,23,27028,1263920,26.4,0.0
2026-03-23T18:05:19Z,24,27028,1263920,26.4,0.0
2026-03-23T18:05:21Z,25,27028,1263920,26.4,0.0
2026-03-23T18:05:22Z,26,27028,1263920,26.4,0.0
2026-03-23T18:05:23Z,27,27032,1263920,26.4,0.0
2026-03-23T18:05:24Z,28,27032,1263920,26.4,0.0
2026-03-23T18:05:25Z,29,27032,1263920,26.4,0.0
2026-03-23T18:05:26Z,30,27032,1263920,26.4,0.0
2026-03-23T18:05:27Z,31,27040,1263920,26.4,0.0
2026-03-23T18:05:28Z,32,27040,1263920,26.4,0.0
2026-03-23T18:05:29Z,33,27040,1263920,26.4,0.0
2026-03-23T18:05:30Z,34,27040,1263920,26.4,0.0
2026-03-23T18:05:31Z,35,27040,1263920,26.4,0.0
2026-03-23T18:05:32Z,36,27040,1263920,26.4,0.0
2026-03-23T18:05:33Z,37,27040,1263920,26.4,0.0
2026-03-23T18:05:34Z,38,27040,1263920,26.4,0.0
2026-03-23T18:05:36Z,39,27040,1263920,26.4,0.0
2026-03-23T18:05:37Z,40,27040,1263920,26.4,0.0
2026-03-23T18:05:38Z,41,27040,1263920,26.4,0.0
2026-03-23T18:05:39Z,42,27040,1263920,26.4,0.0
2026-03-23T18:05:40Z,43,27040,1263920,26.4,0.0
2026-03-23T18:05:41Z,44,27040,1263920,26.4,0.0
2026-03-23T18:05:42Z,45,27040,1263920,26.4,0.0
2026-03-23T18:05:43Z,46,27040,1263920,26.4,0.0
2026-03-23T18:05:44Z,47,27040,1263920,26.4,0.0
2026-03-23T18:05:45Z,48,27040,1263920,26.4,0.0
2026-03-23T18:05:46Z,49,27040,1263920,26.4,0.0
2026-03-23T18:05:47Z,50,27040,1263920,26.4,0.0
2026-03-23T18:05:48Z,51,27040,1263920,26.4,0.0
2026-03-23T18:05:50Z,52,27040,1263920,26.4,0.0
2026-03-23T18:05:51Z,53,27040,1263920,26.4,0.0
2026-03-23T18:05:52Z,54,27040,1263920,26.4,0.9
2026-03-23T18:05:53Z,55,27040,1263920,26.4,0.0
2026-03-23T18:05:54Z,56,41256,1273136,40.3,5.6
2026-03-23T18:05:55Z,57,41280,1273136,40.3,0.0
2026-03-23T18:05:56Z,58,41280,1273136,40.3,0.0
2026-03-23T18:05:57Z,59,41344,1273136,40.4,0.0
2026-03-23T18:05:58Z,60,41352,1273136,40.4,0.9
2026-03-23T18:05:59Z,61,41352,1273136,40.4,0.0
2026-03-23T18:06:00Z,62,41352,1273136,40.4,0.0
2026-03-23T18:06:01Z,63,41540,1273136,40.6,0.0
2026-03-23T18:06:02Z,64,41540,1273136,40.6,0.0
2026-03-23T18:06:03Z,65,104700,1357616,102.2,38.2
2026-03-23T18:06:05Z,66,185452,1450800,181.1,63.3
2026-03-23T18:06:06Z,67,212784,1477936,207.8,41.0
2026-03-23T18:06:07Z,68,212784,1477936,207.8,0.0
2026-03-23T18:06:08Z,69,212784,1477936,207.8,0.0
2026-03-23T18:06:09Z,70,206744,1477936,201.9,0.0
2026-03-23T18:06:10Z,71,206744,1477936,201.9,0.0
2026-03-23T18:06:11Z,72,206744,1477936,201.9,0.0
2026-03-23T18:06:12Z,73,206744,1477936,201.9,0.0
2026-03-23T18:06:13Z,74,154540,1520432,150.9,57.0
2026-03-23T18:06:14Z,75,146024,1520432,142.6,47.5
2026-03-23T18:06:15Z,76,143564,1522992,140.2,54.2
2026-03-23T18:06:16Z,77,138008,1522992,134.8,60.7
2026-03-23T18:06:17Z,78,132124,1522992,129.0,68.2
2026-03-23T18:06:18Z,79,127092,1522992,124.1,50.4
2026-03-23T18:06:20Z,80,120744,1522992,117.9,45.7
2026-03-23T18:06:21Z,81,115808,1522992,113.1,52.3
2026-03-23T18:06:22Z,82,113984,1522992,111.3,61.6
2026-03-23T18:06:23Z,83,104952,1522992,102.5,47.7
2026-03-23T18:06:24Z,84,104924,1522992,102.5,45.8
2026-03-23T18:06:25Z,85,104560,1522992,102.1,28.1
2026-03-23T18:06:26Z,86,104316,1522992,101.9,31.8
2026-03-23T18:06:27Z,87,103492,1522992,101.1,39.2
2026-03-23T18:06:28Z,88,102416,1522992,100.0,38.4
2026-03-23T18:06:29Z,89,103868,1522992,101.4,41.0
2026-03-23T18:06:30Z,90,90596,1522992,88.5,38.3
2026-03-23T18:06:31Z,91,89412,1522992,87.3,31.8
2026-03-23T18:06:32Z,92,90588,1522992,88.5,30.9
2026-03-23T18:06:33Z,93,88348,1522992,86.3,35.5
2026-03-23T18:06:35Z,94,90868,1522992,88.7,35.5
2026-03-23T18:06:36Z,95,90600,1522992,88.5,37.4
2026-03-23T18:06:37Z,96,88996,1522992,86.9,38.4
2026-03-23T18:06:38Z,97,88880,1522992,86.8,32.7
2026-03-23T18:06:39Z,98,87616,1522992,85.6,31.7
2026-03-23T18:06:40Z,99,89800,1522992,87.7,29.8
2026-03-23T18:06:41Z,100,88684,1522992,86.6,35.5
2026-03-23T18:06:42Z,101,88984,1522992,86.9,32.9
2026-03-23T18:06:43Z,102,87544,1522992,85.5,28.9
2026-03-23T18:06:44Z,103,87256,1522992,85.2,28.9
2026-03-23T18:06:45Z,104,88392,1522992,86.3,30.9
2026-03-23T18:06:46Z,105,86704,1522992,84.7,32.8
2026-03-23T18:06:47Z,106,87604,1522992,85.6,30.8
2026-03-23T18:06:48Z,107,88076,1522992,86.0,19.6
2026-03-23T18:06:50Z,108,87748,1522992,85.7,19.6
2026-03-23T18:06:51Z,109,87460,1522992,85.4,30.8
2026-03-23T18:06:52Z,110,88228,1522992,86.2,30.8
2026-03-23T18:06:53Z,111,88424,1522992,86.4,25.2
2026-03-23T18:06:54Z,112,88796,1522992,86.7,30.8
2026-03-23T18:06:55Z,113,88392,1522992,86.3,30.0
2026-03-23T18:06:56Z,114,89768,1522992,87.7,28.1
2026-03-23T18:06:57Z,115,87512,1522992,85.5,30.9
2026-03-23T18:06:58Z,116,88804,1522992,86.7,30.8
2026-03-23T18:06:59Z,117,87708,1522992,85.7,37.4
2026-03-23T18:07:00Z,118,88096,1522992,86.0,33.7
2026-03-23T18:07:01Z,119,86552,1522992,84.5,27.1
2026-03-23T18:07:02Z,120,86668,1522992,84.6,26.1
2026-03-23T18:07:03Z,121,89420,1522992,87.3,28.0
2026-03-23T18:07:04Z,122,89216,1522992,87.1,28.9
2026-03-23T18:07:06Z,123,88464,1522992,86.4,29.0
2026-03-23T18:07:07Z,124,88676,1522992,86.6,21.4
2026-03-23T18:07:08Z,125,87520,1525552,85.5,24.3
2026-03-23T18:07:09Z,126,87528,1525552,85.5,23.4
2026-03-23T18:07:10Z,127,87156,1525552,85.1,22.5
2026-03-23T18:07:11Z,128,89156,1525552,87.1,25.3
2026-03-23T18:07:12Z,129,89344,1525552,87.2,27.1
2026-03-23T18:07:13Z,130,89000,1525552,86.9,21.5
2026-03-23T18:07:14Z,131,87264,1525552,85.2,31.7
2026-03-23T18:07:15Z,132,89160,1525552,87.1,34.6
2026-03-23T18:07:16Z,133,89844,1525552,87.7,35.6
2026-03-23T18:07:17Z,134,89644,1525552,87.5,37.4
2026-03-23T18:07:18Z,135,87456,1525552,85.4,40.1
2026-03-23T18:07:19Z,136,89812,1525552,87.7,28.0
2026-03-23T18:07:21Z,137,89252,1525552,87.2,31.0
2026-03-23T18:07:22Z,138,88040,1525552,86.0,29.8
2026-03-23T18:07:23Z,139,89356,1525552,87.3,28.1
2026-03-23T18:07:24Z,140,89820,1525552,87.7,36.4
2026-03-23T18:07:25Z,141,89952,1525552,87.8,23.4
2026-03-23T18:07:26Z,142,90212,1525552,88.1,22.4
2026-03-23T18:07:27Z,143,89512,1525552,87.4,24.4
2026-03-23T18:07:28Z,144,88164,1525552,86.1,29.9
2026-03-23T18:07:29Z,145,88256,1525552,86.2,27.0
2026-03-23T18:07:30Z,146,89528,1525552,87.4,34.5
2026-03-23T18:07:31Z,147,89884,1525552,87.8,30.0
2026-03-23T18:07:32Z,148,89184,1525552,87.1,36.5
2026-03-23T18:07:33Z,149,89360,1525552,87.3,42.9
2026-03-23T18:07:34Z,150,90544,1525552,88.4,47.5
2026-03-23T18:07:36Z,151,89936,1525552,87.8,41.1
2026-03-23T18:07:37Z,152,89720,1525552,87.6,38.2
2026-03-23T18:07:38Z,153,89836,1525552,87.7,35.5
2026-03-23T18:07:39Z,154,90460,1525552,88.3,41.2
2026-03-23T18:07:40Z,155,91628,1525552,89.5,41.2
2026-03-23T18:07:41Z,156,91552,1525552,89.4,45.7
2026-03-23T18:07:42Z,157,91140,1525552,89.0,41.9
2026-03-23T18:07:43Z,158,90296,1525552,88.2,35.4
2026-03-23T18:07:44Z,159,90200,1525552,88.1,43.0
2026-03-23T18:07:45Z,160,90948,1525552,88.8,42.9
2026-03-23T18:07:46Z,161,90416,1525552,88.3,35.5
2026-03-23T18:07:47Z,162,89720,1525552,87.6,36.6
2026-03-23T18:07:48Z,163,90416,1525552,88.3,38.2
2026-03-23T18:07:49Z,164,89588,1525552,87.5,32.7
2026-03-23T18:07:51Z,165,91080,1525552,88.9,32.7
2026-03-23T18:07:52Z,166,89816,1525552,87.7,36.5
2026-03-23T18:07:53Z,167,89932,1525552,87.8,39.3
2026-03-23T18:07:54Z,168,89376,1525552,87.3,22.3
2026-03-23T18:07:55Z,169,89376,1525552,87.3,0.0
2026-03-23T18:07:56Z,170,91192,1532208,89.1,13.1
2026-03-23T18:07:57Z,171,92436,1532208,90.3,33.6
2026-03-23T18:07:58Z,172,94020,1534768,91.8,40.1
2026-03-23T18:07:59Z,173,95172,1537328,92.9,35.5
2026-03-23T18:08:00Z,174,94308,1539888,92.1,43.8
2026-03-23T18:08:01Z,175,93840,1539888,91.6,46.7
2026-03-23T18:08:02Z,176,94056,1539888,91.9,34.6
2026-03-23T18:08:03Z,177,91380,1539888,89.2,27.1
2026-03-23T18:08:04Z,178,92280,1539888,90.1,34.6
2026-03-23T18:08:06Z,179,93712,1539888,91.5,34.6
2026-03-23T18:08:07Z,180,92996,1539888,90.8,34.6
2026-03-23T18:08:08Z,181,92840,1539888,90.7,32.7
2026-03-23T18:08:09Z,182,92472,1539888,90.3,38.3
2026-03-23T18:08:10Z,183,92764,1539888,90.6,44.9
2026-03-23T18:08:11Z,184,93912,1539888,91.7,40.2
2026-03-23T18:08:12Z,185,94596,1539888,92.4,36.4
2026-03-23T18:08:13Z,186,94216,1539888,92.0,24.2
2026-03-23T18:08:14Z,187,94404,1539888,92.2,29.0
2026-03-23T18:08:15Z,188,93416,1539888,91.2,28.9
2026-03-23T18:08:16Z,189,93684,1539888,91.5,29.9
2026-03-23T18:08:17Z,190,93956,1539888,91.8,26.2
2026-03-23T18:08:18Z,191,92896,1539888,90.7,26.2
2026-03-23T18:08:19Z,192,92316,1539888,90.2,20.5
2026-03-23T18:08:21Z,193,91208,1539888,89.1,30.9
2026-03-23T18:08:22Z,194,93708,1539888,91.5,34.5
2026-03-23T18:08:23Z,195,92576,1539888,90.4,43.9
2026-03-23T18:08:24Z,196,94240,1539888,92.0,48.6
2026-03-23T18:08:25Z,197,92164,1539888,90.0,33.5
2026-03-23T18:08:26Z,198,89200,1539888,87.1,29.8
2026-03-23T18:08:27Z,199,93044,1539888,90.9,30.8
2026-03-23T18:08:28Z,200,91608,1539888,89.5,31.7
2026-03-23T18:08:29Z,201,92104,1539888,89.9,33.7
2026-03-23T18:08:30Z,202,91732,1539888,89.6,32.9
2026-03-23T18:08:31Z,203,91344,1539888,89.2,27.2
2026-03-23T18:08:32Z,204,92056,1539888,89.9,29.9
2026-03-23T18:08:33Z,205,91708,1539888,89.6,31.7
2026-03-23T18:08:34Z,206,91432,1539888,89.3,27.1
2026-03-23T18:08:35Z,207,92608,1539888,90.4,31.8
2026-03-23T18:08:37Z,208,93736,1539888,91.5,37.3
2026-03-23T18:08:38Z,209,93148,1539888,91.0,28.9
2026-03-23T18:08:39Z,210,93348,1539888,91.2,30.9
2026-03-23T18:08:40Z,211,93692,1539888,91.5,31.8
2026-03-23T18:08:41Z,212,92276,1539888,90.1,25.3
2026-03-23T18:08:42Z,213,92308,1539888,90.1,31.7
2026-03-23T18:08:43Z,214,92880,1539888,90.7,22.4
2026-03-23T18:08:44Z,215,91848,1539888,89.7,29.8
2026-03-23T18:08:45Z,216,92396,1539888,90.2,30.8
2026-03-23T18:08:46Z,217,91124,1539888,89.0,32.7
2026-03-23T18:08:47Z,218,93032,1539888,90.9,37.4
2026-03-23T18:08:48Z,219,91140,1539888,89.0,30.9
2026-03-23T18:08:49Z,220,91464,1539888,89.3,28.1
2026-03-23T18:08:50Z,221,91196,1539888,89.1,29.9
2026-03-23T18:08:52Z,222,92632,1539888,90.5,36.5
2026-03-23T18:08:53Z,223,91600,1539888,89.5,37.2
2026-03-23T18:08:54Z,224,92000,1539888,89.8,31.7
2026-03-23T18:08:55Z,225,93236,1539888,91.1,28.1
2026-03-23T18:08:56Z,226,93120,1539888,90.9,33.7
2026-03-23T18:08:57Z,227,91888,1539888,89.7,37.4
2026-03-23T18:08:58Z,228,92788,1539888,90.6,34.5
2026-03-23T18:08:59Z,229,92964,1539888,90.8,38.3
2026-03-23T18:09:00Z,230,93616,1539888,91.4,35.6
2026-03-23T18:09:01Z,231,94400,1539888,92.2,31.8
2026-03-23T18:09:02Z,232,95240,1539888,93.0,39.1
2026-03-23T18:09:03Z,233,93844,1539888,91.6,39.3
2026-03-23T18:09:04Z,234,92696,1539888,90.5,40.1
2026-03-23T18:09:05Z,235,93936,1539888,91.7,31.9
2026-03-23T18:09:07Z,236,93296,1539888,91.1,33.6
2026-03-23T18:09:08Z,237,93400,1539888,91.2,33.5
2026-03-23T18:09:09Z,238,92984,1539888,90.8,31.7
2026-03-23T18:09:10Z,239,92240,1539888,90.1,35.5
2026-03-23T18:09:11Z,240,92240,1539888,90.1,33.6
2026-03-23T18:09:12Z,241,92236,1539888,90.1,31.8
2026-03-23T18:09:13Z,242,93400,1542960,91.2,24.3
2026-03-23T18:09:14Z,243,93016,1542960,90.8,26.1
2026-03-23T18:09:15Z,244,91700,1542960,89.6,27.1
2026-03-23T18:09:16Z,245,92036,1542960,89.9,33.6
2026-03-23T18:09:17Z,246,91788,1542960,89.6,36.5
2026-03-23T18:09:18Z,247,94168,1542960,92.0,29.9
2026-03-23T18:09:19Z,248,92824,1542960,90.6,26.1
2026-03-23T18:09:20Z,249,93564,1542960,91.4,26.1
2026-03-23T18:09:22Z,250,91984,1542960,89.8,25.2
2026-03-23T18:09:23Z,251,90352,1542960,88.2,27.1
2026-03-23T18:09:24Z,252,91052,1542960,88.9,36.5
2026-03-23T18:09:25Z,253,92576,1542960,90.4,38.2
2026-03-23T18:09:26Z,254,93632,1542960,91.4,38.2
2026-03-23T18:09:27Z,255,94428,1542960,92.2,42.1
2026-03-23T18:09:28Z,256,93824,1542960,91.6,50.5
2026-03-23T18:09:29Z,257,92532,1542960,90.4,50.4
2026-03-23T18:09:30Z,258,91952,1542960,89.8,44.9
2026-03-23T18:09:31Z,259,92336,1546032,90.2,37.4
2026-03-23T18:09:32Z,260,92740,1546032,90.6,33.7
2026-03-23T18:09:33Z,261,92320,1546032,90.2,41.1
2026-03-23T18:09:34Z,262,92944,1546032,90.8,48.5
2026-03-23T18:09:35Z,263,94488,1546032,92.3,51.3
2026-03-23T18:09:37Z,264,94240,1546032,92.0,51.3
2026-03-23T18:09:38Z,265,93540,1546032,91.3,49.3
2026-03-23T18:09:39Z,266,93692,1546032,91.5,42.0
2026-03-23T18:09:40Z,267,92528,1546032,90.4,34.6
2026-03-23T18:09:41Z,268,93312,1546032,91.1,33.6
2026-03-23T18:09:42Z,269,92152,1546032,90.0,29.1
2026-03-23T18:09:43Z,270,92324,1546032,90.2,35.5
2026-03-23T18:09:44Z,271,93244,1546032,91.1,39.4
2026-03-23T18:09:45Z,272,94112,1546032,91.9,38.3
2026-03-23T18:09:46Z,273,94748,1546032,92.5,43.8
2026-03-23T18:09:47Z,274,92932,1546032,90.8,43.8
2026-03-23T18:09:48Z,275,93828,1546032,91.6,29.9
2026-03-23T18:09:49Z,276,93616,1546032,91.4,19.6
2026-03-23T18:09:50Z,277,92308,1546032,90.1,23.4
2026-03-23T18:09:52Z,278,91864,1546032,89.7,33.6
2026-03-23T18:09:53Z,279,92120,1546032,90.0,28.9
2026-03-23T18:09:54Z,280,92308,1546032,90.1,36.5
2026-03-23T18:09:55Z,281,91444,1546032,89.3,30.0
2026-03-23T18:09:56Z,282,92372,1546032,90.2,29.0
2026-03-23T18:09:57Z,283,91692,1546032,89.5,0.0
2026-03-23T18:09:58Z,284,94300,1546032,92.1,2.8
2026-03-23T18:09:59Z,285,94084,1549104,91.9,33.8
2026-03-23T18:10:00Z,286,95676,1549104,93.4,36.4
2026-03-23T18:10:01Z,287,96716,1549104,94.4,37.4
2026-03-23T18:10:02Z,288,96600,1549104,94.3,27.1
2026-03-23T18:10:03Z,289,95616,1549104,93.4,34.5
2026-03-23T18:10:04Z,290,96432,1549104,94.2,35.6
2026-03-23T18:10:05Z,291,95752,1549104,93.5,36.4
2026-03-23T18:10:06Z,292,96640,1549104,94.4,45.8
2026-03-23T18:10:08Z,293,96312,1549104,94.1,46.7
2026-03-23T18:10:09Z,294,96028,1549104,93.8,41.0
2026-03-23T18:10:10Z,295,97052,1549104,94.8,29.0
2026-03-23T18:10:11Z,296,94348,1549104,92.1,34.6
2026-03-23T18:10:12Z,297,95448,1552176,93.2,43.1
2026-03-23T18:10:13Z,298,96564,1552176,94.3,31.8
2026-03-23T18:10:14Z,299,96012,1552176,93.8,31.8
2026-03-23T18:10:15Z,300,97604,1552176,95.3,36.6
2026-03-23T18:10:16Z,301,97640,1552176,95.4,38.3
2026-03-23T18:10:17Z,302,96768,1552176,94.5,29.0
2026-03-23T18:10:18Z,303,97196,1552176,94.9,33.7
2026-03-23T18:10:19Z,304,95764,1552176,93.5,34.6
2026-03-23T18:10:20Z,305,96064,1552176,93.8,36.5
2026-03-23T18:10:21Z,306,97548,1552176,95.3,34.5
2026-03-23T18:10:23Z,307,98544,1552176,96.2,41.0
2026-03-23T18:10:24Z,308,97512,1552176,95.2,45.7
2026-03-23T18:10:25Z,309,98636,1552176,96.3,42.1
2026-03-23T18:10:26Z,310,97052,1552176,94.8,34.5
2026-03-23T18:10:27Z,311,96492,1552176,94.2,40.2
2026-03-23T18:10:28Z,312,96884,1552176,94.6,34.6
2026-03-23T18:10:29Z,313,98204,1552176,95.9,39.3
2026-03-23T18:10:30Z,314,96344,1552176,94.1,43.9
2026-03-23T18:10:31Z,315,96020,1552176,93.8,38.3
2026-03-23T18:10:32Z,316,97792,1552176,95.5,45.7
2026-03-23T18:10:33Z,317,97164,1552176,94.9,39.1
2026-03-23T18:10:34Z,318,97840,1552176,95.5,47.5
2026-03-23T18:10:35Z,319,98048,1552176,95.8,54.0
2026-03-23T18:10:36Z,320,98856,1552176,96.5,54.1
2026-03-23T18:10:38Z,321,98044,1552176,95.7,50.4
2026-03-23T18:10:39Z,322,96980,1552176,94.7,43.0
2026-03-23T18:10:40Z,323,96836,1552176,94.6,46.8
2026-03-23T18:10:41Z,324,98612,1552176,96.3,57.1
2026-03-23T18:10:42Z,325,98308,1552176,96.0,38.5
2026-03-23T18:10:43Z,326,97140,1552176,94.9,31.8
2026-03-23T18:10:44Z,327,97592,1552176,95.3,29.9
2026-03-23T18:10:45Z,328,96056,1552176,93.8,33.6
2026-03-23T18:10:46Z,329,97608,1552176,95.3,29.9
2026-03-23T18:10:47Z,330,92636,1552176,90.5,38.3
2026-03-23T18:10:48Z,331,94868,1552176,92.6,40.2
2026-03-23T18:10:49Z,332,93452,1552176,91.3,29.1
2026-03-23T18:10:50Z,333,93672,1552176,91.5,30.0
2026-03-23T18:10:51Z,334,92140,1552176,90.0,32.7
2026-03-23T18:10:52Z,335,92964,1552176,90.8,29.9
2026-03-23T18:10:54Z,336,92472,1552176,90.3,37.4
2026-03-23T18:10:55Z,337,93376,1552176,91.2,36.4
2026-03-23T18:10:56Z,338,93824,1552176,91.6,38.3
2026-03-23T18:10:57Z,339,94248,1552176,92.0,44.9
2026-03-23T18:10:58Z,340,93072,1552176,90.9,54.3
2026-03-23T18:10:59Z,341,93680,1552176,91.5,53.3
2026-03-23T18:11:00Z,342,94436,1552176,92.2,62.8
2026-03-23T18:11:01Z,343,93956,1552176,91.8,41.1
2026-03-23T18:11:02Z,344,93880,1552176,91.7,42.0
2026-03-23T18:11:03Z,345,93556,1552176,91.4,40.2
2026-03-23T18:11:04Z,346,92584,1552176,90.4,42.0
2026-03-23T18:11:05Z,347,92872,1552176,90.7,39.2
2026-03-23T18:11:06Z,348,92820,1552176,90.6,39.3
2026-03-23T18:11:07Z,349,91840,1552176,89.7,21.5
2026-03-23T18:11:09Z,350,92148,1552176,90.0,30.0
2026-03-23T18:11:10Z,351,92168,1552176,90.0,38.3
2026-03-23T18:11:11Z,352,92588,1552176,90.4,43.9
2026-03-23T18:11:12Z,353,93908,1552176,91.7,36.4
2026-03-23T18:11:13Z,354,94400,1552176,92.2,34.7
2026-03-23T18:11:14Z,355,94776,1552176,92.6,36.6
2026-03-23T18:11:15Z,356,94364,1552176,92.2,27.0
2026-03-23T18:11:16Z,357,92028,1552176,89.9,33.8
2026-03-23T18:11:17Z,358,92700,1552176,90.5,37.3
2026-03-23T18:11:18Z,359,92484,1552176,90.3,42.1
2026-03-23T18:11:19Z,360,93720,1552176,91.5,34.6
2026-03-23T18:11:20Z,361,91996,1552176,89.8,31.7
2026-03-23T18:11:21Z,362,92156,1552176,90.0,32.7
2026-03-23T18:11:22Z,363,93260,1552176,91.1,31.8
2026-03-23T18:11:24Z,364,91828,1552176,89.7,29.0
2026-03-23T18:11:25Z,365,93936,1552176,91.7,31.8
2026-03-23T18:11:26Z,366,94236,1552176,92.0,38.4
2026-03-23T18:11:27Z,367,93260,1552176,91.1,41.0
2026-03-23T18:11:28Z,368,94440,1552176,92.2,30.0
2026-03-23T18:11:29Z,369,92912,1552176,90.7,35.6
2026-03-23T18:11:30Z,370,93712,1552176,91.5,43.0
2026-03-23T18:11:31Z,371,93428,1552176,91.2,39.2
2026-03-23T18:11:32Z,372,93940,1552176,91.7,32.7
2026-03-23T18:11:33Z,373,94188,1552176,92.0,38.2
2026-03-23T18:11:34Z,374,94772,1552176,92.6,43.9
2026-03-23T18:11:35Z,375,94292,1552176,92.1,51.4
2026-03-23T18:11:36Z,376,93272,1552176,91.1,37.3
2026-03-23T18:11:37Z,377,93412,1552176,91.2,37.4
2026-03-23T18:11:38Z,378,93304,1552176,91.1,44.8
2026-03-23T18:11:40Z,379,94196,1552176,92.0,40.0
2026-03-23T18:11:41Z,380,93436,1552176,91.2,32.7
2026-03-23T18:11:42Z,381,92372,1552176,90.2,42.0
2026-03-23T18:11:43Z,382,93532,1552176,91.3,36.4
2026-03-23T18:11:44Z,383,93384,1552176,91.2,40.2
2026-03-23T18:11:45Z,384,92936,1552176,90.8,46.8
2026-03-23T18:11:46Z,385,93972,1552176,91.8,32.7
2026-03-23T18:11:47Z,386,93576,1552176,91.4,35.5
2026-03-23T18:11:48Z,387,92660,1552176,90.5,32.6
2026-03-23T18:11:49Z,388,93588,1552176,91.4,33.7
2026-03-23T18:11:50Z,389,91980,1552176,89.8,28.9
2026-03-23T18:11:51Z,390,91800,1552176,89.6,30.8
2026-03-23T18:11:52Z,391,92212,1552176,90.1,38.3
2026-03-23T18:11:53Z,392,93188,1552176,91.0,38.2
2026-03-23T18:11:55Z,393,94632,1552176,92.4,33.6
2026-03-23T18:11:56Z,394,94208,1552176,92.0,36.4
2026-03-23T18:11:57Z,395,93496,1552176,91.3,40.1
2026-03-23T18:11:58Z,396,93736,1552176,91.5,30.9
2026-03-23T18:11:59Z,397,92280,1552176,90.1,12.1
2026-03-23T18:12:00Z,398,92280,1552176,90.1,0.0
2026-03-23T18:12:01Z,399,93460,1555760,91.3,23.3
2026-03-23T18:12:02Z,400,95684,1555760,93.4,26.2
2026-03-23T18:12:03Z,401,93016,1555760,90.8,34.6
2026-03-23T18:12:04Z,402,92164,1555760,90.0,41.0
2026-03-23T18:12:05Z,403,92996,1555760,90.8,36.5
2026-03-23T18:12:06Z,404,92800,1555760,90.6,41.1
2026-03-23T18:12:07Z,405,93196,1555760,91.0,36.5
2026-03-23T18:12:08Z,406,91596,1555760,89.4,36.5
2026-03-23T18:12:10Z,407,91908,1555760,89.8,40.1
2026-03-23T18:12:11Z,408,91488,1555760,89.3,44.8
2026-03-23T18:12:12Z,409,92696,1555760,90.5,38.4
2026-03-23T18:12:13Z,410,92456,1555760,90.3,35.5
2026-03-23T18:12:14Z,411,93880,1555760,91.7,39.2
2026-03-23T18:12:15Z,412,91672,1555760,89.5,46.7
2026-03-23T18:12:16Z,413,91960,1555760,89.8,51.5
2026-03-23T18:12:17Z,414,92428,1555760,90.3,41.1
2026-03-23T18:12:18Z,415,91756,1555760,89.6,24.3
2026-03-23T18:12:19Z,416,90032,1555760,87.9,18.7
2026-03-23T18:12:20Z,417,90564,1555760,88.4,14.9
2026-03-23T18:12:21Z,418,89048,1555760,87.0,21.5
2026-03-23T18:12:22Z,419,89652,1555760,87.6,25.1
2026-03-23T18:12:23Z,420,90412,1555760,88.3,29.9
2026-03-23T18:12:25Z,421,90732,1555760,88.6,37.3
2026-03-23T18:12:26Z,422,92384,1555760,90.2,29.9
2026-03-23T18:12:27Z,423,92124,1555760,90.0,31.9
2026-03-23T18:12:28Z,424,93616,1555760,91.4,36.4
2026-03-23T18:12:29Z,425,91908,1555760,89.8,34.7
2026-03-23T18:12:30Z,426,91224,1555760,89.1,33.7
2026-03-23T18:12:31Z,427,91496,1555760,89.4,28.0
2026-03-23T18:12:32Z,428,92172,1555760,90.0,32.8
2026-03-23T18:12:33Z,429,90432,1555760,88.3,36.5
2026-03-23T18:12:34Z,430,91680,1555760,89.5,35.5
2026-03-23T18:12:35Z,431,92972,1555760,90.8,39.2
2026-03-23T18:12:36Z,432,92640,1555760,90.5,35.5
2026-03-23T18:12:37Z,433,91960,1555760,89.8,30.8
2026-03-23T18:12:38Z,434,90820,1555760,88.7,38.3
2026-03-23T18:12:40Z,435,90996,1555760,88.9,35.5
2026-03-23T18:12:41Z,436,91412,1555760,89.3,39.2
2026-03-23T18:12:42Z,437,92208,1555760,90.0,29.8
2026-03-23T18:12:43Z,438,90604,1555760,88.5,33.6
2026-03-23T18:12:44Z,439,91280,1555760,89.1,20.6
2026-03-23T18:12:45Z,440,89196,1555760,87.1,10.3
2026-03-23T18:12:46Z,441,87132,1555760,85.1,17.8
2026-03-23T18:12:47Z,442,88628,1555760,86.6,24.3
2026-03-23T18:12:48Z,443,91608,1555760,89.5,32.7
2026-03-23T18:12:49Z,444,91464,1555760,89.3,39.3
2026-03-23T18:12:50Z,445,92340,1555760,90.2,43.2
2026-03-23T18:12:51Z,446,92928,1555760,90.8,33.6
2026-03-23T18:12:52Z,447,93020,1555760,90.8,35.6
2026-03-23T18:12:53Z,448,92792,1555760,90.6,41.0
2026-03-23T18:12:54Z,449,93924,1555760,91.7,40.2
2026-03-23T18:12:56Z,450,92944,1555760,90.8,31.8
2026-03-23T18:12:57Z,451,92736,1555760,90.6,38.3
2026-03-23T18:12:58Z,452,92496,1555760,90.3,44.9
2026-03-23T18:12:59Z,453,93880,1555760,91.7,45.7
2026-03-23T18:13:00Z,454,94068,1555760,91.9,41.1
2026-03-23T18:13:01Z,455,93240,1555760,91.1,39.2
2026-03-23T18:13:02Z,456,93320,1555760,91.1,43.0
2026-03-23T18:13:03Z,457,93864,1555760,91.7,43.0
2026-03-23T18:13:04Z,458,92636,1555760,90.5,41.2
2026-03-23T18:13:05Z,459,93204,1555760,91.0,41.1
2026-03-23T18:13:06Z,460,93052,1555760,90.9,36.6
2026-03-23T18:13:07Z,461,93176,1555760,91.0,36.5
2026-03-23T18:13:08Z,462,93488,1555760,91.3,44.6
2026-03-23T18:13:09Z,463,94392,1555760,92.2,30.8
2026-03-23T18:13:11Z,464,91176,1555760,89.0,37.4
2026-03-23T18:13:12Z,465,92552,1555760,90.4,28.0
2026-03-23T18:13:13Z,466,92052,1555760,89.9,24.2
2026-03-23T18:13:14Z,467,91356,1555760,89.2,27.9
2026-03-23T18:13:15Z,468,92552,1555760,90.4,35.5
2026-03-23T18:13:16Z,469,93388,1555760,91.2,40.3
2026-03-23T18:13:17Z,470,92928,1555760,90.8,46.8
2026-03-23T18:13:18Z,471,92716,1555760,90.5,53.3
2026-03-23T18:13:19Z,472,93272,1555760,91.1,45.7
2026-03-23T18:13:20Z,473,91248,1555760,89.1,43.9
2026-03-23T18:13:21Z,474,92660,1555760,90.5,36.4
2026-03-23T18:13:22Z,475,93116,1555760,90.9,36.4
2026-03-23T18:13:23Z,476,93972,1555760,91.8,40.2
2026-03-23T18:13:24Z,477,93240,1555760,91.1,38.3
2026-03-23T18:13:26Z,478,92752,1555760,90.6,34.5
2026-03-23T18:13:27Z,479,93544,1555760,91.4,39.3
2026-03-23T18:13:28Z,480,91596,1555760,89.4,38.3
2026-03-23T18:13:29Z,481,92508,1555760,90.3,27.1
2026-03-23T18:13:30Z,482,91888,1555760,89.7,38.4
2026-03-23T18:13:31Z,483,91552,1555760,89.4,42.9
2026-03-23T18:13:32Z,484,92140,1555760,90.0,31.8
2026-03-23T18:13:33Z,485,91436,1555760,89.3,26.1
2026-03-23T18:13:34Z,486,90440,1555760,88.3,25.3
2026-03-23T18:13:35Z,487,92352,1555760,90.2,29.9
2026-03-23T18:13:36Z,488,92656,1555760,90.5,21.5
2026-03-23T18:13:37Z,489,91460,1555760,89.3,22.4
2026-03-23T18:13:38Z,490,90516,1555760,88.4,29.0
2026-03-23T18:13:39Z,491,91508,1555760,89.4,34.6
2026-03-23T18:13:41Z,492,92664,1555760,90.5,41.1
2026-03-23T18:13:42Z,493,91816,1555760,89.7,31.7
2026-03-23T18:13:43Z,494,92604,1555760,90.4,31.9
2026-03-23T18:13:44Z,495,91752,1555760,89.6,29.0
2026-03-23T18:13:45Z,496,91488,1555760,89.3,35.7
2026-03-23T18:13:46Z,497,91120,1555760,89.0,42.3
2026-03-23T18:13:47Z,498,91748,1555760,89.6,37.3
2026-03-23T18:13:48Z,499,92400,1555760,90.2,37.5
2026-03-23T18:13:49Z,500,91684,1555760,89.5,29.8
2026-03-23T18:13:50Z,501,92652,1555760,90.5,28.0
2026-03-23T18:13:51Z,502,92360,1555760,90.2,28.1
2026-03-23T18:13:52Z,503,91760,1555760,89.6,29.0
2026-03-23T18:13:53Z,504,93420,1555760,91.2,33.6
2026-03-23T18:13:54Z,505,92792,1555760,90.6,40.1
2026-03-23T18:13:55Z,506,92936,1555760,90.8,29.9
2026-03-23T18:13:57Z,507,92684,1555760,90.5,31.7
2026-03-23T18:13:58Z,508,91864,1555760,89.7,29.9
2026-03-23T18:13:59Z,509,93152,1555760,91.0,33.6
2026-03-23T18:14:00Z,510,94352,1555760,92.1,40.3
2026-03-23T18:14:01Z,511,92404,1555760,90.2,21.4
2026-03-23T18:14:02Z,512,92404,1555760,90.2,0.0
2026-03-23T18:14:03Z,513,96760,1562416,94.5,9.3
2026-03-23T18:14:04Z,514,96412,1562416,94.2,24.3
2026-03-23T18:14:05Z,515,94412,1562416,92.2,29.0
2026-03-23T18:14:06Z,516,94720,1562416,92.5,27.0
2026-03-23T18:14:07Z,517,96740,1562416,94.5,26.2
2026-03-23T18:14:08Z,518,94772,1562416,92.6,32.8
2026-03-23T18:14:09Z,519,92824,1562416,90.6,41.2
2026-03-23T18:14:10Z,520,92496,1562416,90.3,32.7
2026-03-23T18:14:12Z,521,93160,1562416,91.0,36.4
2026-03-23T18:14:13Z,522,92836,1562416,90.7,29.9
2026-03-23T18:14:14Z,523,91420,1562416,89.3,34.5
2026-03-23T18:14:15Z,524,92060,1562416,89.9,40.3
2026-03-23T18:14:16Z,525,92204,1562416,90.0,46.7
2026-03-23T18:14:17Z,526,94876,1562416,92.7,53.3
2026-03-23T18:14:18Z,527,94048,1562416,91.8,42.2
2026-03-23T18:14:19Z,528,92236,1562416,90.1,32.6
2026-03-23T18:14:20Z,529,92444,1562416,90.3,35.6
2026-03-23T18:14:21Z,530,91744,1562416,89.6,32.8
2026-03-23T18:14:22Z,531,92244,1562416,90.1,38.5
2026-03-23T18:14:23Z,532,93976,1562416,91.8,41.2
2026-03-23T18:14:24Z,533,94224,1562416,92.0,36.3
2026-03-23T18:14:25Z,534,92748,1562416,90.6,34.5
2026-03-23T18:14:27Z,535,93328,1562416,91.1,34.5
2026-03-23T18:14:28Z,536,92988,1562416,90.8,33.6
2026-03-23T18:14:29Z,537,93440,1562416,91.2,31.7
2026-03-23T18:14:30Z,538,92880,1562416,90.7,38.3
2026-03-23T18:14:31Z,539,92960,1562416,90.8,29.8
2026-03-23T18:14:32Z,540,91840,1562416,89.7,28.0
2026-03-23T18:14:33Z,541,91652,1562416,89.5,28.9
2026-03-23T18:14:34Z,542,91440,1562416,89.3,36.4
2026-03-23T18:14:35Z,543,92316,1562416,90.2,31.7
2026-03-23T18:14:36Z,544,92396,1562416,90.2,36.5
2026-03-23T18:14:37Z,545,91456,1562416,89.3,26.1
2026-03-23T18:14:38Z,546,91232,1562416,89.1,31.7
2026-03-23T18:14:39Z,547,90712,1562416,88.6,39.2
2026-03-23T18:14:40Z,548,91880,1562416,89.7,36.6
2026-03-23T18:14:42Z,549,90828,1562416,88.7,38.4
2026-03-23T18:14:43Z,550,92068,1562416,89.9,45.6
2026-03-23T18:14:44Z,551,92508,1562416,90.3,39.2
2026-03-23T18:14:45Z,552,92396,1562416,90.2,45.7
2026-03-23T18:14:46Z,553,94540,1562416,92.3,50.3
2026-03-23T18:14:47Z,554,93608,1562416,91.4,57.1
2026-03-23T18:14:48Z,555,95156,1562416,92.9,62.6
2026-03-23T18:14:49Z,556,94712,1562416,92.5,59.8
2026-03-23T18:14:50Z,557,95720,1562416,93.5,57.0
2026-03-23T18:14:51Z,558,94988,1562416,92.8,52.3
2026-03-23T18:14:52Z,559,94124,1562416,91.9,54.9
2026-03-23T18:14:53Z,560,93984,1562416,91.8,48.6
2026-03-23T18:14:54Z,561,94408,1562416,92.2,47.5
2026-03-23T18:14:55Z,562,94504,1562416,92.3,45.0
2026-03-23T18:14:57Z,563,94548,1562416,92.3,47.7
2026-03-23T18:14:58Z,564,93804,1562416,91.6,45.7
2026-03-23T18:14:59Z,565,94348,1562416,92.1,47.6
2026-03-23T18:15:00Z,566,93188,1562416,91.0,47.6
2026-03-23T18:15:01Z,567,93528,1562416,91.3,41.2
2026-03-23T18:15:02Z,568,93896,1562416,91.7,48.7
2026-03-23T18:15:03Z,569,92992,1562416,90.8,42.0
2026-03-23T18:15:04Z,570,94268,1562416,92.1,36.5
2026-03-23T18:15:05Z,571,94040,1562416,91.8,43.0
2026-03-23T18:15:06Z,572,94472,1562416,92.3,43.8
2026-03-23T18:15:07Z,573,94892,1562416,92.7,41.0
2026-03-23T18:15:08Z,574,93812,1562416,91.6,36.4
2026-03-23T18:15:09Z,575,93628,1562416,91.4,42.9
2026-03-23T18:15:10Z,576,93444,1562416,91.3,36.3
2026-03-23T18:15:12Z,577,94140,1562416,91.9,37.3
2026-03-23T18:15:13Z,578,93208,1562416,91.0,32.7
2026-03-23T18:15:14Z,579,93796,1562416,91.6,36.4
2026-03-23T18:15:15Z,580,94144,1562416,91.9,41.0
2026-03-23T18:15:16Z,581,94508,1562416,92.3,38.3
2026-03-23T18:15:17Z,582,94036,1562416,91.8,43.0
2026-03-23T18:15:18Z,583,92104,1562416,89.9,40.3
2026-03-23T18:15:19Z,584,92608,1562416,90.4,42.9
2026-03-23T18:15:20Z,585,92836,1562416,90.7,48.6
2026-03-23T18:15:21Z,586,94348,1562416,92.1,35.6
2026-03-23T18:15:22Z,587,92460,1562416,90.3,32.6
2026-03-23T18:15:23Z,588,95380,1562416,93.1,64.3
2026-03-23T18:15:24Z,589,95348,1562416,93.1,55.2
2026-03-23T18:15:25Z,590,95124,1562416,92.9,43.0
2026-03-23T18:15:26Z,591,94476,1562416,92.3,47.7
2026-03-23T18:15:28Z,592,95572,1562416,93.3,44.0
2026-03-23T18:15:29Z,593,94592,1562416,92.4,40.3
2026-03-23T18:15:30Z,594,94516,1562416,92.3,43.8
2026-03-23T18:15:31Z,595,94324,1562416,92.1,43.0
2026-03-23T18:15:32Z,596,94804,1562416,92.6,43.1
2026-03-23T18:15:33Z,597,94652,1562416,92.4,40.9
2026-03-23T18:15:34Z,598,93984,1562416,91.8,43.0
2026-03-23T18:15:35Z,599,93524,1562416,91.3,48.6
2026-03-23T18:15:36Z,600,93772,1562416,91.6,40.2
2026-03-23T18:15:37Z,601,93244,1562416,91.1,44.9
2026-03-23T18:15:38Z,602,92816,1562416,90.6,43.9
2026-03-23T18:15:39Z,603,93248,1562416,91.1,45.8
2026-03-23T18:15:40Z,604,93740,1562416,91.5,51.3
2026-03-23T18:15:41Z,605,94836,1562416,92.6,57.6
2026-03-23T18:15:43Z,606,93856,1562416,91.7,49.4
2026-03-23T18:15:44Z,607,93272,1562416,91.1,33.7
2026-03-23T18:15:45Z,608,93424,1562416,91.2,38.4
2026-03-23T18:15:46Z,609,92952,1562416,90.8,33.6
2026-03-23T18:15:47Z,610,92472,1562416,90.3,42.0
2026-03-23T18:15:48Z,611,93332,1562416,91.1,42.0
2026-03-23T18:15:49Z,612,95612,1562416,93.4,29.9
2026-03-23T18:15:50Z,613,93700,1562416,91.5,39.3
2026-03-23T18:15:51Z,614,93396,1562416,91.2,40.1
2026-03-23T18:15:52Z,615,94276,1562416,92.1,49.6
2026-03-23T18:15:53Z,616,93768,1562416,91.6,46.8
2026-03-23T18:15:54Z,617,93100,1562416,90.9,48.6
2026-03-23T18:15:55Z,618,93036,1562416,90.9,53.2
2026-03-23T18:15:56Z,619,94496,1562416,92.3,55.1
2026-03-23T18:15:58Z,620,92680,1562416,90.5,55.2
2026-03-23T18:15:59Z,621,93464,1562416,91.3,51.4
2026-03-23T18:16:00Z,622,94308,1562416,92.1,53.1
2026-03-23T18:16:01Z,623,92680,1562416,90.5,48.6
2026-03-23T18:16:02Z,624,92744,1562416,90.6,36.5
2026-03-23T18:16:03Z,625,91936,1562416,89.8,33.6
2026-03-23T18:16:04Z,626,92168,1562416,90.0,0.0
2026-03-23T18:16:05Z,627,94444,1562416,92.2,0.9
2026-03-23T18:16:06Z,628,92904,1562416,90.7,26.2
2026-03-23T18:16:07Z,629,93372,1562416,91.2,18.7
2026-03-23T18:16:08Z,630,94584,1562416,92.4,25.2
2026-03-23T18:16:09Z,631,93936,1562416,91.7,26.1
2026-03-23T18:16:10Z,632,94420,1562416,92.2,24.2
2026-03-23T18:16:11Z,633,92868,1562416,90.7,28.9
2026-03-23T18:16:13Z,634,93012,1562416,90.8,29.9
2026-03-23T18:16:14Z,635,92408,1562416,90.2,32.7
2026-03-23T18:16:15Z,636,93304,1562416,91.1,33.6
2026-03-23T18:16:16Z,637,92732,1562416,90.6,33.6
2026-03-23T18:16:17Z,638,92868,1562416,90.7,38.3
2026-03-23T18:16:18Z,639,93104,1562416,90.9,37.4
2026-03-23T18:16:19Z,640,93496,1562416,91.3,41.1
2026-03-23T18:16:20Z,641,92380,1562416,90.2,43.0
2026-03-23T18:16:21Z,642,92328,1562416,90.2,41.2
2026-03-23T18:16:22Z,643,92492,1562416,90.3,43.1
2026-03-23T18:16:23Z,644,92724,1562416,90.6,42.0
2026-03-23T18:16:24Z,645,92316,1562416,90.2,44.9
2026-03-23T18:16:25Z,646,93504,1562416,91.3,30.8
2026-03-23T18:16:26Z,647,91772,1562416,89.6,37.4
2026-03-23T18:16:28Z,648,91284,1562416,89.1,42.0
2026-03-23T18:16:29Z,649,92524,1562416,90.4,48.6
2026-03-23T18:16:30Z,650,93200,1562416,91.0,41.1
2026-03-23T18:16:31Z,651,93256,1562416,91.1,42.9
2026-03-23T18:16:32Z,652,92200,1562416,90.0,39.3
2026-03-23T18:16:33Z,653,93804,1562416,91.6,47.8
2026-03-23T18:16:34Z,654,91576,1562416,89.4,45.8
2026-03-23T18:16:35Z,655,93160,1562416,91.0,33.6
2026-03-23T18:16:36Z,656,92424,1562416,90.3,32.7
2026-03-23T18:16:37Z,657,92488,1562416,90.3,28.9
2026-03-23T18:16:38Z,658,92500,1562416,90.3,32.7
2026-03-23T18:16:39Z,659,92164,1562416,90.0,29.8
2026-03-23T18:16:40Z,660,92172,1562416,90.0,35.7
2026-03-23T18:16:41Z,661,92516,1562416,90.3,41.2
2026-03-23T18:16:42Z,662,93088,1562416,90.9,42.2
2026-03-23T18:16:44Z,663,93196,1562416,91.0,41.1
2026-03-23T18:16:45Z,664,92556,1562416,90.4,36.6
2026-03-23T18:16:46Z,665,92624,1562416,90.5,41.1
2026-03-23T18:16:47Z,666,93416,1562416,91.2,42.2
2026-03-23T18:16:48Z,667,93104,1562416,90.9,31.9
2026-03-23T18:16:49Z,668,92496,1562416,90.3,36.4
2026-03-23T18:16:50Z,669,91944,1562416,89.8,32.7
2026-03-23T18:16:51Z,670,90944,1562416,88.8,36.4
2026-03-23T18:16:52Z,671,91392,1562416,89.2,28.0
2026-03-23T18:16:53Z,672,92740,1562416,90.6,30.8
2026-03-23T18:16:54Z,673,92580,1562416,90.4,30.8
2026-03-23T18:16:55Z,674,91720,1562416,89.6,37.4
2026-03-23T18:16:56Z,675,92272,1562416,90.1,33.7
2026-03-23T18:16:57Z,676,94152,1562416,91.9,29.0
2026-03-23T18:16:59Z,677,92760,1562416,90.6,37.4
2026-03-23T18:17:00Z,678,93292,1562416,91.1,31.8
2026-03-23T18:17:01Z,679,94076,1562416,91.9,31.8
2026-03-23T18:17:02Z,680,92228,1562416,90.1,24.3
2026-03-23T18:17:03Z,681,93500,1562416,91.3,32.7
2026-03-23T18:17:04Z,682,94272,1562416,92.1,38.2
2026-03-23T18:17:05Z,683,94248,1562416,92.0,41.1
2026-03-23T18:17:06Z,684,94072,1562416,91.9,34.5
2026-03-23T18:17:07Z,685,94252,1562416,92.0,32.7
2026-03-23T18:17:08Z,686,92684,1562416,90.5,42.1
2026-03-23T18:17:09Z,687,93480,1562416,91.3,43.0
2026-03-23T18:17:10Z,688,94180,1562416,92.0,41.0
2026-03-23T18:17:11Z,689,94172,1562416,92.0,47.7
2026-03-23T18:17:12Z,690,94252,1562416,92.0,35.5
2026-03-23T18:17:14Z,691,91836,1562416,89.7,27.1
2026-03-23T18:17:15Z,692,93612,1562416,91.4,24.3
2026-03-23T18:17:16Z,693,92712,1562416,90.5,33.6
2026-03-23T18:17:17Z,694,92888,1562416,90.7,40.2
2026-03-23T18:17:18Z,695,94324,1562416,92.1,39.3
2026-03-23T18:17:19Z,696,93984,1562416,91.8,30.8
2026-03-23T18:17:20Z,697,94104,1562416,91.9,37.5
2026-03-23T18:17:21Z,698,93844,1562416,91.6,44.8
2026-03-23T18:17:22Z,699,94836,1562416,92.6,48.5
2026-03-23T18:17:23Z,700,95204,1562416,93.0,41.2
2026-03-23T18:17:24Z,701,93476,1562416,91.3,37.6
2026-03-23T18:17:25Z,702,94248,1562416,92.0,43.1
2026-03-23T18:17:26Z,703,94620,1562416,92.4,44.0
2026-03-23T18:17:27Z,704,94888,1562416,92.7,52.2
2026-03-23T18:17:28Z,705,94028,1562416,91.8,40.2
2026-03-23T18:17:30Z,706,93516,1562416,91.3,44.0
2026-03-23T18:17:31Z,707,93368,1562416,91.2,38.3
2026-03-23T18:17:32Z,708,92992,1562416,90.8,43.1
2026-03-23T18:17:33Z,709,93348,1562416,91.2,41.2
2026-03-23T18:17:34Z,710,93484,1562416,91.3,43.0
2026-03-23T18:17:35Z,711,94272,1562416,92.1,48.6
2026-03-23T18:17:36Z,712,94232,1562416,92.0,41.2
2026-03-23T18:17:37Z,713,94648,1562416,92.4,46.6
2026-03-23T18:17:38Z,714,94832,1562416,92.6,51.3
2026-03-23T18:17:39Z,715,94244,1562416,92.0,41.1
2026-03-23T18:17:40Z,716,95280,1562416,93.0,49.5
2026-03-23T18:17:41Z,717,95012,1562416,92.8,49.4
2026-03-23T18:17:42Z,718,95228,1562416,93.0,47.5
2026-03-23T18:17:43Z,719,95172,1562416,92.9,48.6
2026-03-23T18:17:45Z,720,95804,1562416,93.6,49.4
2026-03-23T18:17:46Z,721,95260,1562416,93.0,44.8
2026-03-23T18:17:47Z,722,95212,1562416,93.0,42.9
2026-03-23T18:17:48Z,723,94740,1562416,92.5,49.4
2026-03-23T18:17:49Z,724,95836,1562416,93.6,48.7
2026-03-23T18:17:50Z,725,95556,1562416,93.3,47.7
2026-03-23T18:17:51Z,726,95488,1562416,93.2,50.3
2026-03-23T18:17:52Z,727,94360,1562416,92.1,43.8
2026-03-23T18:17:53Z,728,94708,1562416,92.5,47.5
2026-03-23T18:17:54Z,729,95316,1562416,93.1,42.0
2026-03-23T18:17:55Z,730,95160,1562416,92.9,36.4
2026-03-23T18:17:56Z,731,94964,1562416,92.7,43.0
2026-03-23T18:17:57Z,732,94792,1562416,92.6,42.9
2026-03-23T18:17:58Z,733,93944,1562416,91.7,43.0
2026-03-23T18:18:00Z,734,94772,1562416,92.6,47.6
2026-03-23T18:18:01Z,735,93796,1562416,91.6,42.0
2026-03-23T18:18:02Z,736,96032,1562416,93.8,38.3
2026-03-23T18:18:03Z,737,94496,1562416,92.3,43.1
2026-03-23T18:18:04Z,738,94920,1562416,92.7,45.8
2026-03-23T18:18:05Z,739,94536,1562416,92.3,41.2
2026-03-23T18:18:06Z,740,94244,1562416,92.0,13.0
2026-03-23T18:18:07Z,741,94244,1562416,92.0,0.0
2026-03-23T18:18:08Z,742,98476,1566000,96.2,26.2
2026-03-23T18:18:09Z,743,96824,1566000,94.6,33.6
2026-03-23T18:18:10Z,744,98976,1566000,96.7,32.7
2026-03-23T18:18:11Z,745,95504,1566000,93.3,40.3
2026-03-23T18:18:12Z,746,96600,1566000,94.3,34.6
2026-03-23T18:18:13Z,747,97192,1566000,94.9,22.4
2026-03-23T18:18:15Z,748,96340,1566000,94.1,36.3
2026-03-23T18:18:16Z,749,95136,1566000,92.9,39.1
2026-03-23T18:18:17Z,750,96048,1566000,93.8,46.6
2026-03-23T18:18:18Z,751,96684,1566000,94.4,36.3
2026-03-23T18:18:19Z,752,94984,1566000,92.8,30.0
2026-03-23T18:18:20Z,753,95616,1566000,93.4,31.7
2026-03-23T18:18:21Z,754,95964,1566000,93.7,38.3
2026-03-23T18:18:22Z,755,94724,1566000,92.5,37.2
2026-03-23T18:18:23Z,756,96284,1566000,94.0,38.2
2026-03-23T18:18:24Z,757,96784,1566000,94.5,36.4
2026-03-23T18:18:25Z,758,96828,1566000,94.6,40.1
2026-03-23T18:18:26Z,759,96188,1566000,93.9,38.3
2026-03-23T18:18:27Z,760,96916,1566000,94.6,34.7
2026-03-23T18:18:28Z,761,95808,1566000,93.6,39.3
2026-03-23T18:18:30Z,762,96268,1566000,94.0,44.7
2026-03-23T18:18:31Z,763,95180,1566000,92.9,50.5
2026-03-23T18:18:32Z,764,97664,1566000,95.4,33.6
2026-03-23T18:18:33Z,765,97288,1566000,95.0,38.3
2026-03-23T18:18:34Z,766,96260,1566000,94.0,43.0
2026-03-23T18:18:35Z,767,97336,1566000,95.1,37.4
2026-03-23T18:18:36Z,768,97048,1566000,94.8,41.3
2026-03-23T18:18:37Z,769,94404,1566000,92.2,27.1
2026-03-23T18:18:38Z,770,95932,1566000,93.7,36.4
2026-03-23T18:18:39Z,771,94876,1566000,92.7,39.2
2026-03-23T18:18:40Z,772,96020,1566000,93.8,42.9
2026-03-23T18:18:41Z,773,96164,1566000,93.9,41.0
2026-03-23T18:18:42Z,774,96044,1566000,93.8,42.9
2026-03-23T18:18:43Z,775,96156,1566000,93.9,39.2
2026-03-23T18:18:45Z,776,96536,1566000,94.3,44.7
2026-03-23T18:18:46Z,777,96684,1566000,94.4,52.5
2026-03-23T18:18:47Z,778,95436,1566000,93.2,50.3
2026-03-23T18:18:48Z,779,96156,1566000,93.9,47.5
2026-03-23T18:18:49Z,780,96960,1566000,94.7,44.8
2026-03-23T18:18:50Z,781,97320,1566000,95.0,45.8
2026-03-23T18:18:51Z,782,96776,1566000,94.5,52.4
2026-03-23T18:18:52Z,783,97180,1566000,94.9,36.4
2026-03-23T18:18:53Z,784,95468,1566000,93.2,42.1
2026-03-23T18:18:54Z,785,94280,1566000,92.1,37.4
2026-03-23T18:18:55Z,786,93452,1566000,91.3,39.2
2026-03-23T18:18:56Z,787,95500,1566000,93.3,45.7
2026-03-23T18:18:57Z,788,95500,1566000,93.3,51.4
2026-03-23T18:18:58Z,789,96412,1566000,94.2,63.3
2026-03-23T18:19:00Z,790,96448,1566000,94.2,68.0
2026-03-23T18:19:01Z,791,96264,1566000,94.0,58.9
2026-03-23T18:19:02Z,792,95664,1566000,93.4,33.6
2026-03-23T18:19:03Z,793,96784,1566000,94.5,42.0
2026-03-23T18:19:04Z,794,96624,1566000,94.4,49.6
2026-03-23T18:19:05Z,795,97168,1566000,94.9,40.2
2026-03-23T18:19:06Z,796,95716,1566000,93.5,46.7
2026-03-23T18:19:07Z,797,96896,1566000,94.6,38.3
2026-03-23T18:19:08Z,798,95904,1566000,93.7,44.8
2026-03-23T18:19:09Z,799,95820,1566000,93.6,41.0
2026-03-23T18:19:10Z,800,95484,1566000,93.2,46.8
2026-03-23T18:19:11Z,801,95536,1566000,93.3,52.4
2026-03-23T18:19:12Z,802,95460,1566000,93.2,42.0
2026-03-23T18:19:13Z,803,95476,1566000,93.2,30.0
2026-03-23T18:19:15Z,804,94764,1566000,92.5,34.5
2026-03-23T18:19:16Z,805,96192,1566000,93.9,41.0
2026-03-23T18:19:17Z,806,94776,1566000,92.6,43.0
2026-03-23T18:19:18Z,807,95544,1566000,93.3,48.5
2026-03-23T18:19:19Z,808,96948,1566000,94.7,34.6
2026-03-23T18:19:20Z,809,96840,1566000,94.6,40.2
2026-03-23T18:19:21Z,810,95692,1566000,93.4,35.6
2026-03-23T18:19:22Z,811,94416,1566000,92.2,41.2
2026-03-23T18:19:23Z,812,94016,1566000,91.8,45.8
2026-03-23T18:19:24Z,813,95456,1566000,93.2,39.3
2026-03-23T18:19:25Z,814,94140,1566000,91.9,33.7
2026-03-23T18:19:26Z,815,95328,1566000,93.1,41.0
2026-03-23T18:19:27Z,816,95460,1566000,93.2,28.9
2026-03-23T18:19:28Z,817,93140,1566000,91.0,34.6
2026-03-23T18:19:30Z,818,96136,1566000,93.9,29.9
2026-03-23T18:19:31Z,819,93712,1566000,91.5,33.6
2026-03-23T18:19:32Z,820,93620,1566000,91.4,25.2
2026-03-23T18:19:33Z,821,95208,1566000,93.0,30.8
2026-03-23T18:19:34Z,822,94024,1566000,91.8,29.9
2026-03-23T18:19:35Z,823,96168,1566000,93.9,33.6
2026-03-23T18:19:36Z,824,95244,1566000,93.0,41.1
2026-03-23T18:19:37Z,825,95268,1566000,93.0,26.2
2026-03-23T18:19:38Z,826,94480,1566000,92.3,27.1
2026-03-23T18:19:39Z,827,96488,1566000,94.2,31.8
2026-03-23T18:19:40Z,828,96408,1566000,94.1,31.7
2026-03-23T18:19:41Z,829,96076,1566000,93.8,36.4
2026-03-23T18:19:42Z,830,93800,1566000,91.6,42.0
2026-03-23T18:19:43Z,831,95412,1566000,93.2,49.5
2026-03-23T18:19:44Z,832,95612,1566000,93.4,47.8
2026-03-23T18:19:46Z,833,95440,1566000,93.2,46.8
2026-03-23T18:19:47Z,834,96528,1566000,94.3,53.1
2026-03-23T18:19:48Z,835,97280,1566000,95.0,60.9
2026-03-23T18:19:49Z,836,96936,1566000,94.7,49.5
2026-03-23T18:19:50Z,837,96340,1566000,94.1,44.0
2026-03-23T18:19:51Z,838,94968,1566000,92.7,48.6
2026-03-23T18:19:52Z,839,95084,1566000,92.9,44.0
2026-03-23T18:19:53Z,840,93264,1566000,91.1,44.8
2026-03-23T18:19:54Z,841,95076,1566000,92.8,44.0
2026-03-23T18:19:55Z,842,94600,1566000,92.4,25.3
2026-03-23T18:19:56Z,843,93708,1566000,91.5,34.7
2026-03-23T18:19:57Z,844,93888,1566000,91.7,39.3
2026-03-23T18:19:58Z,845,95052,1566000,92.8,46.7
2026-03-23T18:19:59Z,846,96344,1566000,94.1,52.2
2026-03-23T18:20:01Z,847,95352,1566000,93.1,40.1
2026-03-23T18:20:02Z,848,93416,1566000,91.2,36.4
2026-03-23T18:20:03Z,849,95176,1566000,92.9,33.6
2026-03-23T18:20:04Z,850,95488,1566000,93.2,40.1
2026-03-23T18:20:05Z,851,96000,1566000,93.8,46.7
2026-03-23T18:20:06Z,852,96740,1566000,94.5,43.9
2026-03-23T18:20:07Z,853,95080,1566000,92.9,29.1
2026-03-23T18:20:08Z,854,95276,1566000,93.0,14.0
2026-03-23T18:20:09Z,855,95276,1566000,93.0,0.0
2026-03-23T18:20:10Z,856,96204,1570096,93.9,12.1
2026-03-23T18:20:11Z,857,93616,1570096,91.4,28.9
2026-03-23T18:20:12Z,858,96912,1570096,94.6,29.8
2026-03-23T18:20:13Z,859,96432,1570096,94.2,31.7
2026-03-23T18:20:14Z,860,97532,1570096,95.2,37.4
2026-03-23T18:20:16Z,861,96460,1570096,94.2,33.6
2026-03-23T18:20:17Z,862,96380,1570096,94.1,42.1
2026-03-23T18:20:18Z,863,97972,1570096,95.7,45.7
2026-03-23T18:20:19Z,864,96680,1570096,94.4,36.4
2026-03-23T18:20:20Z,865,95996,1570096,93.7,36.4
2026-03-23T18:20:21Z,866,95524,1570096,93.3,31.7
2026-03-23T18:20:22Z,867,95352,1570096,93.1,42.0
2026-03-23T18:20:23Z,868,95580,1570096,93.3,42.0
2026-03-23T18:20:24Z,869,95840,1570096,93.6,38.4
2026-03-23T18:20:25Z,870,96692,1570096,94.4,30.0
2026-03-23T18:20:26Z,871,96284,1570096,94.0,29.0
2026-03-23T18:20:27Z,872,97832,1570096,95.5,36.5
2026-03-23T18:20:28Z,873,98104,1570096,95.8,43.9
2026-03-23T18:20:29Z,874,97492,1570096,95.2,46.7
2026-03-23T18:20:31Z,875,97624,1570096,95.3,42.9
2026-03-23T18:20:32Z,876,96700,1570096,94.4,48.5
2026-03-23T18:20:33Z,877,97572,1570096,95.3,54.2
2026-03-23T18:20:34Z,878,95972,1570096,93.7,48.6
2026-03-23T18:20:35Z,879,97788,1570096,95.5,53.3
2026-03-23T18:20:36Z,880,97224,1570096,94.9,52.3
2026-03-23T18:20:37Z,881,96696,1570096,94.4,35.4
2026-03-23T18:20:38Z,882,97176,1570096,94.9,40.1
2026-03-23T18:20:39Z,883,95788,1570096,93.5,39.2
2026-03-23T18:20:40Z,884,94688,1570096,92.5,43.1
2026-03-23T18:20:41Z,885,95856,1570096,93.6,49.5
2026-03-23T18:20:42Z,886,95476,1570096,93.2,42.1
2026-03-23T18:20:43Z,887,96360,1570096,94.1,39.3
2026-03-23T18:20:44Z,888,95944,1570096,93.7,37.4
2026-03-23T18:20:46Z,889,96760,1570096,94.5,33.6
2026-03-23T18:20:47Z,890,93688,1570096,91.5,35.5
2026-03-23T18:20:48Z,891,96272,1570096,94.0,30.8
2026-03-23T18:20:49Z,892,95396,1570096,93.2,29.9
2026-03-23T18:20:50Z,893,93960,1570096,91.8,25.2
2026-03-23T18:20:51Z,894,93284,1570096,91.1,32.8
2026-03-23T18:20:52Z,895,93180,1570096,91.0,30.0
2026-03-23T18:20:53Z,896,94992,1570096,92.8,31.8
2026-03-23T18:20:54Z,897,95092,1570096,92.9,24.3
2026-03-23T18:20:55Z,898,94332,1570096,92.1,25.2
2026-03-23T18:20:56Z,899,95336,1570096,93.1,29.0
2026-03-23T18:20:57Z,900,96152,1570096,93.9,37.4
2026-03-23T18:20:58Z,901,96648,1570096,94.4,36.5
2026-03-23T18:20:59Z,902,97240,1570096,95.0,37.4
2026-03-23T18:21:00Z,903,96028,1570096,93.8,37.4
2026-03-23T18:21:02Z,904,96456,1570096,94.2,36.4
2026-03-23T18:21:03Z,905,94952,1570096,92.7,42.0
2026-03-23T18:21:04Z,906,96568,1570096,94.3,48.5
2026-03-23T18:21:05Z,907,95816,1570096,93.6,52.2
2026-03-23T18:21:06Z,908,95920,1570096,93.7,35.6
2026-03-23T18:21:07Z,909,95776,1570096,93.5,34.6
2026-03-23T18:21:08Z,910,95632,1570096,93.4,37.3
2026-03-23T18:21:09Z,911,95152,1570096,92.9,40.3
2026-03-23T18:21:10Z,912,95652,1570096,93.4,41.1
2026-03-23T18:21:11Z,913,95528,1570096,93.3,43.8
2026-03-23T18:21:12Z,914,94636,1570096,92.4,39.4
2026-03-23T18:21:13Z,915,94640,1570096,92.4,45.7
2026-03-23T18:21:14Z,916,95196,1570096,93.0,53.2
2026-03-23T18:21:15Z,917,95328,1570096,93.1,49.4
2026-03-23T18:21:17Z,918,96112,1570096,93.9,48.7
2026-03-23T18:21:18Z,919,95516,1570096,93.3,56.9
2026-03-23T18:21:19Z,920,94848,1570096,92.6,42.0
2026-03-23T18:21:20Z,921,95364,1570096,93.1,40.1
2026-03-23T18:21:21Z,922,95440,1570096,93.2,43.0
2026-03-23T18:21:22Z,923,95900,1570096,93.7,41.1
2026-03-23T18:21:23Z,924,94540,1570096,92.3,44.7
2026-03-23T18:21:24Z,925,95768,1570096,93.5,52.2
2026-03-23T18:21:25Z,926,94748,1570096,92.5,52.2
2026-03-23T18:21:26Z,927,95788,1570096,93.5,47.5
2026-03-23T18:21:27Z,928,95680,1570096,93.4,54.3
2026-03-23T18:21:28Z,929,95500,1570096,93.3,61.7
2026-03-23T18:21:29Z,930,95484,1570096,93.2,55.1
2026-03-23T18:21:30Z,931,94624,1570096,92.4,35.5
2026-03-23T18:21:32Z,932,94964,1570096,92.7,27.1
2026-03-23T18:21:33Z,933,94492,1570096,92.3,37.4
2026-03-23T18:21:34Z,934,95172,1570096,92.9,43.9
2026-03-23T18:21:35Z,935,95924,1570096,93.7,50.4
2026-03-23T18:21:36Z,936,95604,1570096,93.4,42.1
2026-03-23T18:21:37Z,937,96028,1570096,93.8,27.1
2026-03-23T18:21:38Z,938,94460,1570096,92.2,34.6
2026-03-23T18:21:39Z,939,94480,1570096,92.3,39.3
2026-03-23T18:21:40Z,940,95044,1570096,92.8,35.5
2026-03-23T18:21:41Z,941,95816,1570096,93.6,39.2
2026-03-23T18:21:42Z,942,96112,1570096,93.9,39.2
2026-03-23T18:21:43Z,943,95324,1570096,93.1,31.9
2026-03-23T18:21:44Z,944,95388,1570096,93.2,36.6
2026-03-23T18:21:45Z,945,93736,1570096,91.5,37.3
2026-03-23T18:21:47Z,946,93296,1570096,91.1,41.1
2026-03-23T18:21:48Z,947,95012,1570096,92.8,47.6
2026-03-23T18:21:49Z,948,95476,1570096,93.2,41.9
2026-03-23T18:21:50Z,949,96440,1570096,94.2,46.7
2026-03-23T18:21:51Z,950,95396,1570096,93.2,42.0
2026-03-23T18:21:52Z,951,94576,1570096,92.4,44.8
2026-03-23T18:21:53Z,952,95600,1570096,93.4,37.4
2026-03-23T18:21:54Z,953,95124,1570096,92.9,32.8
2026-03-23T18:21:55Z,954,93832,1570096,91.6,29.0
2026-03-23T18:21:56Z,955,94812,1570096,92.6,36.5
2026-03-23T18:21:57Z,956,95312,1570096,93.1,45.4
2026-03-23T18:21:58Z,957,95792,1570096,93.5,48.6
2026-03-23T18:21:59Z,958,95308,1570096,93.1,44.8
2026-03-23T18:22:00Z,959,96200,1570096,93.9,34.5
2026-03-23T18:22:02Z,960,94308,1570096,92.1,26.1
2026-03-23T18:22:03Z,961,95236,1570096,93.0,30.7
2026-03-23T18:22:04Z,962,93460,1570096,91.3,42.0
2026-03-23T18:22:05Z,963,93468,1570096,91.3,42.2
2026-03-23T18:22:06Z,964,94432,1570096,92.2,37.3
2026-03-23T18:22:07Z,965,95828,1570096,93.6,44.8
2026-03-23T18:22:08Z,966,95208,1570096,93.0,43.1
2026-03-23T18:22:09Z,967,96104,1570096,93.9,32.7
2026-03-23T18:22:10Z,968,94116,1570096,91.9,37.3
2026-03-23T18:22:11Z,969,94116,1570096,91.9,0.0
2026-03-23T18:22:12Z,970,97008,1573680,94.7,4.7
2026-03-23T18:22:13Z,971,95508,1573680,93.3,32.8
2026-03-23T18:22:14Z,972,94756,1573680,92.5,29.9
2026-03-23T18:22:15Z,973,94060,1573680,91.9,29.0
2026-03-23T18:22:16Z,974,94804,1573680,92.6,32.7
2026-03-23T18:22:18Z,975,94016,1573680,91.8,37.4
2026-03-23T18:22:19Z,976,95464,1573680,93.2,28.0
2026-03-23T18:22:20Z,977,94800,1573680,92.6,33.7
2026-03-23T18:22:21Z,978,95612,1573680,93.4,39.3
2026-03-23T18:22:22Z,979,97036,1573680,94.8,44.0
2026-03-23T18:22:23Z,980,96896,1573680,94.6,45.8
2026-03-23T18:22:24Z,981,96180,1573680,93.9,29.9
2026-03-23T18:22:25Z,982,94264,1573680,92.1,29.9
2026-03-23T18:22:26Z,983,95124,1573680,92.9,36.5
2026-03-23T18:22:27Z,984,94000,1573680,91.8,40.3
2026-03-23T18:22:28Z,985,92896,1573680,90.7,29.0
2026-03-23T18:22:29Z,986,93280,1573680,91.1,31.7
2026-03-23T18:22:30Z,987,93912,1573680,91.7,29.0
2026-03-23T18:22:31Z,988,94836,1573680,92.6,38.3
2026-03-23T18:22:33Z,989,94448,1573680,92.2,42.9
2026-03-23T18:22:34Z,990,95736,1573680,93.5,44.8
2026-03-23T18:22:35Z,991,94656,1573680,92.4,37.4
2026-03-23T18:22:36Z,992,94596,1573680,92.4,34.6
2026-03-23T18:22:37Z,993,94880,1573680,92.7,29.0
2026-03-23T18:22:38Z,994,94028,1573680,91.8,40.2
2026-03-23T18:22:39Z,995,94376,1573680,92.2,34.5
2026-03-23T18:22:40Z,996,95932,1573680,93.7,35.5
2026-03-23T18:22:41Z,997,94004,1573680,91.8,37.4
2026-03-23T18:22:42Z,998,94200,1573680,92.0,42.9
2026-03-23T18:22:43Z,999,96236,1573680,94.0,26.2
2026-03-23T18:22:44Z,1000,95032,1573680,92.8,36.5
2026-03-23T18:22:45Z,1001,95796,1573680,93.6,36.5
2026-03-23T18:22:46Z,1002,95336,1573680,93.1,32.8
2026-03-23T18:22:48Z,1003,95180,1573680,92.9,30.8
2026-03-23T18:22:49Z,1004,94832,1573680,92.6,27.1
2026-03-23T18:22:50Z,1005,93512,1573680,91.3,22.4
2026-03-23T18:22:51Z,1006,94812,1573680,92.6,26.1
2026-03-23T18:22:52Z,1007,94564,1573680,92.3,38.3
2026-03-23T18:22:53Z,1008,95748,1573680,93.5,30.0
2026-03-23T18:22:54Z,1009,95136,1573680,92.9,26.1
2026-03-23T18:22:55Z,1010,96308,1573680,94.1,23.4
2026-03-23T18:22:56Z,1011,94356,1573680,92.1,27.1
2026-03-23T18:22:57Z,1012,95648,1573680,93.4,30.7
2026-03-23T18:22:58Z,1013,95340,1573680,93.1,30.0
2026-03-23T18:22:59Z,1014,95796,1573680,93.6,38.3
2026-03-23T18:23:00Z,1015,94468,1573680,92.3,32.6
2026-03-23T18:23:01Z,1016,95020,1573680,92.8,28.9
2026-03-23T18:23:03Z,1017,94836,1573680,92.6,38.3
2026-03-23T18:23:04Z,1018,94224,1573680,92.0,44.8
2026-03-23T18:23:05Z,1019,94112,1573680,91.9,42.9
2026-03-23T18:23:06Z,1020,95804,1573680,93.6,33.6
2026-03-23T18:23:07Z,1021,95504,1573680,93.3,23.4
2026-03-23T18:23:08Z,1022,94872,1573680,92.6,20.6
2026-03-23T18:23:09Z,1023,92716,1573680,90.5,29.0
2026-03-23T18:23:10Z,1024,92940,1573680,90.8,26.2
2026-03-23T18:23:11Z,1025,94612,1573680,92.4,27.0
2026-03-23T18:23:12Z,1026,94284,1573680,92.1,28.0
2026-03-23T18:23:13Z,1027,93488,1573680,91.3,26.1
2026-03-23T18:23:14Z,1028,95764,1573680,93.5,23.3
2026-03-23T18:23:15Z,1029,95412,1573680,93.2,26.2
2026-03-23T18:23:16Z,1030,95400,1573680,93.2,32.7
2026-03-23T18:23:18Z,1031,94812,1573680,92.6,28.1
2026-03-23T18:23:19Z,1032,95448,1573680,93.2,26.2
2026-03-23T18:23:20Z,1033,96084,1573680,93.8,25.2
2026-03-23T18:23:21Z,1034,94832,1573680,92.6,34.6
2026-03-23T18:23:22Z,1035,96408,1573680,94.1,33.7
2026-03-23T18:23:23Z,1036,96112,1573680,93.9,33.7
2026-03-23T18:23:24Z,1037,95712,1573680,93.5,40.2
2026-03-23T18:23:25Z,1038,95500,1573680,93.3,28.0
2026-03-23T18:23:26Z,1039,94756,1573680,92.5,35.6
2026-03-23T18:23:27Z,1040,95272,1573680,93.0,41.2
2026-03-23T18:23:28Z,1041,95628,1573680,93.4,36.3
2026-03-23T18:23:29Z,1042,96348,1573680,94.1,38.3
2026-03-23T18:23:30Z,1043,97900,1573680,95.6,45.7
2026-03-23T18:23:31Z,1044,97904,1573680,95.6,39.3
2026-03-23T18:23:32Z,1045,97548,1573680,95.3,38.3
2026-03-23T18:23:34Z,1046,96228,1573680,94.0,32.7
2026-03-23T18:23:35Z,1047,95504,1573680,93.3,20.6
2026-03-23T18:23:36Z,1048,93688,1573680,91.5,28.0
2026-03-23T18:23:37Z,1049,96248,1573680,94.0,33.6
2026-03-23T18:23:38Z,1050,96140,1573680,93.9,40.2
2026-03-23T18:23:39Z,1051,94848,1573680,92.6,36.5
2026-03-23T18:23:40Z,1052,95508,1573680,93.3,42.2
2026-03-23T18:23:41Z,1053,95680,1573680,93.4,47.6
2026-03-23T18:23:42Z,1054,95580,1573680,93.3,48.6
2026-03-23T18:23:43Z,1055,94468,1573680,92.3,34.5
2026-03-23T18:23:44Z,1056,94612,1573680,92.4,33.6
2026-03-23T18:23:45Z,1057,95644,1573680,93.4,35.5
2026-03-23T18:23:46Z,1058,95168,1573680,92.9,43.8
2026-03-23T18:23:47Z,1059,95208,1573680,93.0,49.6
2026-03-23T18:23:49Z,1060,95212,1573680,93.0,35.5
2026-03-23T18:23:50Z,1061,94624,1573680,92.4,29.8
2026-03-23T18:23:51Z,1062,95844,1573680,93.6,28.9
2026-03-23T18:23:52Z,1063,95376,1573680,93.1,24.3
2026-03-23T18:23:53Z,1064,94520,1573680,92.3,31.8
2026-03-23T18:23:54Z,1065,95656,1573680,93.4,28.0
2026-03-23T18:23:55Z,1066,95120,1573680,92.9,30.9
2026-03-23T18:23:56Z,1067,95140,1573680,92.9,29.0
2026-03-23T18:23:57Z,1068,94928,1573680,92.7,27.1
2026-03-23T18:23:58Z,1069,92572,1573680,90.4,36.4
2026-03-23T18:23:59Z,1070,95684,1573680,93.4,27.0
2026-03-23T18:24:00Z,1071,96348,1573680,94.1,25.2
2026-03-23T18:24:01Z,1072,95380,1573680,93.1,29.0
2026-03-23T18:24:02Z,1073,95220,1573680,93.0,29.9
2026-03-23T18:24:04Z,1074,95432,1573680,93.2,31.7
2026-03-23T18:24:05Z,1075,95700,1573680,93.5,36.5
2026-03-23T18:24:06Z,1076,96480,1573680,94.2,42.0
2026-03-23T18:24:07Z,1077,96448,1573680,94.2,38.3
2026-03-23T18:24:08Z,1078,95156,1573680,92.9,33.6
2026-03-23T18:24:09Z,1079,95816,1573680,93.6,33.6
2026-03-23T18:24:10Z,1080,93888,1573680,91.7,35.6
2026-03-23T18:24:11Z,1081,95268,1573680,93.0,33.6
2026-03-23T18:24:12Z,1082,95520,1573680,93.3,34.5
2026-03-23T18:24:13Z,1083,93588,1573680,91.4,8.4
2026-03-23T18:24:14Z,1084,93588,1573680,91.4,0.0
2026-03-23T18:24:15Z,1085,96560,1577264,94.3,25.2
2026-03-23T18:24:16Z,1086,96756,1577264,94.5,33.7
2026-03-23T18:24:17Z,1087,98072,1577264,95.8,36.4
2026-03-23T18:24:19Z,1088,94724,1577264,92.5,35.4
2026-03-23T18:24:20Z,1089,96480,1577264,94.2,26.2
2026-03-23T18:24:21Z,1090,95636,1577264,93.4,31.8
2026-03-23T18:24:22Z,1091,95664,1577264,93.4,36.5
2026-03-23T18:24:23Z,1092,96248,1577264,94.0,40.2
2026-03-23T18:24:24Z,1093,95900,1577264,93.7,36.4
2026-03-23T18:24:25Z,1094,94944,1577264,92.7,43.0
2026-03-23T18:24:26Z,1095,95160,1577264,92.9,49.7
2026-03-23T18:24:27Z,1096,95592,1577264,93.4,42.2
2026-03-23T18:24:28Z,1097,95932,1577264,93.7,36.6
2026-03-23T18:24:29Z,1098,96776,1577264,94.5,42.0
2026-03-23T18:24:30Z,1099,96484,1577264,94.2,46.0
2026-03-23T18:24:31Z,1100,96776,1577264,94.5,42.9
2026-03-23T18:24:32Z,1101,96724,1577264,94.5,47.6
2026-03-23T18:24:33Z,1102,96688,1577264,94.4,56.9
2026-03-23T18:24:35Z,1103,96568,1577264,94.3,54.1
2026-03-23T18:24:36Z,1104,96596,1577264,94.3,43.8
2026-03-23T18:24:37Z,1105,95908,1577264,93.7,31.7
2026-03-23T18:24:38Z,1106,96896,1577264,94.6,29.8
2026-03-23T18:24:39Z,1107,97472,1577264,95.2,27.1
2026-03-23T18:24:40Z,1108,96340,1577264,94.1,37.4
2026-03-23T18:24:41Z,1109,97704,1577264,95.4,27.1
2026-03-23T18:24:42Z,1110,95840,1577264,93.6,24.3
2026-03-23T18:24:43Z,1111,95244,1577264,93.0,14.9
2026-03-23T18:24:44Z,1112,94084,1577264,91.9,24.3
2026-03-23T18:24:45Z,1113,94640,1577264,92.4,31.7
2026-03-23T18:24:46Z,1114,95996,1577264,93.7,35.4
2026-03-23T18:24:47Z,1115,95008,1577264,92.8,35.5
2026-03-23T18:24:48Z,1116,95012,1577264,92.8,31.7
2026-03-23T18:24:50Z,1117,94176,1577264,92.0,34.5
2026-03-23T18:24:51Z,1118,96440,1577264,94.2,42.8
2026-03-23T18:24:52Z,1119,96272,1577264,94.0,45.8
2026-03-23T18:24:53Z,1120,94448,1577264,92.2,53.3
2026-03-23T18:24:54Z,1121,94600,1577264,92.4,44.0
2026-03-23T18:24:55Z,1122,94364,1577264,92.2,29.1
2026-03-23T18:24:56Z,1123,92724,1577264,90.6,37.3
2026-03-23T18:24:57Z,1124,93464,1577264,91.3,35.4
2026-03-23T18:24:58Z,1125,93644,1577264,91.4,36.5
2026-03-23T18:24:59Z,1126,92864,1577264,90.7,32.7
2026-03-23T18:25:00Z,1127,93664,1577264,91.5,28.9
2026-03-23T18:25:01Z,1128,93612,1577264,91.4,31.8
2026-03-23T18:25:02Z,1129,93344,1577264,91.2,31.7
2026-03-23T18:25:03Z,1130,93104,1577264,90.9,38.3
2026-03-23T18:25:05Z,1131,93736,1577264,91.5,44.8
2026-03-23T18:25:06Z,1132,94004,1577264,91.8,41.1
2026-03-23T18:25:07Z,1133,94740,1577264,92.5,29.9
2026-03-23T18:25:08Z,1134,93904,1577264,91.7,24.3
2026-03-23T18:25:09Z,1135,94264,1577264,92.1,30.0
2026-03-23T18:25:10Z,1136,95128,1577264,92.9,34.7
2026-03-23T18:25:11Z,1137,93552,1577264,91.4,32.7
2026-03-23T18:25:12Z,1138,93512,1577264,91.3,35.5
2026-03-23T18:25:13Z,1139,93092,1577264,90.9,27.1
2026-03-23T18:25:14Z,1140,93732,1577264,91.5,32.6
2026-03-23T18:25:15Z,1141,95372,1577264,93.1,40.0
2026-03-23T18:25:16Z,1142,94384,1577264,92.2,36.3
2026-03-23T18:25:17Z,1143,94900,1577264,92.7,40.2
2026-03-23T18:25:18Z,1144,94268,1577264,92.1,41.1
2026-03-23T18:25:20Z,1145,94568,1577264,92.4,38.4
2026-03-23T18:25:21Z,1146,94392,1577264,92.2,42.1
2026-03-23T18:25:22Z,1147,95692,1577264,93.4,38.4
2026-03-23T18:25:23Z,1148,94144,1577264,91.9,36.4
2026-03-23T18:25:24Z,1149,94324,1577264,92.1,31.8
2026-03-23T18:25:25Z,1150,94640,1577264,92.4,38.4
2026-03-23T18:25:26Z,1151,95116,1577264,92.9,44.0
2026-03-23T18:25:27Z,1152,94424,1577264,92.2,51.5
2026-03-23T18:25:28Z,1153,95480,1577264,93.2,56.1
2026-03-23T18:25:29Z,1154,93756,1577264,91.6,49.6
2026-03-23T18:25:30Z,1155,95668,1577264,93.4,44.9
2026-03-23T18:25:31Z,1156,94844,1577264,92.6,34.4
2026-03-23T18:25:32Z,1157,95196,1577264,93.0,39.3
2026-03-23T18:25:33Z,1158,94656,1577264,92.4,51.3
2026-03-23T18:25:35Z,1159,95116,1577264,92.9,50.6
2026-03-23T18:25:36Z,1160,95120,1577264,92.9,43.8
2026-03-23T18:25:37Z,1161,95468,1577264,93.2,42.0
2026-03-23T18:25:38Z,1162,94416,1577264,92.2,34.6
2026-03-23T18:25:39Z,1163,94692,1577264,92.5,38.3
2026-03-23T18:25:40Z,1164,94380,1577264,92.2,43.0
2026-03-23T18:25:41Z,1165,94380,1577264,92.2,39.3
2026-03-23T18:25:42Z,1166,93984,1577264,91.8,46.6
2026-03-23T18:25:43Z,1167,94384,1577264,92.2,29.9
2026-03-23T18:25:44Z,1168,93816,1577264,91.6,36.5
2026-03-23T18:25:45Z,1169,93712,1577264,91.5,42.1
2026-03-23T18:25:46Z,1170,95000,1577264,92.8,37.3
2026-03-23T18:25:47Z,1171,95828,1577264,93.6,42.9
2026-03-23T18:25:48Z,1172,95556,1577264,93.3,43.9
2026-03-23T18:25:49Z,1173,95172,1577264,92.9,33.6
2026-03-23T18:25:51Z,1174,92444,1577264,90.3,39.2
2026-03-23T18:25:52Z,1175,94856,1577264,92.6,28.0
2026-03-23T18:25:53Z,1176,94476,1577264,92.3,30.9
2026-03-23T18:25:54Z,1177,93892,1577264,91.7,29.9
2026-03-23T18:25:55Z,1178,94048,1577264,91.8,29.0
2026-03-23T18:25:56Z,1179,92976,1577264,90.8,34.7
2026-03-23T18:25:57Z,1180,94208,1577264,92.0,39.2
2026-03-23T18:25:58Z,1181,93480,1577264,91.3,47.6
2026-03-23T18:25:59Z,1182,95072,1577264,92.8,45.8
2026-03-23T18:26:00Z,1183,93724,1577264,91.5,34.5
2026-03-23T18:26:01Z,1184,94212,1577264,92.0,40.2
2026-03-23T18:26:02Z,1185,94464,1577264,92.2,36.5
2026-03-23T18:26:03Z,1186,93996,1577264,91.8,39.3
2026-03-23T18:26:04Z,1187,94716,1577264,92.5,48.7
2026-03-23T18:26:06Z,1188,93656,1577264,91.5,44.8
2026-03-23T18:26:07Z,1189,94428,1577264,92.2,43.7
2026-03-23T18:26:08Z,1190,94608,1577264,92.4,50.5
2026-03-23T18:26:09Z,1191,95284,1577264,93.1,52.3
2026-03-23T18:26:10Z,1192,95612,1577264,93.4,35.5
2026-03-23T18:26:11Z,1193,95768,1577264,93.5,42.0
2026-03-23T18:26:12Z,1194,93852,1577264,91.7,32.7
2026-03-23T18:26:13Z,1195,94792,1577264,92.6,30.9
2026-03-23T18:26:14Z,1196,94388,1577264,92.2,39.3
2026-03-23T18:26:15Z,1197,95176,1577264,92.9,22.4
2026-03-23T18:26:16Z,1198,95176,1577264,92.9,0.0
2026-03-23T18:26:17Z,1199,95148,1577264,92.9,0.0
2026-03-23T18:26:18Z,1200,95148,1577264,92.9,0.0
2026-03-23T18:26:19Z,1201,95148,1577264,92.9,0.0
2026-03-23T18:26:21Z,1202,95148,1577264,92.9,0.0
2026-03-23T18:26:22Z,1203,95148,1577264,92.9,0.0
2026-03-23T18:26:23Z,1204,95148,1577264,92.9,0.0
2026-03-23T18:26:24Z,1205,95148,1577264,92.9,0.0
2026-03-23T18:26:25Z,1206,95148,1577264,92.9,0.0
2026-03-23T18:26:26Z,1207,95148,1577264,92.9,0.9
2026-03-23T18:26:27Z,1208,95148,1577264,92.9,0.0
2026-03-23T18:26:28Z,1209,95148,1577264,92.9,0.0
2026-03-23T18:26:29Z,1210,95148,1577264,92.9,0.0
2026-03-23T18:26:30Z,1211,95148,1577264,92.9,0.9
2026-03-23T18:26:31Z,1212,95148,1577264,92.9,0.0
2026-03-23T18:26:32Z,1213,95148,1577264,92.9,0.0
2026-03-23T18:26:33Z,1214,95148,1577264,92.9,0.0
2026-03-23T18:26:35Z,1215,95148,1577264,92.9,0.0
2026-03-23T18:26:36Z,1216,95148,1577264,92.9,0.0
2026-03-23T18:26:37Z,1217,95148,1577264,92.9,0.0
2026-03-23T18:26:38Z,1218,95148,1577264,92.9,0.0
2026-03-23T18:26:39Z,1219,95148,1577264,92.9,0.0
2026-03-23T18:26:40Z,1220,95148,1577264,92.9,0.0
2026-03-23T18:26:41Z,1221,95148,1577264,92.9,0.0
2026-03-23T18:26:42Z,1222,95148,1577264,92.9,0.0
2026-03-23T18:26:43Z,1223,95148,1577264,92.9,0.0
2026-03-23T18:26:44Z,1224,95148,1577264,92.9,0.0
2026-03-23T18:26:45Z,1225,95148,1577264,92.9,0.0
2026-03-23T18:26:46Z,1226,95148,1577264,92.9,0.0
2026-03-23T18:26:47Z,1227,95148,1577264,92.9,0.0
2026-03-23T18:26:48Z,1228,95148,1577264,92.9,0.0
2026-03-23T18:26:50Z,1229,95148,1577264,92.9,0.0
2026-03-23T18:26:51Z,1230,95148,1577264,92.9,0.0
2026-03-23T18:26:52Z,1231,95148,1577264,92.9,0.0
2026-03-23T18:26:53Z,1232,95148,1577264,92.9,0.0
2026-03-23T18:26:54Z,1233,95148,1577264,92.9,0.0
2026-03-23T18:26:55Z,1234,95148,1577264,92.9,0.0
2026-03-23T18:26:56Z,1235,95148,1577264,92.9,0.0
2026-03-23T18:26:57Z,1236,95148,1577264,92.9,0.0
2026-03-23T18:26:58Z,1237,95148,1577264,92.9,0.0
2026-03-23T18:26:59Z,1238,95148,1577264,92.9,0.0
2026-03-23T18:27:00Z,1239,95148,1577264,92.9,0.0
2026-03-23T18:27:01Z,1240,95148,1577264,92.9,0.0
2026-03-23T18:27:02Z,1241,95148,1577264,92.9,0.0
2026-03-23T18:27:04Z,1242,95148,1577264,92.9,0.0
2026-03-23T18:27:05Z,1243,95148,1577264,92.9,0.0
2026-03-23T18:27:06Z,1244,95148,1577264,92.9,0.0
2026-03-23T18:27:07Z,1245,95148,1577264,92.9,0.0
2026-03-23T18:27:08Z,1246,95148,1577264,92.9,0.0
2026-03-23T18:27:09Z,1247,95148,1577264,92.9,0.0
2026-03-23T18:27:10Z,1248,95148,1577264,92.9,0.0
2026-03-23T18:27:11Z,1249,95148,1577264,92.9,0.9
2026-03-23T18:27:12Z,1250,95148,1577264,92.9,0.0
2026-03-23T18:27:13Z,1251,95148,1577264,92.9,0.0
2026-03-23T18:27:14Z,1252,95148,1577264,92.9,0.0
2026-03-23T18:27:15Z,1253,95148,1577264,92.9,0.0
2026-03-23T18:27:16Z,1254,95148,1577264,92.9,0.0
2026-03-23T18:27:17Z,1255,95148,1577264,92.9,0.0
2026-03-23T18:27:19Z,1256,95148,1577264,92.9,0.0
2026-03-23T18:27:20Z,1257,95148,1577264,92.9,0.0
2026-03-23T18:27:21Z,1258,95148,1577264,92.9,0.0
2026-03-23T18:27:22Z,1259,95148,1577264,92.9,0.0
2026-03-23T18:27:23Z,1260,95148,1577264,92.9,0.0
2026-03-23T18:27:24Z,1261,95148,1577264,92.9,0.0
2026-03-23T18:27:25Z,1262,95148,1577264,92.9,0.0
2026-03-23T18:27:26Z,1263,95148,1577264,92.9,0.0
2026-03-23T18:27:27Z,1264,95148,1577264,92.9,0.0
2026-03-23T18:27:28Z,1265,95148,1577264,92.9,0.0
2026-03-23T18:27:29Z,1266,95148,1577264,92.9,0.0
2026-03-23T18:27:30Z,1267,95148,1577264,92.9,0.0
2026-03-23T18:27:31Z,1268,95148,1577264,92.9,0.0
2026-03-23T18:27:32Z,1269,95148,1577264,92.9,0.0
2026-03-23T18:27:34Z,1270,95148,1577264,92.9,0.0
2026-03-23T18:27:35Z,1271,95148,1577264,92.9,0.0
2026-03-23T18:27:36Z,1272,95148,1577264,92.9,0.0
2026-03-23T18:27:37Z,1273,95148,1577264,92.9,0.0
2026-03-23T18:27:38Z,1274,95148,1577264,92.9,0.0
2026-03-23T18:27:39Z,1275,95148,1577264,92.9,0.0
2026-03-23T18:27:40Z,1276,95148,1577264,92.9,0.0
2026-03-23T18:27:41Z,1277,95148,1577264,92.9,0.0
2026-03-23T18:27:42Z,1278,95148,1577264,92.9,0.0
2026-03-23T18:27:43Z,1279,95148,1577264,92.9,0.0
2026-03-23T18:27:44Z,1280,95148,1577264,92.9,0.0
2026-03-23T18:27:45Z,1281,95148,1577264,92.9,0.0
2026-03-23T18:27:46Z,1282,95148,1577264,92.9,0.0
2026-03-23T18:27:48Z,1283,95148,1577264,92.9,0.0
2026-03-23T18:27:49Z,1284,95148,1577264,92.9,0.0
2026-03-23T18:27:50Z,1285,95148,1577264,92.9,0.0
2026-03-23T18:27:51Z,1286,95148,1577264,92.9,0.0
2026-03-23T18:27:52Z,1287,95148,1577264,92.9,0.0
2026-03-23T18:27:53Z,1288,95148,1577264,92.9,0.0
2026-03-23T18:27:54Z,1289,95148,1577264,92.9,0.0
2026-03-23T18:27:55Z,1290,95148,1577264,92.9,0.0
2026-03-23T18:27:56Z,1291,95148,1577264,92.9,0.0
2026-03-23T18:27:57Z,1292,95148,1577264,92.9,0.0
2026-03-23T18:27:58Z,1293,95148,1577264,92.9,0.0
2026-03-23T18:27:59Z,1294,95148,1577264,92.9,0.0
2026-03-23T18:28:00Z,1295,95148,1577264,92.9,0.0
2026-03-23T18:28:02Z,1296,95148,1577264,92.9,0.0
2026-03-23T18:28:03Z,1297,95148,1577264,92.9,0.0
2026-03-23T18:28:04Z,1298,95148,1577264,92.9,0.0
2026-03-23T18:28:05Z,1299,95148,1577264,92.9,0.0
2026-03-23T18:28:06Z,1300,95148,1577264,92.9,0.0
2026-03-23T18:28:07Z,1301,95148,1577264,92.9,0.0
2026-03-23T18:28:08Z,1302,95148,1577264,92.9,0.0
2026-03-23T18:28:09Z,1303,95148,1577264,92.9,0.0
2026-03-23T18:28:10Z,1304,95148,1577264,92.9,0.0
2026-03-23T18:28:11Z,1305,95148,1577264,92.9,0.0
2026-03-23T18:28:12Z,1306,95148,1577264,92.9,0.0
2026-03-23T18:28:13Z,1307,95148,1577264,92.9,0.9
2026-03-23T18:28:14Z,1308,95148,1577264,92.9,0.0
2026-03-23T18:28:15Z,1309,95148,1577264,92.9,0.0
2026-03-23T18:28:17Z,1310,95148,1577264,92.9,0.0
2026-03-23T18:28:18Z,1311,95148,1577264,92.9,0.0
2026-03-23T18:28:19Z,1312,95148,1577264,92.9,0.0
2026-03-23T18:28:20Z,1313,95148,1577264,92.9,0.0
2026-03-23T18:28:21Z,1314,95148,1577264,92.9,0.0
2026-03-23T18:28:22Z,1315,95148,1577264,92.9,0.0
2026-03-23T18:28:23Z,1316,95148,1577264,92.9,0.0
2026-03-23T18:28:24Z,1317,95148,1577264,92.9,0.0
2026-03-23T18:28:25Z,1318,95148,1577264,92.9,0.0
2026-03-23T18:28:26Z,1319,95148,1577264,92.9,0.0
