# run_id: rest-api_pallets_storage_20260324_151356_1640641 | service: rest-api | endpoint: pallets_storage | process: polkadot-rest-a (PID 322196)
timestamp,elapsed_s,rss_kb,vsz_kb,rss_mb,cpu_pct
2026-03-24T15:13:56Z,0,28680,1263920,28.0,0.0
2026-03-24T15:13:58Z,1,28680,1263920,28.0,0.0
2026-03-24T15:13:59Z,2,28680,1263920,28.0,0.0
2026-03-24T15:14:00Z,3,28680,1263920,28.0,0.0
2026-03-24T15:14:01Z,4,28688,1263920,28.0,0.0
2026-03-24T15:14:02Z,5,28688,1263920,28.0,0.0
2026-03-24T15:14:03Z,6,28688,1263920,28.0,0.0
2026-03-24T15:14:04Z,7,28692,1263920,28.0,0.9
2026-03-24T15:14:05Z,8,28692,1263920,28.0,0.0
2026-03-24T15:14:06Z,9,28692,1263920,28.0,0.0
2026-03-24T15:14:07Z,10,28692,1263920,28.0,0.0
2026-03-24T15:14:08Z,11,28692,1263920,28.0,0.0
2026-03-24T15:14:09Z,12,28692,1263920,28.0,0.0
2026-03-24T15:14:10Z,13,28692,1263920,28.0,0.0
2026-03-24T15:14:12Z,14,28692,1263920,28.0,0.0
2026-03-24T15:14:13Z,15,28704,1263920,28.0,0.0
2026-03-24T15:14:14Z,16,28708,1263920,28.0,0.0
2026-03-24T15:14:15Z,17,28708,1263920,28.0,0.0
2026-03-24T15:14:16Z,18,28708,1263920,28.0,0.0
2026-03-24T15:14:17Z,19,28708,1263920,28.0,0.0
2026-03-24T15:14:18Z,20,28708,1263920,28.0,0.0
2026-03-24T15:14:19Z,21,28708,1263920,28.0,0.0
2026-03-24T15:14:20Z,22,28708,1263920,28.0,0.0
2026-03-24T15:14:21Z,23,28716,1263920,28.0,0.0
2026-03-24T15:14:22Z,24,28716,1263920,28.0,0.0
2026-03-24T15:14:23Z,25,28716,1263920,28.0,0.0
2026-03-24T15:14:24Z,26,28716,1263920,28.0,0.0
2026-03-24T15:14:26Z,27,28720,1263920,28.0,0.0
2026-03-24T15:14:27Z,28,28720,1263920,28.0,0.0
2026-03-24T15:14:28Z,29,28720,1263920,28.0,0.0
2026-03-24T15:14:29Z,30,28720,1263920,28.0,0.0
2026-03-24T15:14:30Z,31,28720,1263920,28.0,0.0
2026-03-24T15:14:31Z,32,28720,1263920,28.0,0.0
2026-03-24T15:14:32Z,33,28720,1263920,28.0,0.0
2026-03-24T15:14:33Z,34,28720,1263920,28.0,0.0
2026-03-24T15:14:34Z,35,28720,1263920,28.0,0.0
2026-03-24T15:14:35Z,36,28720,1263920,28.0,0.0
2026-03-24T15:14:36Z,37,28720,1263920,28.0,0.0
2026-03-24T15:14:37Z,38,28720,1263920,28.0,0.0
2026-03-24T15:14:38Z,39,28720,1263920,28.0,0.0
2026-03-24T15:14:39Z,40,28720,1263920,28.0,0.0
2026-03-24T15:14:41Z,41,28720,1263920,28.0,0.0
2026-03-24T15:14:42Z,42,28720,1263920,28.0,0.0
2026-03-24T15:14:43Z,43,28720,1263920,28.0,0.0
2026-03-24T15:14:44Z,44,28720,1263920,28.0,0.0
2026-03-24T15:14:45Z,45,28720,1263920,28.0,0.0
2026-03-24T15:14:46Z,46,28724,1263920,28.1,0.0
2026-03-24T15:14:47Z,47,28724,1263920,28.1,0.0
2026-03-24T15:14:48Z,48,28724,1263920,28.1,0.0
2026-03-24T15:14:49Z,49,28724,1263920,28.1,0.0
2026-03-24T15:14:50Z,50,28724,1263920,28.1,0.0
2026-03-24T15:14:51Z,51,28724,1263920,28.1,0.0
2026-03-24T15:14:52Z,52,28724,1263920,28.1,0.0
2026-03-24T15:14:53Z,53,28724,1263920,28.1,0.0
2026-03-24T15:14:55Z,54,28728,1263920,28.1,0.0
2026-03-24T15:14:56Z,55,28728,1263920,28.1,0.0
2026-03-24T15:14:57Z,56,85268,1334576,83.3,41.9
2026-03-24T15:14:58Z,57,145284,1400624,141.9,167.0
2026-03-24T15:14:59Z,58,143732,1400624,140.4,128.7
2026-03-24T15:15:00Z,59,145340,1400624,141.9,117.3
2026-03-24T15:15:01Z,60,144200,1403184,140.8,121.4
2026-03-24T15:15:02Z,61,133508,1403184,130.4,118.8
2026-03-24T15:15:03Z,62,115468,1403184,112.8,123.1
2026-03-24T15:15:04Z,63,108536,1403184,106.0,104.7
2026-03-24T15:15:05Z,64,91944,1403184,89.8,114.2
2026-03-24T15:15:06Z,65,89520,1403184,87.4,130.7
2026-03-24T15:15:07Z,66,89896,1405744,87.8,126.1
2026-03-24T15:15:08Z,67,90924,1408304,88.8,118.4
2026-03-24T15:15:10Z,68,91336,1408304,89.2,106.3
2026-03-24T15:15:11Z,69,91440,1408304,89.3,123.1
2026-03-24T15:15:12Z,70,91452,1408304,89.3,113.7
2026-03-24T15:15:13Z,71,90896,1408304,88.8,131.9
2026-03-24T15:15:14Z,72,87944,1408304,85.9,127.1
2026-03-24T15:15:15Z,73,89260,1408304,87.2,123.2
2026-03-24T15:15:16Z,74,88892,1408304,86.8,135.3
2026-03-24T15:15:17Z,75,88500,1408304,86.4,129.6
2026-03-24T15:15:18Z,76,88736,1408304,86.7,125.8
2026-03-24T15:15:19Z,77,89164,1410864,87.1,128.0
2026-03-24T15:15:20Z,78,88248,1410864,86.2,124.1
2026-03-24T15:15:21Z,79,89044,1410864,87.0,138.9
2026-03-24T15:15:22Z,80,89004,1410864,86.9,133.1
2026-03-24T15:15:23Z,81,89172,1410864,87.1,138.1
2026-03-24T15:15:25Z,82,89280,1410864,87.2,131.3
2026-03-24T15:15:26Z,83,87016,1410864,85.0,120.4
2026-03-24T15:15:27Z,84,88420,1410864,86.3,139.0
2026-03-24T15:15:28Z,85,88476,1410864,86.4,134.1
2026-03-24T15:15:29Z,86,89172,1410864,87.1,125.1
2026-03-24T15:15:30Z,87,88136,1413424,86.1,120.2
2026-03-24T15:15:31Z,88,88632,1413424,86.6,123.2
2026-03-24T15:15:32Z,89,88508,1413424,86.4,112.1
2026-03-24T15:15:33Z,90,87848,1413424,85.8,128.1
2026-03-24T15:15:34Z,91,87864,1413424,85.8,133.7
2026-03-24T15:15:35Z,92,87996,1413424,85.9,136.6
2026-03-24T15:15:36Z,93,88160,1413424,86.1,126.5
2026-03-24T15:15:37Z,94,88080,1413424,86.0,127.1
2026-03-24T15:15:38Z,95,88656,1413424,86.6,128.4
2026-03-24T15:15:40Z,96,88784,1413424,86.7,119.0
2026-03-24T15:15:41Z,97,88716,1413424,86.6,129.7
2026-03-24T15:15:42Z,98,89172,1413424,87.1,129.9
2026-03-24T15:15:43Z,99,89080,1413424,87.0,127.1
2026-03-24T15:15:44Z,100,88660,1413424,86.6,126.3
2026-03-24T15:15:45Z,101,88408,1413424,86.3,132.7
2026-03-24T15:15:46Z,102,87664,1413424,85.6,126.8
2026-03-24T15:15:47Z,103,87884,1413424,85.8,126.0
2026-03-24T15:15:48Z,104,88452,1413424,86.4,116.2
2026-03-24T15:15:49Z,105,88812,1413424,86.7,131.7
2026-03-24T15:15:50Z,106,89084,1413424,87.0,128.9
2026-03-24T15:15:51Z,107,88448,1413424,86.4,119.3
2026-03-24T15:15:52Z,108,88780,1413424,86.7,118.5
2026-03-24T15:15:53Z,109,88816,1413424,86.7,119.2
2026-03-24T15:15:54Z,110,88532,1413424,86.5,125.1
2026-03-24T15:15:56Z,111,87992,1413424,85.9,123.3
2026-03-24T15:15:57Z,112,89348,1413424,87.3,133.4
2026-03-24T15:15:58Z,113,89136,1413424,87.0,134.7
2026-03-24T15:15:59Z,114,89232,1413424,87.1,132.5
2026-03-24T15:16:00Z,115,89280,1413424,87.2,138.5
2026-03-24T15:16:01Z,116,88768,1413424,86.7,131.6
2026-03-24T15:16:02Z,117,88216,1413424,86.1,117.6
2026-03-24T15:16:03Z,118,89004,1413424,86.9,124.6
2026-03-24T15:16:04Z,119,89296,1413424,87.2,137.5
2026-03-24T15:16:05Z,120,89504,1413424,87.4,126.8
2026-03-24T15:16:06Z,121,89064,1413424,87.0,128.0
2026-03-24T15:16:07Z,122,88268,1413424,86.2,133.6
2026-03-24T15:16:08Z,123,88976,1413424,86.9,132.6
2026-03-24T15:16:10Z,124,89036,1413424,86.9,127.5
2026-03-24T15:16:11Z,125,89328,1413424,87.2,135.7
2026-03-24T15:16:12Z,126,89612,1413424,87.5,121.5
2026-03-24T15:16:13Z,127,89472,1413424,87.4,119.4
2026-03-24T15:16:14Z,128,89472,1413424,87.4,134.2
2026-03-24T15:16:15Z,129,89468,1413424,87.4,130.7
2026-03-24T15:16:16Z,130,87752,1413424,85.7,130.0
2026-03-24T15:16:17Z,131,88544,1413424,86.5,127.9
2026-03-24T15:16:18Z,132,87676,1413424,85.6,121.3
2026-03-24T15:16:19Z,133,88472,1413424,86.4,127.8
2026-03-24T15:16:20Z,134,89644,1413424,87.5,117.8
2026-03-24T15:16:21Z,135,89152,1413424,87.1,115.9
2026-03-24T15:16:22Z,136,88720,1413424,86.6,129.9
2026-03-24T15:16:23Z,137,88680,1413424,86.6,135.2
2026-03-24T15:16:24Z,138,89204,1413424,87.1,127.1
2026-03-24T15:16:26Z,139,89152,1413424,87.1,128.1
2026-03-24T15:16:27Z,140,88944,1413424,86.9,126.5
2026-03-24T15:16:28Z,141,89552,1413424,87.5,112.8
2026-03-24T15:16:29Z,142,89280,1413424,87.2,123.2
2026-03-24T15:16:30Z,143,88504,1413424,86.4,130.1
2026-03-24T15:16:31Z,144,87928,1413424,85.9,136.6
2026-03-24T15:16:32Z,145,88176,1413424,86.1,126.9
2026-03-24T15:16:33Z,146,88164,1413424,86.1,133.1
2026-03-24T15:16:34Z,147,87848,1413424,85.8,122.4
2026-03-24T15:16:35Z,148,88004,1413424,85.9,114.8
2026-03-24T15:16:36Z,149,87704,1413424,85.6,115.9
2026-03-24T15:16:37Z,150,87760,1413424,85.7,119.5
2026-03-24T15:16:38Z,151,88656,1413424,86.6,115.8
2026-03-24T15:16:39Z,152,89344,1413424,87.2,118.8
2026-03-24T15:16:41Z,153,89260,1413424,87.2,115.9
2026-03-24T15:16:42Z,154,86964,1413424,84.9,107.7
2026-03-24T15:16:43Z,155,87260,1413424,85.2,108.3
2026-03-24T15:16:44Z,156,88804,1413424,86.7,130.8
2026-03-24T15:16:45Z,157,89628,1415984,87.5,136.0
2026-03-24T15:16:46Z,158,89284,1415984,87.2,132.0
2026-03-24T15:16:47Z,159,89088,1415984,87.0,120.8
2026-03-24T15:16:48Z,160,89416,1415984,87.3,127.7
2026-03-24T15:16:49Z,161,89016,1415984,86.9,135.5
2026-03-24T15:16:50Z,162,88368,1415984,86.3,127.0
2026-03-24T15:16:51Z,163,87956,1415984,85.9,121.1
2026-03-24T15:16:52Z,164,88472,1415984,86.4,124.0
2026-03-24T15:16:53Z,165,88996,1415984,86.9,124.4
2026-03-24T15:16:54Z,166,88104,1415984,86.0,129.0
2026-03-24T15:16:56Z,167,88192,1415984,86.1,124.8
2026-03-24T15:16:57Z,168,88324,1415984,86.3,43.8
2026-03-24T15:16:58Z,169,88324,1415984,86.3,0.0
2026-03-24T15:16:59Z,170,91324,1420080,89.2,53.2
2026-03-24T15:17:00Z,171,91976,1420080,89.8,117.3
2026-03-24T15:17:01Z,172,93172,1420080,91.0,122.2
2026-03-24T15:17:02Z,173,93372,1420080,91.2,123.7
2026-03-24T15:17:03Z,174,92432,1420080,90.3,121.5
2026-03-24T15:17:04Z,175,91112,1420080,89.0,128.6
2026-03-24T15:17:05Z,176,90960,1420080,88.8,119.6
2026-03-24T15:17:06Z,177,90340,1420080,88.2,116.6
2026-03-24T15:17:07Z,178,89880,1420080,87.8,125.2
2026-03-24T15:17:08Z,179,89760,1420080,87.7,130.9
2026-03-24T15:17:09Z,180,90220,1420080,88.1,126.6
2026-03-24T15:17:11Z,181,88684,1420080,86.6,124.0
2026-03-24T15:17:12Z,182,89520,1420080,87.4,104.5
2026-03-24T15:17:13Z,183,89268,1420080,87.2,114.9
2026-03-24T15:17:14Z,184,89612,1420080,87.5,130.5
2026-03-24T15:17:15Z,185,89064,1420080,87.0,134.7
2026-03-24T15:17:16Z,186,89740,1420080,87.6,121.6
2026-03-24T15:17:17Z,187,89556,1420080,87.5,107.5
2026-03-24T15:17:18Z,188,89600,1420080,87.5,109.0
2026-03-24T15:17:19Z,189,89840,1420080,87.7,112.1
2026-03-24T15:17:20Z,190,89944,1420080,87.8,105.5
2026-03-24T15:17:21Z,191,89816,1420080,87.7,108.5
2026-03-24T15:17:22Z,192,89564,1420080,87.5,123.1
2026-03-24T15:17:23Z,193,89404,1420080,87.3,116.7
2026-03-24T15:17:24Z,194,89572,1420080,87.5,120.5
2026-03-24T15:17:26Z,195,88888,1420080,86.8,124.6
2026-03-24T15:17:27Z,196,88936,1420080,86.9,130.6
2026-03-24T15:17:28Z,197,88516,1420080,86.4,127.1
2026-03-24T15:17:29Z,198,88856,1420080,86.8,127.1
2026-03-24T15:17:30Z,199,89720,1420080,87.6,125.1
2026-03-24T15:17:31Z,200,89796,1420080,87.7,114.3
2026-03-24T15:17:32Z,201,89240,1420080,87.1,105.6
2026-03-24T15:17:33Z,202,90248,1420080,88.1,106.3
2026-03-24T15:17:34Z,203,90608,1420080,88.5,112.0
2026-03-24T15:17:35Z,204,90276,1420080,88.2,110.3
2026-03-24T15:17:36Z,205,90172,1420080,88.1,115.7
2026-03-24T15:17:37Z,206,90200,1420080,88.1,126.6
2026-03-24T15:17:38Z,207,90096,1420080,88.0,130.8
2026-03-24T15:17:39Z,208,89920,1420080,87.8,130.5
2026-03-24T15:17:41Z,209,88748,1420080,86.7,118.7
2026-03-24T15:17:42Z,210,89544,1420080,87.4,114.1
2026-03-24T15:17:43Z,211,89576,1420080,87.5,115.6
2026-03-24T15:17:44Z,212,89764,1420080,87.7,123.7
2026-03-24T15:17:45Z,213,89104,1420080,87.0,119.6
2026-03-24T15:17:46Z,214,89516,1420080,87.4,104.8
2026-03-24T15:17:47Z,215,89424,1420080,87.3,110.2
2026-03-24T15:17:48Z,216,88964,1420080,86.9,111.8
2026-03-24T15:17:49Z,217,88864,1420080,86.8,115.0
2026-03-24T15:17:50Z,218,89132,1420080,87.0,127.1
2026-03-24T15:17:51Z,219,89356,1420080,87.3,122.2
2026-03-24T15:17:52Z,220,89212,1420080,87.1,119.5
2026-03-24T15:17:53Z,221,88868,1420080,86.8,119.9
2026-03-24T15:17:54Z,222,89272,1420080,87.2,128.9
2026-03-24T15:17:56Z,223,88520,1420080,86.4,117.7
2026-03-24T15:17:57Z,224,88040,1420080,86.0,127.9
2026-03-24T15:17:58Z,225,88560,1420080,86.5,130.1
2026-03-24T15:17:59Z,226,89984,1420080,87.9,116.8
2026-03-24T15:18:00Z,227,90300,1420080,88.2,126.0
2026-03-24T15:18:01Z,228,90632,1420080,88.5,107.2
2026-03-24T15:18:02Z,229,90160,1420080,88.0,109.1
2026-03-24T15:18:03Z,230,89448,1420080,87.4,116.9
2026-03-24T15:18:04Z,231,89496,1420080,87.4,111.0
2026-03-24T15:18:05Z,232,89396,1420080,87.3,110.8
2026-03-24T15:18:06Z,233,89184,1420080,87.1,107.3
2026-03-24T15:18:07Z,234,89344,1420080,87.2,127.3
2026-03-24T15:18:08Z,235,89600,1420080,87.5,132.7
2026-03-24T15:18:09Z,236,89396,1420080,87.3,118.6
2026-03-24T15:18:10Z,237,89488,1420080,87.4,126.1
2026-03-24T15:18:12Z,238,89808,1420080,87.7,135.4
2026-03-24T15:18:13Z,239,89748,1420080,87.6,114.9
2026-03-24T15:18:14Z,240,90160,1420080,88.0,121.5
2026-03-24T15:18:15Z,241,89652,1420080,87.6,125.3
2026-03-24T15:18:16Z,242,89716,1420080,87.6,129.0
2026-03-24T15:18:17Z,243,90120,1420080,88.0,110.9
2026-03-24T15:18:18Z,244,89216,1420080,87.1,100.9
2026-03-24T15:18:19Z,245,89696,1420080,87.6,123.1
2026-03-24T15:18:20Z,246,90136,1420080,88.0,128.8
2026-03-24T15:18:21Z,247,89680,1420080,87.6,124.2
2026-03-24T15:18:22Z,248,88332,1420080,86.3,116.0
2026-03-24T15:18:23Z,249,88224,1420080,86.2,135.4
2026-03-24T15:18:24Z,250,88492,1420080,86.4,129.2
2026-03-24T15:18:25Z,251,88892,1420080,86.8,130.8
2026-03-24T15:18:27Z,252,89132,1420080,87.0,121.0
2026-03-24T15:18:28Z,253,89136,1420080,87.0,119.4
2026-03-24T15:18:29Z,254,89452,1420080,87.4,119.6
2026-03-24T15:18:30Z,255,89332,1420080,87.2,123.4
2026-03-24T15:18:31Z,256,89444,1420080,87.3,125.5
2026-03-24T15:18:32Z,257,89220,1420080,87.1,126.0
2026-03-24T15:18:33Z,258,90072,1420080,88.0,127.2
2026-03-24T15:18:34Z,259,89512,1420080,87.4,132.9
2026-03-24T15:18:35Z,260,89580,1420080,87.5,137.3
2026-03-24T15:18:36Z,261,90104,1420080,88.0,129.9
2026-03-24T15:18:37Z,262,90144,1420080,88.0,122.7
2026-03-24T15:18:38Z,263,89576,1420080,87.5,133.4
2026-03-24T15:18:39Z,264,88700,1420080,86.6,122.7
2026-03-24T15:18:40Z,265,89340,1420080,87.2,126.0
2026-03-24T15:18:42Z,266,89248,1420080,87.2,126.9
2026-03-24T15:18:43Z,267,89340,1420080,87.2,119.4
2026-03-24T15:18:44Z,268,89456,1420080,87.4,128.8
2026-03-24T15:18:45Z,269,89864,1420080,87.8,135.6
2026-03-24T15:18:46Z,270,89244,1420080,87.2,125.7
2026-03-24T15:18:47Z,271,90032,1420080,87.9,128.9
2026-03-24T15:18:48Z,272,90576,1420080,88.5,134.0
2026-03-24T15:18:49Z,273,90552,1420080,88.4,137.0
2026-03-24T15:18:50Z,274,89212,1420080,87.1,137.2
2026-03-24T15:18:51Z,275,88832,1420080,86.8,134.7
2026-03-24T15:18:52Z,276,88656,1420080,86.6,129.0
2026-03-24T15:18:53Z,277,88952,1420080,86.9,124.5
2026-03-24T15:18:54Z,278,89288,1420080,87.2,124.3
2026-03-24T15:18:55Z,279,88900,1420080,86.8,121.2
2026-03-24T15:18:57Z,280,89076,1420080,87.0,125.0
2026-03-24T15:18:58Z,281,89244,1420080,87.2,130.6
2026-03-24T15:18:59Z,282,89792,1420080,87.7,88.3
2026-03-24T15:19:00Z,283,89792,1420080,87.7,0.0
2026-03-24T15:19:01Z,284,90684,1420080,88.6,22.4
2026-03-24T15:19:02Z,285,91304,1420080,89.2,120.5
2026-03-24T15:19:03Z,286,90368,1420080,88.2,121.3
2026-03-24T15:19:04Z,287,91940,1420080,89.8,114.0
2026-03-24T15:19:05Z,288,92164,1420080,90.0,124.2
2026-03-24T15:19:06Z,289,92300,1420080,90.1,125.2
2026-03-24T15:19:07Z,290,92196,1420080,90.0,130.4
2026-03-24T15:19:08Z,291,92392,1420080,90.2,119.5
2026-03-24T15:19:09Z,292,91964,1420080,89.8,114.2
2026-03-24T15:19:10Z,293,91684,1420080,89.5,126.4
2026-03-24T15:19:12Z,294,91516,1420080,89.4,127.2
2026-03-24T15:19:13Z,295,91136,1420080,89.0,128.7
2026-03-24T15:19:14Z,296,91556,1420080,89.4,132.7
2026-03-24T15:19:15Z,297,91952,1420080,89.8,125.2
2026-03-24T15:19:16Z,298,91600,1420080,89.5,134.7
2026-03-24T15:19:17Z,299,91860,1420080,89.7,134.3
2026-03-24T15:19:18Z,300,91384,1420080,89.2,131.2
2026-03-24T15:19:19Z,301,91812,1420080,89.7,134.6
2026-03-24T15:19:20Z,302,91744,1420080,89.6,131.0
2026-03-24T15:19:21Z,303,91964,1420080,89.8,132.4
2026-03-24T15:19:22Z,304,92088,1420080,89.9,127.4
2026-03-24T15:19:23Z,305,89268,1420080,87.2,120.4
2026-03-24T15:19:24Z,306,89432,1420080,87.3,122.1
2026-03-24T15:19:25Z,307,89240,1420080,87.1,127.1
2026-03-24T15:19:27Z,308,89380,1420080,87.3,76.5
2026-03-24T15:19:28Z,309,89132,1420080,87.0,21.5
2026-03-24T15:19:29Z,310,88648,1420080,86.6,17.8
2026-03-24T15:19:30Z,311,88092,1420080,86.0,51.4
2026-03-24T15:19:31Z,312,89252,1420080,87.2,126.1
2026-03-24T15:19:32Z,313,89904,1420080,87.8,123.7
2026-03-24T15:19:33Z,314,90280,1420080,88.2,118.5
2026-03-24T15:19:34Z,315,90316,1420080,88.2,133.4
2026-03-24T15:19:35Z,316,90040,1420080,87.9,125.0
2026-03-24T15:19:36Z,317,89600,1420080,87.5,117.7
2026-03-24T15:19:37Z,318,89468,1420080,87.4,115.4
2026-03-24T15:19:38Z,319,89352,1420080,87.3,111.7
2026-03-24T15:19:39Z,320,89800,1420080,87.7,116.5
2026-03-24T15:19:40Z,321,90628,1420080,88.5,126.5
2026-03-24T15:19:42Z,322,89420,1420080,87.3,131.4
2026-03-24T15:19:43Z,323,89596,1420080,87.5,116.0
2026-03-24T15:19:44Z,324,90072,1420080,88.0,135.7
2026-03-24T15:19:45Z,325,90120,1420080,88.0,133.5
2026-03-24T15:19:46Z,326,89636,1420080,87.5,120.4
2026-03-24T15:19:47Z,327,89912,1420080,87.8,128.5
2026-03-24T15:19:48Z,328,89396,1420080,87.3,133.1
2026-03-24T15:19:49Z,329,89652,1420080,87.6,129.6
2026-03-24T15:19:50Z,330,89676,1420080,87.6,137.4
2026-03-24T15:19:51Z,331,89500,1420080,87.4,136.1
2026-03-24T15:19:52Z,332,89556,1420080,87.5,135.3
2026-03-24T15:19:53Z,333,89636,1420080,87.5,135.2
2026-03-24T15:19:54Z,334,88764,1420080,86.7,115.7
2026-03-24T15:19:55Z,335,88884,1420080,86.8,125.3
2026-03-24T15:19:57Z,336,89508,1420080,87.4,132.8
2026-03-24T15:19:58Z,337,89456,1420080,87.4,126.2
2026-03-24T15:19:59Z,338,90468,1420080,88.3,125.2
2026-03-24T15:20:00Z,339,90120,1420080,88.0,133.5
2026-03-24T15:20:01Z,340,90164,1420080,88.1,136.3
2026-03-24T15:20:02Z,341,87416,1420080,85.4,127.7
2026-03-24T15:20:03Z,342,88116,1420080,86.1,115.6
2026-03-24T15:20:04Z,343,88724,1420080,86.6,121.1
2026-03-24T15:20:05Z,344,88452,1420080,86.4,115.7
2026-03-24T15:20:06Z,345,89144,1420080,87.1,121.3
2026-03-24T15:20:07Z,346,89592,1420080,87.5,115.8
2026-03-24T15:20:08Z,347,89388,1420080,87.3,114.7
2026-03-24T15:20:09Z,348,89356,1420080,87.3,129.0
2026-03-24T15:20:10Z,349,89576,1420080,87.5,141.8
2026-03-24T15:20:12Z,350,89636,1420080,87.5,136.1
2026-03-24T15:20:13Z,351,89204,1420080,87.1,128.1
2026-03-24T15:20:14Z,352,89472,1420080,87.4,124.0
2026-03-24T15:20:15Z,353,88924,1420080,86.8,118.3
2026-03-24T15:20:16Z,354,89692,1420080,87.6,124.5
2026-03-24T15:20:17Z,355,89868,1420080,87.8,123.3
2026-03-24T15:20:18Z,356,88352,1420080,86.3,125.8
2026-03-24T15:20:19Z,357,88832,1420080,86.8,116.0
2026-03-24T15:20:20Z,358,88712,1420080,86.6,110.2
2026-03-24T15:20:21Z,359,89984,1420080,87.9,124.3
2026-03-24T15:20:22Z,360,89684,1420080,87.6,126.4
2026-03-24T15:20:23Z,361,89692,1420080,87.6,121.8
2026-03-24T15:20:24Z,362,89640,1420080,87.5,112.4
2026-03-24T15:20:25Z,363,89920,1420080,87.8,109.5
2026-03-24T15:20:27Z,364,90908,1420080,88.8,123.7
2026-03-24T15:20:28Z,365,89632,1420080,87.5,112.0
2026-03-24T15:20:29Z,366,89760,1420080,87.7,124.9
2026-03-24T15:20:30Z,367,90040,1420080,87.9,123.4
2026-03-24T15:20:31Z,368,88288,1420080,86.2,129.3
2026-03-24T15:20:32Z,369,88832,1420080,86.8,116.0
2026-03-24T15:20:33Z,370,89120,1420080,87.0,120.5
2026-03-24T15:20:34Z,371,89340,1420080,87.2,123.0
2026-03-24T15:20:35Z,372,89704,1420080,87.6,121.4
2026-03-24T15:20:36Z,373,89104,1420080,87.0,125.1
2026-03-24T15:20:37Z,374,89464,1420080,87.4,114.8
2026-03-24T15:20:38Z,375,90084,1420080,88.0,126.0
2026-03-24T15:20:39Z,376,90528,1420080,88.4,115.8
2026-03-24T15:20:40Z,377,90656,1420080,88.5,114.3
2026-03-24T15:20:41Z,378,90976,1420080,88.8,123.9
2026-03-24T15:20:43Z,379,90592,1420080,88.5,117.9
2026-03-24T15:20:44Z,380,91196,1420080,89.1,117.8
2026-03-24T15:20:45Z,381,89828,1420080,87.7,127.8
2026-03-24T15:20:46Z,382,90276,1420080,88.2,131.9
2026-03-24T15:20:47Z,383,88900,1420080,86.8,132.3
2026-03-24T15:20:48Z,384,90276,1420080,88.2,116.8
2026-03-24T15:20:49Z,385,90716,1420080,88.6,118.4
2026-03-24T15:20:50Z,386,90040,1420080,87.9,129.5
2026-03-24T15:20:51Z,387,89840,1420080,87.7,119.5
2026-03-24T15:20:52Z,388,89788,1420080,87.7,117.8
2026-03-24T15:20:53Z,389,89784,1420080,87.7,121.7
2026-03-24T15:20:54Z,390,88372,1420080,86.3,113.1
2026-03-24T15:20:55Z,391,89108,1420080,87.0,118.8
2026-03-24T15:20:56Z,392,89300,1420080,87.2,113.1
2026-03-24T15:20:58Z,393,89172,1420080,87.1,28.0
2026-03-24T15:20:59Z,394,88784,1420080,86.7,30.8
2026-03-24T15:21:00Z,395,88836,1420080,86.8,113.9
2026-03-24T15:21:01Z,396,89220,1420080,87.1,107.4
2026-03-24T15:21:02Z,397,89220,1420080,87.1,0.0
2026-03-24T15:21:03Z,398,90384,1420080,88.3,1.9
2026-03-24T15:21:04Z,399,91836,1420080,89.7,87.7
2026-03-24T15:21:05Z,400,92348,1420080,90.2,117.4
2026-03-24T15:21:06Z,401,92328,1420080,90.2,124.9
2026-03-24T15:21:07Z,402,91500,1420080,89.4,121.6
2026-03-24T15:21:08Z,403,89044,1420080,87.0,135.3
2026-03-24T15:21:09Z,404,88684,1420080,86.6,117.0
2026-03-24T15:21:10Z,405,89452,1420080,87.4,116.7
2026-03-24T15:21:11Z,406,89576,1420080,87.5,132.7
2026-03-24T15:21:13Z,407,89016,1420080,86.9,134.6
2026-03-24T15:21:14Z,408,89036,1420080,86.9,125.2
2026-03-24T15:21:15Z,409,89016,1420080,86.9,125.0
2026-03-24T15:21:16Z,410,89324,1420080,87.2,120.7
2026-03-24T15:21:17Z,411,89120,1420080,87.0,109.0
2026-03-24T15:21:18Z,412,89420,1420080,87.3,119.5
2026-03-24T15:21:19Z,413,89684,1420080,87.6,116.7
2026-03-24T15:21:20Z,414,89676,1420080,87.6,115.5
2026-03-24T15:21:21Z,415,90128,1420080,88.0,126.5
2026-03-24T15:21:22Z,416,89760,1420080,87.7,126.9
2026-03-24T15:21:23Z,417,89460,1420080,87.4,135.5
2026-03-24T15:21:24Z,418,89640,1420080,87.5,125.9
2026-03-24T15:21:25Z,419,89612,1420080,87.5,113.8
2026-03-24T15:21:26Z,420,89748,1420080,87.6,120.7
2026-03-24T15:21:28Z,421,89832,1420080,87.7,117.6
2026-03-24T15:21:29Z,422,90084,1420080,88.0,120.6
2026-03-24T15:21:30Z,423,89836,1420080,87.7,128.9
2026-03-24T15:21:31Z,424,89808,1420080,87.7,122.2
2026-03-24T15:21:32Z,425,89168,1420080,87.1,108.2
2026-03-24T15:21:33Z,426,89696,1420080,87.6,114.8
2026-03-24T15:21:34Z,427,90136,1420080,88.0,117.8
2026-03-24T15:21:35Z,428,90460,1420080,88.3,104.6
2026-03-24T15:21:36Z,429,90200,1420080,88.1,109.6
2026-03-24T15:21:37Z,430,90268,1420080,88.2,104.5
2026-03-24T15:21:38Z,431,89616,1420080,87.5,110.4
2026-03-24T15:21:39Z,432,89700,1420080,87.6,114.0
2026-03-24T15:21:40Z,433,89408,1420080,87.3,99.0
2026-03-24T15:21:41Z,434,89516,1420080,87.4,120.2
2026-03-24T15:21:43Z,435,90036,1420080,87.9,108.3
2026-03-24T15:21:44Z,436,90136,1420080,88.0,113.1
2026-03-24T15:21:45Z,437,89916,1420080,87.8,104.6
2026-03-24T15:21:46Z,438,89500,1420080,87.4,117.8
2026-03-24T15:21:47Z,439,89304,1420080,87.2,124.6
2026-03-24T15:21:48Z,440,89472,1420080,87.4,115.5
2026-03-24T15:21:49Z,441,89812,1420080,87.7,119.6
2026-03-24T15:21:50Z,442,89704,1420080,87.6,122.4
2026-03-24T15:21:51Z,443,89464,1420080,87.4,118.8
2026-03-24T15:21:52Z,444,90148,1420080,88.0,102.1
2026-03-24T15:21:53Z,445,90124,1420080,88.0,106.3
2026-03-24T15:21:54Z,446,90148,1420080,88.0,122.8
2026-03-24T15:21:55Z,447,89664,1420080,87.6,109.8
2026-03-24T15:21:56Z,448,89512,1420080,87.4,115.5
2026-03-24T15:21:58Z,449,89104,1420080,87.0,101.6
2026-03-24T15:21:59Z,450,89316,1420080,87.2,121.2
2026-03-24T15:22:00Z,451,89180,1420080,87.1,109.1
2026-03-24T15:22:01Z,452,89008,1420080,86.9,106.6
2026-03-24T15:22:02Z,453,89472,1420080,87.4,98.3
2026-03-24T15:22:03Z,454,89500,1420080,87.4,102.7
2026-03-24T15:22:04Z,455,89904,1420080,87.8,114.0
2026-03-24T15:22:05Z,456,89984,1420080,87.9,118.0
2026-03-24T15:22:06Z,457,89588,1420080,87.5,123.1
2026-03-24T15:22:07Z,458,89504,1420080,87.4,116.8
2026-03-24T15:22:08Z,459,90168,1420080,88.1,123.0
2026-03-24T15:22:09Z,460,90400,1420080,88.3,114.8
2026-03-24T15:22:10Z,461,90168,1420080,88.1,113.4
2026-03-24T15:22:11Z,462,89640,1420080,87.5,115.6
2026-03-24T15:22:13Z,463,89492,1420080,87.4,113.2
2026-03-24T15:22:14Z,464,89656,1420080,87.6,124.0
2026-03-24T15:22:15Z,465,88700,1420080,86.6,107.5
2026-03-24T15:22:16Z,466,89260,1420080,87.2,90.8
2026-03-24T15:22:17Z,467,89344,1420080,87.2,111.6
2026-03-24T15:22:18Z,468,89716,1420080,87.6,126.4
2026-03-24T15:22:19Z,469,89744,1420080,87.6,119.7
2026-03-24T15:22:20Z,470,89872,1420080,87.8,118.6
2026-03-24T15:22:21Z,471,90060,1420080,87.9,106.5
2026-03-24T15:22:22Z,472,88724,1420080,86.6,112.0
2026-03-24T15:22:23Z,473,89376,1420080,87.3,110.5
2026-03-24T15:22:24Z,474,90560,1420080,88.4,114.5
2026-03-24T15:22:25Z,475,90500,1420080,88.4,106.4
2026-03-24T15:22:26Z,476,89472,1420080,87.4,105.4
2026-03-24T15:22:27Z,477,89648,1420080,87.5,104.4
2026-03-24T15:22:29Z,478,89528,1420080,87.4,109.1
2026-03-24T15:22:30Z,479,89620,1420080,87.5,102.8
2026-03-24T15:22:31Z,480,89244,1420080,87.2,98.5
2026-03-24T15:22:32Z,481,88864,1420080,86.8,91.0
2026-03-24T15:22:33Z,482,89396,1420080,87.3,108.5
2026-03-24T15:22:34Z,483,90504,1420080,88.4,109.1
2026-03-24T15:22:35Z,484,90316,1420080,88.2,98.0
2026-03-24T15:22:36Z,485,90392,1420080,88.3,109.4
2026-03-24T15:22:37Z,486,90792,1420080,88.7,125.8
2026-03-24T15:22:38Z,487,90776,1420080,88.6,109.9
2026-03-24T15:22:39Z,488,89984,1420080,87.9,110.8
2026-03-24T15:22:40Z,489,90544,1420080,88.4,103.5
2026-03-24T15:22:41Z,490,90176,1420080,88.1,112.7
2026-03-24T15:22:42Z,491,90108,1420080,88.0,123.5
2026-03-24T15:22:44Z,492,88648,1420080,86.6,97.2
2026-03-24T15:22:45Z,493,89084,1420080,87.0,97.9
2026-03-24T15:22:46Z,494,90204,1420080,88.1,89.7
2026-03-24T15:22:47Z,495,89952,1420080,87.8,101.1
2026-03-24T15:22:48Z,496,89656,1420080,87.6,85.8
2026-03-24T15:22:49Z,497,89060,1420080,87.0,81.1
2026-03-24T15:22:50Z,498,89792,1420080,87.7,97.2
2026-03-24T15:22:51Z,499,90328,1420080,88.2,101.8
2026-03-24T15:22:52Z,500,89372,1420080,87.3,102.6
2026-03-24T15:22:53Z,501,90160,1420080,88.0,91.6
2026-03-24T15:22:54Z,502,90124,1420080,88.0,87.9
2026-03-24T15:22:55Z,503,90676,1420080,88.6,104.7
2026-03-24T15:22:56Z,504,90740,1420080,88.6,100.0
2026-03-24T15:22:57Z,505,88976,1420080,86.9,98.1
2026-03-24T15:22:59Z,506,88788,1420080,86.7,87.8
2026-03-24T15:23:00Z,507,89344,1420080,87.2,107.6
2026-03-24T15:23:01Z,508,89896,1420080,87.8,99.0
2026-03-24T15:23:02Z,509,89956,1420080,87.8,95.1
2026-03-24T15:23:03Z,510,90600,1420080,88.5,105.2
2026-03-24T15:23:04Z,511,90204,1420080,88.1,28.9
2026-03-24T15:23:05Z,512,90204,1420080,88.1,0.0
2026-03-24T15:23:06Z,513,91128,1420080,89.0,56.9
2026-03-24T15:23:07Z,514,91956,1420080,89.8,95.6
2026-03-24T15:23:08Z,515,91772,1420080,89.6,82.9
2026-03-24T15:23:09Z,516,92056,1420080,89.9,83.2
2026-03-24T15:23:10Z,517,91112,1420080,89.0,88.6
2026-03-24T15:23:11Z,518,91908,1420080,89.8,95.9
2026-03-24T15:23:12Z,519,91532,1420080,89.4,88.0
2026-03-24T15:23:14Z,520,89900,1420080,87.8,90.5
2026-03-24T15:23:15Z,521,89748,1420080,87.6,96.1
2026-03-24T15:23:16Z,522,89484,1420080,87.4,94.2
2026-03-24T15:23:17Z,523,89344,1420080,87.2,87.8
2026-03-24T15:23:18Z,524,90536,1420080,88.4,98.6
2026-03-24T15:23:19Z,525,87780,1420080,85.7,79.2
2026-03-24T15:23:20Z,526,88840,1420080,86.8,77.6
2026-03-24T15:23:21Z,527,88932,1420080,86.8,74.8
2026-03-24T15:23:22Z,528,88856,1420080,86.8,70.1
2026-03-24T15:23:23Z,529,88904,1420080,86.8,74.6
2026-03-24T15:23:24Z,530,88896,1420080,86.8,81.0
2026-03-24T15:23:25Z,531,89160,1420080,87.1,83.0
2026-03-24T15:23:26Z,532,88468,1420080,86.4,92.5
2026-03-24T15:23:27Z,533,88456,1420080,86.4,84.1
2026-03-24T15:23:29Z,534,89172,1420080,87.1,86.1
2026-03-24T15:23:30Z,535,88876,1420080,86.8,98.0
2026-03-24T15:23:31Z,536,88444,1420080,86.4,105.5
2026-03-24T15:23:32Z,537,88596,1420080,86.5,91.4
2026-03-24T15:23:33Z,538,88704,1420080,86.6,96.0
2026-03-24T15:23:34Z,539,89176,1420080,87.1,110.6
2026-03-24T15:23:35Z,540,89524,1420080,87.4,98.9
2026-03-24T15:23:36Z,541,89656,1420080,87.6,88.7
2026-03-24T15:23:37Z,542,89616,1420080,87.5,68.0
2026-03-24T15:23:38Z,543,87884,1420080,85.8,73.8
2026-03-24T15:23:39Z,544,89080,1420080,87.0,96.1
2026-03-24T15:23:40Z,545,87956,1420080,85.9,87.9
2026-03-24T15:23:41Z,546,88684,1420080,86.6,84.1
2026-03-24T15:23:42Z,547,89388,1420080,87.3,87.0
2026-03-24T15:23:44Z,548,89256,1420080,87.2,81.4
2026-03-24T15:23:45Z,549,88588,1420080,86.5,76.6
2026-03-24T15:23:46Z,550,89524,1420080,87.4,85.0
2026-03-24T15:23:47Z,551,89704,1420080,87.6,84.0
2026-03-24T15:23:48Z,552,89748,1420080,87.6,89.7
2026-03-24T15:23:49Z,553,90076,1420080,88.0,85.1
2026-03-24T15:23:50Z,554,90616,1420080,88.5,84.9
2026-03-24T15:23:51Z,555,88576,1420080,86.5,90.6
2026-03-24T15:23:52Z,556,88852,1420080,86.8,82.4
2026-03-24T15:23:53Z,557,88592,1420080,86.5,86.8
2026-03-24T15:23:54Z,558,88712,1420080,86.6,94.1
2026-03-24T15:23:55Z,559,88252,1420080,86.2,81.1
2026-03-24T15:23:56Z,560,88628,1420080,86.6,81.4
2026-03-24T15:23:57Z,561,88628,1420080,86.6,91.7
2026-03-24T15:23:59Z,562,88544,1420080,86.5,73.7
2026-03-24T15:24:00Z,563,87896,1420080,85.8,85.8
2026-03-24T15:24:01Z,564,88032,1420080,86.0,82.8
2026-03-24T15:24:02Z,565,88336,1420080,86.3,79.3
2026-03-24T15:24:03Z,566,88140,1420080,86.1,92.6
2026-03-24T15:24:04Z,567,87916,1420080,85.9,85.8
2026-03-24T15:24:05Z,568,88540,1420080,86.5,66.2
2026-03-24T15:24:06Z,569,87820,1420080,85.8,81.3
2026-03-24T15:24:07Z,570,88608,1420080,86.5,80.6
2026-03-24T15:24:08Z,571,89184,1420080,87.1,91.5
2026-03-24T15:24:09Z,572,89016,1420080,86.9,82.1
2026-03-24T15:24:10Z,573,88788,1420080,86.7,71.0
2026-03-24T15:24:11Z,574,89012,1420080,86.9,75.7
2026-03-24T15:24:12Z,575,89488,1420080,87.4,78.6
2026-03-24T15:24:14Z,576,89140,1420080,87.1,99.6
2026-03-24T15:24:15Z,577,89464,1420080,87.4,87.0
2026-03-24T15:24:16Z,578,89076,1420080,87.0,70.9
2026-03-24T15:24:17Z,579,89672,1420080,87.6,88.8
2026-03-24T15:24:18Z,580,89448,1420080,87.4,87.5
2026-03-24T15:24:19Z,581,89552,1420080,87.5,79.5
2026-03-24T15:24:20Z,582,89816,1420080,87.7,88.7
2026-03-24T15:24:21Z,583,90416,1420080,88.3,80.2
2026-03-24T15:24:22Z,584,90252,1420080,88.1,78.3
2026-03-24T15:24:23Z,585,90080,1420080,88.0,67.9
2026-03-24T15:24:24Z,586,90420,1420080,88.3,80.4
2026-03-24T15:24:25Z,587,90584,1420080,88.5,79.3
2026-03-24T15:24:26Z,588,89380,1420080,87.3,85.6
2026-03-24T15:24:27Z,589,89520,1420080,87.4,91.4
2026-03-24T15:24:29Z,590,89420,1420080,87.3,71.9
2026-03-24T15:24:30Z,591,89380,1420080,87.3,72.8
2026-03-24T15:24:31Z,592,88228,1420080,86.2,75.6
2026-03-24T15:24:32Z,593,88632,1420080,86.6,65.4
2026-03-24T15:24:33Z,594,89240,1420080,87.1,63.5
2026-03-24T15:24:34Z,595,89328,1420080,87.2,82.1
2026-03-24T15:24:35Z,596,89624,1420080,87.5,81.4
2026-03-24T15:24:36Z,597,89640,1420080,87.5,75.5
2026-03-24T15:24:37Z,598,88940,1420080,86.9,72.7
2026-03-24T15:24:38Z,599,89268,1420080,87.2,79.3
2026-03-24T15:24:39Z,600,89796,1420080,87.7,60.6
2026-03-24T15:24:40Z,601,90124,1420080,88.0,68.2
2026-03-24T15:24:41Z,602,90160,1420080,88.0,75.8
2026-03-24T15:24:42Z,603,88744,1420080,86.7,77.5
2026-03-24T15:24:44Z,604,88848,1420080,86.8,86.0
2026-03-24T15:24:45Z,605,88580,1420080,86.5,77.4
2026-03-24T15:24:46Z,606,89688,1420080,87.6,67.3
2026-03-24T15:24:47Z,607,89880,1420080,87.8,67.1
2026-03-24T15:24:48Z,608,90176,1420080,88.1,98.8
2026-03-24T15:24:49Z,609,90272,1420080,88.2,94.3
2026-03-24T15:24:50Z,610,88876,1420080,86.8,71.0
2026-03-24T15:24:51Z,611,89056,1420080,87.0,85.1
2026-03-24T15:24:52Z,612,88488,1420080,86.4,62.4
2026-03-24T15:24:53Z,613,88088,1420080,86.0,72.8
2026-03-24T15:24:54Z,614,89176,1420080,87.1,84.8
2026-03-24T15:24:55Z,615,90020,1420080,87.9,75.6
2026-03-24T15:24:56Z,616,89828,1420080,87.7,81.2
2026-03-24T15:24:57Z,617,89392,1420080,87.3,73.0
2026-03-24T15:24:59Z,618,89504,1420080,87.4,75.8
2026-03-24T15:25:00Z,619,89124,1420080,87.0,68.2
2026-03-24T15:25:01Z,620,89236,1420080,87.1,66.3
2026-03-24T15:25:02Z,621,90556,1420080,88.4,64.5
2026-03-24T15:25:03Z,622,90692,1420080,88.6,86.8
2026-03-24T15:25:04Z,623,88972,1420080,86.9,83.2
2026-03-24T15:25:05Z,624,89424,1420080,87.3,70.2
2026-03-24T15:25:06Z,625,89600,1420080,87.5,40.2
2026-03-24T15:25:07Z,626,89600,1420080,87.5,0.0
2026-03-24T15:25:08Z,627,91372,1420080,89.2,29.0
2026-03-24T15:25:09Z,628,90704,1420080,88.6,73.9
2026-03-24T15:25:10Z,629,91240,1420080,89.1,70.0
2026-03-24T15:25:11Z,630,90856,1420080,88.7,68.2
2026-03-24T15:25:12Z,631,91540,1420080,89.4,73.8
2026-03-24T15:25:14Z,632,90428,1420080,88.3,70.8
2026-03-24T15:25:15Z,633,89432,1420080,87.3,78.5
2026-03-24T15:25:16Z,634,89780,1420080,87.7,59.7
2026-03-24T15:25:17Z,635,90268,1420080,88.2,83.1
2026-03-24T15:25:18Z,636,89272,1420080,87.2,72.7
2026-03-24T15:25:19Z,637,88520,1420080,86.4,71.0
2026-03-24T15:25:20Z,638,87924,1420080,85.9,73.8
2026-03-24T15:25:21Z,639,88312,1420080,86.2,65.4
2026-03-24T15:25:22Z,640,88804,1420080,86.7,59.7
2026-03-24T15:25:23Z,641,88720,1420080,86.6,70.1
2026-03-24T15:25:24Z,642,89420,1420080,87.3,85.8
2026-03-24T15:25:25Z,643,88908,1420080,86.8,71.9
2026-03-24T15:25:26Z,644,88656,1420080,86.6,76.7
2026-03-24T15:25:27Z,645,89204,1420080,87.1,67.4
2026-03-24T15:25:28Z,646,88744,1420080,86.7,83.2
2026-03-24T15:25:30Z,647,87788,1420080,85.7,68.9
2026-03-24T15:25:31Z,648,88080,1420080,86.0,72.8
2026-03-24T15:25:32Z,649,87928,1420080,85.9,60.7
2026-03-24T15:25:33Z,650,88648,1420080,86.6,78.7
2026-03-24T15:25:34Z,651,89388,1420080,87.3,73.8
2026-03-24T15:25:35Z,652,89852,1420080,87.7,82.1
2026-03-24T15:25:36Z,653,89352,1420080,87.3,75.7
2026-03-24T15:25:37Z,654,89668,1420080,87.6,71.9
2026-03-24T15:25:38Z,655,88944,1420080,86.9,74.8
2026-03-24T15:25:39Z,656,88956,1420080,86.9,81.1
2026-03-24T15:25:40Z,657,88448,1420080,86.4,58.0
2026-03-24T15:25:41Z,658,88808,1420080,86.7,81.1
2026-03-24T15:25:42Z,659,88348,1420080,86.3,82.2
2026-03-24T15:25:43Z,660,87916,1420080,85.9,66.3
2026-03-24T15:25:45Z,661,88192,1420080,86.1,61.7
2026-03-24T15:25:46Z,662,88460,1420080,86.4,76.6
2026-03-24T15:25:47Z,663,87636,1420080,85.6,71.0
2026-03-24T15:25:48Z,664,88120,1420080,86.1,71.8
2026-03-24T15:25:49Z,665,89100,1420080,87.0,66.5
2026-03-24T15:25:50Z,666,89200,1420080,87.1,75.0
2026-03-24T15:25:51Z,667,89384,1420080,87.3,73.8
2026-03-24T15:25:52Z,668,88004,1420080,85.9,69.0
2026-03-24T15:25:53Z,669,88772,1420080,86.7,62.5
2026-03-24T15:25:54Z,670,88036,1420080,86.0,72.9
2026-03-24T15:25:55Z,671,88872,1420080,86.8,76.7
2026-03-24T15:25:56Z,672,88932,1420080,86.8,81.5
2026-03-24T15:25:57Z,673,88760,1420080,86.7,66.5
2026-03-24T15:25:58Z,674,88760,1420080,86.7,74.8
2026-03-24T15:26:00Z,675,89148,1420080,87.1,81.1
2026-03-24T15:26:01Z,676,89460,1420080,87.4,80.2
2026-03-24T15:26:02Z,677,89200,1420080,87.1,67.2
2026-03-24T15:26:03Z,678,89268,1420080,87.2,69.0
2026-03-24T15:26:04Z,679,88312,1420080,86.2,62.5
2026-03-24T15:26:05Z,680,88488,1420080,86.4,60.7
2026-03-24T15:26:06Z,681,88060,1420080,86.0,75.4
2026-03-24T15:26:07Z,682,88744,1420080,86.7,70.7
2026-03-24T15:26:08Z,683,87960,1420080,85.9,67.2
2026-03-24T15:26:09Z,684,89172,1420080,87.1,72.9
2026-03-24T15:26:10Z,685,89900,1420080,87.8,71.8
2026-03-24T15:26:11Z,686,88836,1420080,86.8,81.2
2026-03-24T15:26:12Z,687,88880,1420080,86.8,69.1
2026-03-24T15:26:13Z,688,88788,1420080,86.7,68.4
2026-03-24T15:26:15Z,689,88468,1420080,86.4,71.9
2026-03-24T15:26:16Z,690,88152,1420080,86.1,64.5
2026-03-24T15:26:17Z,691,87932,1420080,85.9,76.5
2026-03-24T15:26:18Z,692,88520,1420080,86.4,79.2
2026-03-24T15:26:19Z,693,89172,1420080,87.1,79.4
2026-03-24T15:26:20Z,694,89292,1420080,87.2,87.4
2026-03-24T15:26:21Z,695,88592,1420080,86.5,73.0
2026-03-24T15:26:22Z,696,89340,1420080,87.2,75.8
2026-03-24T15:26:23Z,697,89740,1420080,87.6,77.7
2026-03-24T15:26:24Z,698,89416,1420080,87.3,73.0
2026-03-24T15:26:25Z,699,89044,1420080,87.0,80.1
2026-03-24T15:26:26Z,700,89168,1420080,87.1,83.9
2026-03-24T15:26:27Z,701,88892,1420080,86.8,91.5
2026-03-24T15:26:28Z,702,89500,1420080,87.4,77.4
2026-03-24T15:26:30Z,703,89712,1420080,87.6,87.5
2026-03-24T15:26:31Z,704,89044,1420080,87.0,71.9
2026-03-24T15:26:32Z,705,89472,1420080,87.4,77.4
2026-03-24T15:26:33Z,706,89980,1420080,87.9,77.6
2026-03-24T15:26:34Z,707,89952,1420080,87.8,77.6
2026-03-24T15:26:35Z,708,89368,1420080,87.3,75.5
2026-03-24T15:26:36Z,709,89304,1420080,87.2,75.6
2026-03-24T15:26:37Z,710,88668,1420080,86.6,71.8
2026-03-24T15:26:38Z,711,89312,1420080,87.2,87.6
2026-03-24T15:26:39Z,712,89864,1420080,87.8,75.7
2026-03-24T15:26:40Z,713,89396,1420080,87.3,75.5
2026-03-24T15:26:41Z,714,90060,1420080,87.9,71.1
2026-03-24T15:26:42Z,715,89436,1420080,87.3,68.2
2026-03-24T15:26:43Z,716,89896,1420080,87.8,73.7
2026-03-24T15:26:45Z,717,90368,1420080,88.2,74.7
2026-03-24T15:26:46Z,718,90428,1420080,88.3,90.5
2026-03-24T15:26:47Z,719,90464,1420080,88.3,85.0
2026-03-24T15:26:48Z,720,90280,1420080,88.2,77.6
2026-03-24T15:26:49Z,721,90120,1420080,88.0,75.7
2026-03-24T15:26:50Z,722,89736,1420080,87.6,82.0
2026-03-24T15:26:51Z,723,89980,1420080,87.9,83.9
2026-03-24T15:26:52Z,724,90348,1420080,88.2,78.3
2026-03-24T15:26:53Z,725,90816,1420080,88.7,93.0
2026-03-24T15:26:54Z,726,90220,1420080,88.1,67.3
2026-03-24T15:26:55Z,727,89472,1420080,87.4,72.9
2026-03-24T15:26:56Z,728,88172,1420080,86.1,85.7
2026-03-24T15:26:57Z,729,88548,1420080,86.5,79.3
2026-03-24T15:26:58Z,730,89300,1420080,87.2,84.9
2026-03-24T15:27:00Z,731,88700,1420080,86.6,75.8
2026-03-24T15:27:01Z,732,88492,1420080,86.4,80.4
2026-03-24T15:27:02Z,733,88408,1420080,86.3,83.1
2026-03-24T15:27:03Z,734,87496,1420080,85.4,85.9
2026-03-24T15:27:04Z,735,88132,1420080,86.1,83.3
2026-03-24T15:27:05Z,736,88036,1420080,86.0,85.1
2026-03-24T15:27:06Z,737,88644,1420080,86.6,82.1
2026-03-24T15:27:07Z,738,88920,1420080,86.8,77.8
2026-03-24T15:27:08Z,739,88716,1420080,86.6,66.3
2026-03-24T15:27:09Z,740,88716,1420080,86.6,0.0
2026-03-24T15:27:10Z,741,90968,1420080,88.8,10.3
2026-03-24T15:27:11Z,742,91380,1420080,89.2,77.3
2026-03-24T15:27:12Z,743,91780,1420080,89.6,80.4
2026-03-24T15:27:13Z,744,92428,1420080,90.3,90.0
2026-03-24T15:27:14Z,745,93064,1420080,90.9,82.3
2026-03-24T15:27:16Z,746,92192,1420080,90.0,81.2
2026-03-24T15:27:17Z,747,89740,1420080,87.6,85.0
2026-03-24T15:27:18Z,748,90124,1420080,88.0,77.2
2026-03-24T15:27:19Z,749,89784,1420080,87.7,87.0
2026-03-24T15:27:20Z,750,89972,1420080,87.9,81.3
2026-03-24T15:27:21Z,751,89288,1420080,87.2,79.3
2026-03-24T15:27:22Z,752,89668,1420080,87.6,68.1
2026-03-24T15:27:23Z,753,89924,1420080,87.8,81.4
2026-03-24T15:27:24Z,754,89880,1420080,87.8,66.3
2026-03-24T15:27:25Z,755,90268,1420080,88.2,90.4
2026-03-24T15:27:26Z,756,89640,1420080,87.5,95.1
2026-03-24T15:27:27Z,757,89892,1420080,87.8,90.3
2026-03-24T15:27:28Z,758,90340,1420080,88.2,86.8
2026-03-24T15:27:29Z,759,90120,1420080,88.0,85.8
2026-03-24T15:27:31Z,760,90236,1420080,88.1,73.7
2026-03-24T15:27:32Z,761,90428,1420080,88.3,88.7
2026-03-24T15:27:33Z,762,90240,1420080,88.1,85.0
2026-03-24T15:27:34Z,763,89876,1420080,87.8,92.3
2026-03-24T15:27:35Z,764,89928,1420080,87.8,85.0
2026-03-24T15:27:36Z,765,90372,1420080,88.3,87.7
2026-03-24T15:27:37Z,766,89852,1420080,87.7,83.0
2026-03-24T15:27:38Z,767,89712,1420080,87.6,98.1
2026-03-24T15:27:39Z,768,89196,1420080,87.1,86.8
2026-03-24T15:27:40Z,769,89436,1420080,87.3,86.0
2026-03-24T15:27:41Z,770,89040,1420080,87.0,79.3
2026-03-24T15:27:42Z,771,89444,1420080,87.3,83.0
2026-03-24T15:27:43Z,772,90296,1420080,88.2,97.9
2026-03-24T15:27:45Z,773,90204,1420080,88.1,104.6
2026-03-24T15:27:46Z,774,90080,1420080,88.0,76.7
2026-03-24T15:27:47Z,775,90300,1420080,88.2,85.9
2026-03-24T15:27:48Z,776,89924,1420080,87.8,85.7
2026-03-24T15:27:49Z,777,89360,1420080,87.3,88.6
2026-03-24T15:27:50Z,778,89372,1420080,87.3,83.9
2026-03-24T15:27:51Z,779,89384,1420080,87.3,98.9
2026-03-24T15:27:52Z,780,89540,1420080,87.4,99.0
2026-03-24T15:27:53Z,781,89428,1420080,87.3,95.6
2026-03-24T15:27:54Z,782,88104,1420080,86.0,92.4
2026-03-24T15:27:55Z,783,88344,1420080,86.3,83.1
2026-03-24T15:27:56Z,784,89088,1420080,87.0,88.7
2026-03-24T15:27:57Z,785,89532,1420080,87.4,77.3
2026-03-24T15:27:58Z,786,89480,1420080,87.4,74.8
2026-03-24T15:27:59Z,787,90052,1420080,87.9,85.9
2026-03-24T15:28:01Z,788,89540,1420080,87.4,80.2
2026-03-24T15:28:02Z,789,89248,1420080,87.2,85.7
2026-03-24T15:28:03Z,790,90020,1420080,87.9,86.9
2026-03-24T15:28:04Z,791,89784,1420080,87.7,87.2
2026-03-24T15:28:05Z,792,89704,1420080,87.6,90.6
2026-03-24T15:28:06Z,793,89624,1420080,87.5,80.1
2026-03-24T15:28:07Z,794,88960,1420080,86.9,72.0
2026-03-24T15:28:08Z,795,89324,1420080,87.2,88.8
2026-03-24T15:28:09Z,796,88788,1420080,86.7,94.2
2026-03-24T15:28:10Z,797,89128,1420080,87.0,93.2
2026-03-24T15:28:11Z,798,89260,1420080,87.2,87.9
2026-03-24T15:28:12Z,799,89044,1420080,87.0,83.2
2026-03-24T15:28:13Z,800,89052,1420080,87.0,90.7
2026-03-24T15:28:14Z,801,89368,1420080,87.3,92.4
2026-03-24T15:28:16Z,802,89348,1420080,87.3,88.9
2026-03-24T15:28:17Z,803,89372,1420080,87.3,83.0
2026-03-24T15:28:18Z,804,89816,1420080,87.7,84.8
2026-03-24T15:28:19Z,805,90600,1420080,88.5,104.2
2026-03-24T15:28:20Z,806,90656,1420080,88.5,81.7
2026-03-24T15:28:21Z,807,89552,1420080,87.5,85.3
2026-03-24T15:28:22Z,808,89572,1420080,87.5,86.7
2026-03-24T15:28:23Z,809,89744,1420080,87.6,78.3
2026-03-24T15:28:24Z,810,89876,1420080,87.8,87.9
2026-03-24T15:28:25Z,811,90300,1420080,88.2,85.7
2026-03-24T15:28:26Z,812,90076,1420080,88.0,97.2
2026-03-24T15:28:27Z,813,90988,1420080,88.9,97.9
2026-03-24T15:28:28Z,814,89044,1420080,87.0,96.1
2026-03-24T15:28:29Z,815,90012,1420080,87.9,107.2
2026-03-24T15:28:31Z,816,89696,1420080,87.6,103.0
2026-03-24T15:28:32Z,817,90452,1420080,88.3,99.0
2026-03-24T15:28:33Z,818,90280,1420080,88.2,87.7
2026-03-24T15:28:34Z,819,90176,1420080,88.1,85.9
2026-03-24T15:28:35Z,820,90576,1420080,88.5,94.3
2026-03-24T15:28:36Z,821,90320,1420080,88.2,100.7
2026-03-24T15:28:37Z,822,89924,1420080,87.8,74.7
2026-03-24T15:28:38Z,823,90112,1420080,88.0,92.5
2026-03-24T15:28:39Z,824,89248,1420080,87.2,97.1
2026-03-24T15:28:40Z,825,88388,1420080,86.3,83.1
2026-03-24T15:28:41Z,826,90168,1420080,88.1,82.1
2026-03-24T15:28:42Z,827,88828,1420080,86.7,79.4
2026-03-24T15:28:43Z,828,89348,1420080,87.3,84.9
2026-03-24T15:28:44Z,829,89580,1420080,87.5,89.0
2026-03-24T15:28:46Z,830,89340,1420080,87.2,77.5
2026-03-24T15:28:47Z,831,89452,1420080,87.4,94.5
2026-03-24T15:28:48Z,832,89484,1420080,87.4,83.1
2026-03-24T15:28:49Z,833,89040,1420080,87.0,90.7
2026-03-24T15:28:50Z,834,87472,1420080,85.4,77.8
2026-03-24T15:28:51Z,835,88544,1420080,86.5,94.5
2026-03-24T15:28:52Z,836,88736,1420080,86.7,88.7
2026-03-24T15:28:53Z,837,88472,1420080,86.4,97.0
2026-03-24T15:28:54Z,838,87836,1420080,85.8,88.6
2026-03-24T15:28:55Z,839,88308,1420080,86.2,89.6
2026-03-24T15:28:56Z,840,88596,1420080,86.5,89.5
2026-03-24T15:28:57Z,841,88636,1420080,86.6,99.6
2026-03-24T15:28:58Z,842,88248,1420080,86.2,97.1
2026-03-24T15:28:59Z,843,88764,1420080,86.7,85.2
2026-03-24T15:29:01Z,844,88856,1420080,86.8,98.9
2026-03-24T15:29:02Z,845,88288,1420080,86.2,90.8
2026-03-24T15:29:03Z,846,88756,1420080,86.7,83.9
2026-03-24T15:29:04Z,847,89368,1420080,87.3,100.8
2026-03-24T15:29:05Z,848,89300,1420080,87.2,90.7
2026-03-24T15:29:06Z,849,89244,1420080,87.2,86.7
2026-03-24T15:29:07Z,850,89900,1420080,87.8,105.1
2026-03-24T15:29:08Z,851,89792,1420080,87.7,94.1
2026-03-24T15:29:09Z,852,88612,1420080,86.5,91.3
2026-03-24T15:29:10Z,853,90484,1420080,88.4,108.1
2026-03-24T15:29:11Z,854,90448,1420080,88.3,1.9
2026-03-24T15:29:12Z,855,90448,1420080,88.3,0.0
2026-03-24T15:29:13Z,856,91864,1426736,89.7,65.5
2026-03-24T15:29:14Z,857,92604,1426736,90.4,88.0
2026-03-24T15:29:16Z,858,92540,1426736,90.4,76.8
2026-03-24T15:29:17Z,859,92944,1426736,90.8,81.2
2026-03-24T15:29:18Z,860,91572,1426736,89.4,85.8
2026-03-24T15:29:19Z,861,90208,1426736,88.1,98.0
2026-03-24T15:29:20Z,862,90344,1426736,88.2,86.8
2026-03-24T15:29:21Z,863,89948,1426736,87.8,78.4
2026-03-24T15:29:22Z,864,89184,1426736,87.1,96.1
2026-03-24T15:29:23Z,865,89580,1426736,87.5,86.0
2026-03-24T15:29:24Z,866,89736,1426736,87.6,94.2
2026-03-24T15:29:25Z,867,90256,1426736,88.1,100.7
2026-03-24T15:29:26Z,868,90024,1426736,87.9,85.0
2026-03-24T15:29:27Z,869,90148,1426736,88.0,81.4
2026-03-24T15:29:28Z,870,90776,1426736,88.6,90.6
2026-03-24T15:29:29Z,871,90628,1426736,88.5,98.8
2026-03-24T15:29:31Z,872,90504,1426736,88.4,89.9
2026-03-24T15:29:32Z,873,90316,1426736,88.2,85.0
2026-03-24T15:29:33Z,874,89504,1426736,87.4,84.0
2026-03-24T15:29:34Z,875,89128,1426736,87.0,85.9
2026-03-24T15:29:35Z,876,89104,1426736,87.0,93.5
2026-03-24T15:29:36Z,877,89540,1426736,87.4,91.4
2026-03-24T15:29:37Z,878,89984,1426736,87.9,109.2
2026-03-24T15:29:38Z,879,90316,1426736,88.2,115.5
2026-03-24T15:29:39Z,880,90072,1426736,88.0,106.3
2026-03-24T15:29:40Z,881,90220,1426736,88.1,76.6
2026-03-24T15:29:41Z,882,89368,1426736,87.3,89.5
2026-03-24T15:29:42Z,883,89608,1426736,87.5,102.6
2026-03-24T15:29:43Z,884,89600,1426736,87.5,81.2
2026-03-24T15:29:44Z,885,89256,1426736,87.2,82.4
2026-03-24T15:29:46Z,886,88972,1426736,86.9,85.2
2026-03-24T15:29:47Z,887,88480,1426736,86.4,82.9
2026-03-24T15:29:48Z,888,88232,1426736,86.2,82.2
2026-03-24T15:29:49Z,889,88284,1426736,86.2,89.7
2026-03-24T15:29:50Z,890,88908,1426736,86.8,72.9
2026-03-24T15:29:51Z,891,89512,1426736,87.4,97.1
2026-03-24T15:29:52Z,892,89612,1426736,87.5,92.0
2026-03-24T15:29:53Z,893,89484,1426736,87.4,85.9
2026-03-24T15:29:54Z,894,89500,1426736,87.4,86.7
2026-03-24T15:29:55Z,895,89492,1426736,87.4,89.5
2026-03-24T15:29:56Z,896,90224,1426736,88.1,95.4
2026-03-24T15:29:57Z,897,90068,1426736,88.0,97.9
2026-03-24T15:29:58Z,898,89836,1426736,87.7,86.8
2026-03-24T15:29:59Z,899,90012,1426736,87.9,76.5
2026-03-24T15:30:01Z,900,89048,1426736,87.0,91.5
2026-03-24T15:30:02Z,901,88836,1426736,86.8,76.6
2026-03-24T15:30:03Z,902,88116,1426736,86.1,81.2
2026-03-24T15:30:04Z,903,88120,1426736,86.1,83.9
2026-03-24T15:30:05Z,904,88784,1426736,86.7,95.4
2026-03-24T15:30:06Z,905,88336,1426736,86.3,85.1
2026-03-24T15:30:07Z,906,88584,1426736,86.5,76.5
2026-03-24T15:30:08Z,907,88760,1426736,86.7,81.0
2026-03-24T15:30:09Z,908,89396,1426736,87.3,92.5
2026-03-24T15:30:10Z,909,89572,1426736,87.5,74.7
2026-03-24T15:30:11Z,910,89744,1426736,87.6,85.3
2026-03-24T15:30:12Z,911,90268,1426736,88.2,91.6
2026-03-24T15:30:13Z,912,89516,1426736,87.4,82.1
2026-03-24T15:30:14Z,913,89520,1426736,87.4,72.8
2026-03-24T15:30:16Z,914,90280,1426736,88.2,77.5
2026-03-24T15:30:17Z,915,89272,1426736,87.2,76.9
2026-03-24T15:30:18Z,916,89344,1426736,87.2,92.4
2026-03-24T15:30:19Z,917,89160,1426736,87.1,79.4
2026-03-24T15:30:20Z,918,89320,1426736,87.2,81.9
2026-03-24T15:30:21Z,919,88016,1426736,86.0,95.4
2026-03-24T15:30:22Z,920,88344,1426736,86.3,85.9
2026-03-24T15:30:23Z,921,88828,1426736,86.7,73.0
2026-03-24T15:30:24Z,922,88592,1426736,86.5,71.0
2026-03-24T15:30:25Z,923,88628,1426736,86.6,82.9
2026-03-24T15:30:26Z,924,88412,1426736,86.3,73.9
2026-03-24T15:30:27Z,925,88388,1426736,86.3,83.0
2026-03-24T15:30:28Z,926,88656,1426736,86.6,94.1
2026-03-24T15:30:29Z,927,88632,1426736,86.6,71.1
2026-03-24T15:30:31Z,928,89212,1426736,87.1,74.7
2026-03-24T15:30:32Z,929,89620,1426736,87.5,77.6
2026-03-24T15:30:33Z,930,89420,1426736,87.3,79.4
2026-03-24T15:30:34Z,931,88892,1426736,86.8,73.7
2026-03-24T15:30:35Z,932,89016,1426736,86.9,83.1
2026-03-24T15:30:36Z,933,89356,1426736,87.3,82.1
2026-03-24T15:30:37Z,934,89320,1426736,87.2,89.8
2026-03-24T15:30:38Z,935,89248,1426736,87.2,81.3
2026-03-24T15:30:39Z,936,89448,1426736,87.4,80.0
2026-03-24T15:30:40Z,937,88540,1426736,86.5,70.1
2026-03-24T15:30:41Z,938,87844,1426736,85.8,89.5
2026-03-24T15:30:42Z,939,87584,1426736,85.5,83.0
2026-03-24T15:30:43Z,940,88264,1426736,86.2,80.3
2026-03-24T15:30:44Z,941,87132,1426736,85.1,81.5
2026-03-24T15:30:46Z,942,87524,1426736,85.5,84.1
2026-03-24T15:30:47Z,943,87568,1426736,85.5,82.9
2026-03-24T15:30:48Z,944,87188,1426736,85.1,80.3
2026-03-24T15:30:49Z,945,87288,1426736,85.2,77.5
2026-03-24T15:30:50Z,946,87652,1426736,85.6,77.4
2026-03-24T15:30:51Z,947,87916,1426736,85.9,88.7
2026-03-24T15:30:52Z,948,88476,1426736,86.4,92.2
2026-03-24T15:30:53Z,949,89096,1426736,87.0,86.6
2026-03-24T15:30:54Z,950,89168,1426736,87.1,75.6
2026-03-24T15:30:55Z,951,88120,1426736,86.1,78.7
2026-03-24T15:30:56Z,952,88644,1426736,86.6,83.2
2026-03-24T15:30:57Z,953,88180,1426736,86.1,83.0
2026-03-24T15:30:58Z,954,88468,1426736,86.4,69.0
2026-03-24T15:30:59Z,955,88396,1426736,86.3,76.8
2026-03-24T15:31:00Z,956,88336,1426736,86.3,83.2
2026-03-24T15:31:02Z,957,87964,1426736,85.9,80.3
2026-03-24T15:31:03Z,958,89400,1426736,87.3,91.5
2026-03-24T15:31:04Z,959,89024,1426736,86.9,90.8
2026-03-24T15:31:05Z,960,89340,1426736,87.2,85.2
2026-03-24T15:31:06Z,961,89040,1426736,87.0,84.9
2026-03-24T15:31:07Z,962,89392,1426736,87.3,93.4
2026-03-24T15:31:08Z,963,89192,1426736,87.1,85.1
2026-03-24T15:31:09Z,964,89340,1426736,87.2,79.5
2026-03-24T15:31:10Z,965,88916,1426736,86.8,81.9
2026-03-24T15:31:11Z,966,89208,1426736,87.1,82.0
2026-03-24T15:31:12Z,967,89200,1426736,87.1,73.0
2026-03-24T15:31:13Z,968,89260,1426736,87.2,24.2
2026-03-24T15:31:14Z,969,89260,1426736,87.2,0.0
2026-03-24T15:31:15Z,970,90296,1426736,88.2,57.1
2026-03-24T15:31:17Z,971,92584,1426736,90.4,87.8
2026-03-24T15:31:18Z,972,92632,1426736,90.5,77.5
2026-03-24T15:31:19Z,973,92836,1426736,90.7,73.6
2026-03-24T15:31:20Z,974,93124,1426736,90.9,71.9
2026-03-24T15:31:21Z,975,90484,1426736,88.4,81.3
2026-03-24T15:31:22Z,976,90288,1426736,88.2,75.8
2026-03-24T15:31:23Z,977,89712,1426736,87.6,85.9
2026-03-24T15:31:24Z,978,90252,1426736,88.1,71.0
2026-03-24T15:31:25Z,979,89716,1426736,87.6,80.3
2026-03-24T15:31:26Z,980,88344,1426736,86.3,86.1
2026-03-24T15:31:27Z,981,88952,1426736,86.9,80.4
2026-03-24T15:31:28Z,982,89452,1426736,87.4,95.5
2026-03-24T15:31:29Z,983,88640,1426736,86.6,76.3
2026-03-24T15:31:30Z,984,88704,1426736,86.6,74.9
2026-03-24T15:31:32Z,985,88876,1426736,86.8,73.0
2026-03-24T15:31:33Z,986,88256,1426736,86.2,65.5
2026-03-24T15:31:34Z,987,88548,1426736,86.5,72.7
2026-03-24T15:31:35Z,988,88532,1426736,86.5,84.1
2026-03-24T15:31:36Z,989,88764,1426736,86.7,78.7
2026-03-24T15:31:37Z,990,88196,1426736,86.1,77.6
2026-03-24T15:31:38Z,991,87980,1426736,85.9,67.3
2026-03-24T15:31:39Z,992,88440,1426736,86.4,79.3
2026-03-24T15:31:40Z,993,88048,1426736,86.0,75.6
2026-03-24T15:31:41Z,994,88532,1426736,86.5,90.6
2026-03-24T15:31:42Z,995,88616,1426736,86.5,61.4
2026-03-24T15:31:43Z,996,89132,1426736,87.0,90.6
2026-03-24T15:31:44Z,997,88492,1426736,86.4,72.8
2026-03-24T15:31:45Z,998,88784,1426736,86.7,85.2
2026-03-24T15:31:47Z,999,88460,1426736,86.4,76.6
2026-03-24T15:31:48Z,1000,88484,1426736,86.4,62.6
2026-03-24T15:31:49Z,1001,88536,1426736,86.5,66.3
2026-03-24T15:31:50Z,1002,89052,1426736,87.0,69.1
2026-03-24T15:31:51Z,1003,87904,1426736,85.8,85.8
2026-03-24T15:31:52Z,1004,88800,1426736,86.7,74.8
2026-03-24T15:31:53Z,1005,89192,1426736,87.1,79.3
2026-03-24T15:31:54Z,1006,88604,1426736,86.5,78.4
2026-03-24T15:31:55Z,1007,89740,1426736,87.6,71.0
2026-03-24T15:31:56Z,1008,89312,1426736,87.2,78.5
2026-03-24T15:31:57Z,1009,89216,1426736,87.1,73.5
2026-03-24T15:31:58Z,1010,88240,1426736,86.2,70.0
2026-03-24T15:31:59Z,1011,88396,1426736,86.3,74.7
2026-03-24T15:32:00Z,1012,88688,1426736,86.6,80.5
2026-03-24T15:32:02Z,1013,88588,1426736,86.5,85.1
2026-03-24T15:32:03Z,1014,87912,1426736,85.9,78.4
2026-03-24T15:32:04Z,1015,88212,1426736,86.1,69.1
2026-03-24T15:32:05Z,1016,89020,1426736,86.9,58.8
2026-03-24T15:32:06Z,1017,89096,1426736,87.0,62.4
2026-03-24T15:32:07Z,1018,89732,1426736,87.6,73.8
2026-03-24T15:32:08Z,1019,89120,1426736,87.0,70.0
2026-03-24T15:32:09Z,1020,89248,1426736,87.2,72.6
2026-03-24T15:32:10Z,1021,89116,1426736,87.0,65.4
2026-03-24T15:32:11Z,1022,89580,1426736,87.5,70.2
2026-03-24T15:32:12Z,1023,87828,1426736,85.8,75.6
2026-03-24T15:32:13Z,1024,87784,1426736,85.7,70.8
2026-03-24T15:32:14Z,1025,88064,1426736,86.0,59.8
2026-03-24T15:32:15Z,1026,88200,1426736,86.1,58.1
2026-03-24T15:32:17Z,1027,88584,1426736,86.5,61.7
2026-03-24T15:32:18Z,1028,89612,1426736,87.5,69.2
2026-03-24T15:32:19Z,1029,90012,1426736,87.9,68.1
2026-03-24T15:32:20Z,1030,89520,1426736,87.4,68.1
2026-03-24T15:32:21Z,1031,89092,1426736,87.0,67.2
2026-03-24T15:32:22Z,1032,87616,1426736,85.6,75.6
2026-03-24T15:32:23Z,1033,88464,1426736,86.4,57.9
2026-03-24T15:32:24Z,1034,88636,1426736,86.6,76.6
2026-03-24T15:32:25Z,1035,88352,1426736,86.3,77.6
2026-03-24T15:32:26Z,1036,88856,1426736,86.8,70.0
2026-03-24T15:32:27Z,1037,88648,1426736,86.6,77.4
2026-03-24T15:32:28Z,1038,87384,1426736,85.3,71.9
2026-03-24T15:32:29Z,1039,87512,1426736,85.5,70.0
2026-03-24T15:32:30Z,1040,88256,1426736,86.2,75.6
2026-03-24T15:32:32Z,1041,88272,1426736,86.2,68.2
2026-03-24T15:32:33Z,1042,87512,1426736,85.5,63.6
2026-03-24T15:32:34Z,1043,88032,1426736,86.0,59.9
2026-03-24T15:32:35Z,1044,88504,1426736,86.4,76.7
2026-03-24T15:32:36Z,1045,89308,1426736,87.2,64.4
2026-03-24T15:32:37Z,1046,88632,1426736,86.6,69.1
2026-03-24T15:32:38Z,1047,88576,1426736,86.5,68.5
2026-03-24T15:32:39Z,1048,88968,1426736,86.9,59.8
2026-03-24T15:32:40Z,1049,88784,1426736,86.7,46.7
2026-03-24T15:32:41Z,1050,88456,1426736,86.4,72.9
2026-03-24T15:32:42Z,1051,87908,1426736,85.8,65.3
2026-03-24T15:32:43Z,1052,88224,1426736,86.2,65.2
2026-03-24T15:32:44Z,1053,88672,1426736,86.6,71.1
2026-03-24T15:32:45Z,1054,88968,1426736,86.9,70.1
2026-03-24T15:32:47Z,1055,89516,1426736,87.4,76.2
2026-03-24T15:32:48Z,1056,88444,1426736,86.4,66.3
2026-03-24T15:32:49Z,1057,88048,1426736,86.0,74.9
2026-03-24T15:32:50Z,1058,88068,1426736,86.0,70.1
2026-03-24T15:32:51Z,1059,86928,1426736,84.9,81.2
2026-03-24T15:32:52Z,1060,87416,1426736,85.4,62.8
2026-03-24T15:32:53Z,1061,87684,1426736,85.6,69.1
2026-03-24T15:32:54Z,1062,87820,1426736,85.8,69.1
2026-03-24T15:32:55Z,1063,87756,1426736,85.7,57.9
2026-03-24T15:32:56Z,1064,87504,1426736,85.5,76.9
2026-03-24T15:32:57Z,1065,87796,1426736,85.7,57.9
2026-03-24T15:32:58Z,1066,87536,1426736,85.5,68.4
2026-03-24T15:32:59Z,1067,87380,1426736,85.3,63.7
2026-03-24T15:33:00Z,1068,87284,1426736,85.2,59.6
2026-03-24T15:33:01Z,1069,87632,1426736,85.6,66.4
2026-03-24T15:33:03Z,1070,87656,1426736,85.6,67.4
2026-03-24T15:33:04Z,1071,87116,1426736,85.1,56.9
2026-03-24T15:33:05Z,1072,87120,1426736,85.1,64.6
2026-03-24T15:33:06Z,1073,87524,1426736,85.5,69.1
2026-03-24T15:33:07Z,1074,87188,1426736,85.1,64.4
2026-03-24T15:33:08Z,1075,87664,1426736,85.6,72.8
2026-03-24T15:33:09Z,1076,88076,1426736,86.0,62.7
2026-03-24T15:33:10Z,1077,88568,1426736,86.5,74.5
2026-03-24T15:33:11Z,1078,88316,1426736,86.2,72.9
2026-03-24T15:33:12Z,1079,87488,1426736,85.4,21.4
2026-03-24T15:33:13Z,1080,86816,1426736,84.8,17.7
2026-03-24T15:33:14Z,1081,86580,1426736,84.6,13.1
2026-03-24T15:33:15Z,1082,85356,1426736,83.4,13.0
2026-03-24T15:33:16Z,1083,85356,1426736,83.4,0.0
2026-03-24T15:33:18Z,1084,87028,1426736,85.0,21.4
2026-03-24T15:33:19Z,1085,89180,1426736,87.1,72.9
2026-03-24T15:33:20Z,1086,89800,1426736,87.7,57.8
2026-03-24T15:33:21Z,1087,90116,1426736,88.0,57.0
2026-03-24T15:33:22Z,1088,91432,1426736,89.3,68.2
2026-03-24T15:33:23Z,1089,91124,1426736,89.0,71.0
2026-03-24T15:33:24Z,1090,89176,1426736,87.1,62.5
2026-03-24T15:33:25Z,1091,89456,1426736,87.4,53.2
2026-03-24T15:33:26Z,1092,88552,1426736,86.5,61.6
2026-03-24T15:33:27Z,1093,88612,1426736,86.5,60.5
2026-03-24T15:33:28Z,1094,88996,1426736,86.9,73.0
2026-03-24T15:33:29Z,1095,89360,1426736,87.3,68.1
2026-03-24T15:33:30Z,1096,89324,1426736,87.2,68.2
2026-03-24T15:33:31Z,1097,88588,1426736,86.5,71.1
2026-03-24T15:33:33Z,1098,88520,1426736,86.4,62.8
2026-03-24T15:33:34Z,1099,88216,1426736,86.1,73.0
2026-03-24T15:33:35Z,1100,88332,1426736,86.3,64.6
2026-03-24T15:33:36Z,1101,89132,1426736,87.0,64.6
2026-03-24T15:33:37Z,1102,88964,1426736,86.9,64.5
2026-03-24T15:33:38Z,1103,89136,1426736,87.0,58.0
2026-03-24T15:33:39Z,1104,88748,1426736,86.7,68.3
2026-03-24T15:33:40Z,1105,87268,1426736,85.2,75.6
2026-03-24T15:33:41Z,1106,87904,1426736,85.8,72.9
2026-03-24T15:33:42Z,1107,87948,1426736,85.9,57.1
2026-03-24T15:33:43Z,1108,88576,1426736,86.5,61.7
2026-03-24T15:33:44Z,1109,88276,1426736,86.2,64.3
2026-03-24T15:33:45Z,1110,88204,1426736,86.1,82.1
2026-03-24T15:33:46Z,1111,88464,1426736,86.4,69.4
2026-03-24T15:33:48Z,1112,88504,1426736,86.4,68.3
2026-03-24T15:33:49Z,1113,87140,1426736,85.1,72.8
2026-03-24T15:33:50Z,1114,87672,1426736,85.6,66.6
2026-03-24T15:33:51Z,1115,87836,1426736,85.8,50.5
2026-03-24T15:33:52Z,1116,87668,1426736,85.6,64.6
2026-03-24T15:33:53Z,1117,87448,1426736,85.4,68.1
2026-03-24T15:33:54Z,1118,87480,1426736,85.4,70.9
2026-03-24T15:33:55Z,1119,88064,1426736,86.0,64.3
2026-03-24T15:33:56Z,1120,87732,1426736,85.7,74.6
2026-03-24T15:33:57Z,1121,88004,1426736,85.9,61.6
2026-03-24T15:33:58Z,1122,87552,1426736,85.5,68.2
2026-03-24T15:33:59Z,1123,87884,1426736,85.8,65.3
2026-03-24T15:34:00Z,1124,87632,1426736,85.6,70.9
2026-03-24T15:34:01Z,1125,87740,1426736,85.7,73.8
2026-03-24T15:34:03Z,1126,87800,1426736,85.7,70.1
2026-03-24T15:34:04Z,1127,87820,1426736,85.8,73.0
2026-03-24T15:34:05Z,1128,88760,1426736,86.7,71.9
2026-03-24T15:34:06Z,1129,88724,1426736,86.6,71.9
2026-03-24T15:34:07Z,1130,89004,1426736,86.9,78.2
2026-03-24T15:34:08Z,1131,88636,1426736,86.6,73.0
2026-03-24T15:34:09Z,1132,88544,1426736,86.5,65.5
2026-03-24T15:34:10Z,1133,88364,1426736,86.3,49.4
2026-03-24T15:34:11Z,1134,87728,1426736,85.7,68.2
2026-03-24T15:34:12Z,1135,88312,1426736,86.2,66.2
2026-03-24T15:34:13Z,1136,88536,1426736,86.5,65.3
2026-03-24T15:34:14Z,1137,88732,1426736,86.7,63.4
2026-03-24T15:34:15Z,1138,88936,1426736,86.9,60.8
2026-03-24T15:34:16Z,1139,88568,1426736,86.5,66.3
2026-03-24T15:34:18Z,1140,88704,1426736,86.6,73.6
2026-03-24T15:34:19Z,1141,88576,1426736,86.5,63.4
2026-03-24T15:34:20Z,1142,87500,1426736,85.4,78.3
2026-03-24T15:34:21Z,1143,87744,1426736,85.7,66.5
2026-03-24T15:34:22Z,1144,88220,1426736,86.2,73.8
2026-03-24T15:34:23Z,1145,88232,1426736,86.2,80.7
2026-03-24T15:34:24Z,1146,88412,1426736,86.3,67.2
2026-03-24T15:34:25Z,1147,89060,1426736,87.0,71.7
2026-03-24T15:34:26Z,1148,88588,1426736,86.5,56.1
2026-03-24T15:34:27Z,1149,88748,1426736,86.7,70.9
2026-03-24T15:34:28Z,1150,88680,1426736,86.6,75.7
2026-03-24T15:34:29Z,1151,88512,1426736,86.4,81.4
2026-03-24T15:34:30Z,1152,88876,1426736,86.8,76.5
2026-03-24T15:34:31Z,1153,89056,1426736,87.0,64.6
2026-03-24T15:34:32Z,1154,89172,1426736,87.1,76.7
2026-03-24T15:34:34Z,1155,87304,1426736,85.3,70.0
2026-03-24T15:34:35Z,1156,87468,1426736,85.4,52.3
2026-03-24T15:34:36Z,1157,86792,1426736,84.8,63.4
2026-03-24T15:34:37Z,1158,87588,1426736,85.5,97.8
2026-03-24T15:34:38Z,1159,87528,1426736,85.5,74.7
2026-03-24T15:34:39Z,1160,88032,1426736,86.0,74.8
2026-03-24T15:34:40Z,1161,87656,1426736,85.6,82.0
2026-03-24T15:34:41Z,1162,88728,1426736,86.6,87.6
2026-03-24T15:34:42Z,1163,88320,1426736,86.2,76.6
2026-03-24T15:34:43Z,1164,88460,1426736,86.4,60.8
2026-03-24T15:34:44Z,1165,88472,1426736,86.4,86.0
2026-03-24T15:34:45Z,1166,88496,1426736,86.4,83.1
2026-03-24T15:34:46Z,1167,89324,1426736,87.2,75.7
2026-03-24T15:34:47Z,1168,88664,1426736,86.6,67.5
2026-03-24T15:34:49Z,1169,88392,1426736,86.3,75.0
2026-03-24T15:34:50Z,1170,87520,1426736,85.5,83.1
2026-03-24T15:34:51Z,1171,89328,1426736,87.2,80.3
2026-03-24T15:34:52Z,1172,89292,1426736,87.2,73.7
2026-03-24T15:34:53Z,1173,89900,1426736,87.8,76.6
2026-03-24T15:34:54Z,1174,90176,1426736,88.1,89.7
2026-03-24T15:34:55Z,1175,88528,1426736,86.5,72.9
2026-03-24T15:34:56Z,1176,88336,1426736,86.3,70.1
2026-03-24T15:34:57Z,1177,88700,1426736,86.6,67.4
2026-03-24T15:34:58Z,1178,88432,1426736,86.4,58.9
2026-03-24T15:34:59Z,1179,88068,1426736,86.0,70.0
2026-03-24T15:35:00Z,1180,87884,1426736,85.8,79.3
2026-03-24T15:35:01Z,1181,87708,1426736,85.7,80.2
2026-03-24T15:35:02Z,1182,88692,1426736,86.6,91.5
2026-03-24T15:35:04Z,1183,89088,1426736,87.0,84.0
2026-03-24T15:35:05Z,1184,89740,1426736,87.6,86.0
2026-03-24T15:35:06Z,1185,89372,1426736,87.3,78.5
2026-03-24T15:35:07Z,1186,89340,1426736,87.2,94.5
2026-03-24T15:35:08Z,1187,88360,1426736,86.3,85.7
2026-03-24T15:35:09Z,1188,88600,1426736,86.5,90.5
2026-03-24T15:35:10Z,1189,88532,1426736,86.5,80.2
2026-03-24T15:35:11Z,1190,88592,1426736,86.5,80.4
2026-03-24T15:35:12Z,1191,88276,1426736,86.2,84.7
2026-03-24T15:35:13Z,1192,88864,1426736,86.8,93.4
2026-03-24T15:35:14Z,1193,89184,1426736,87.1,110.0
2026-03-24T15:35:15Z,1194,89780,1426736,87.7,97.1
2026-03-24T15:35:16Z,1195,89984,1426736,87.9,81.2
2026-03-24T15:35:17Z,1196,90616,1426736,88.5,81.5
2026-03-24T15:35:19Z,1197,90616,1426736,88.5,0.0
2026-03-24T15:35:20Z,1198,90616,1426736,88.5,0.0
2026-03-24T15:35:21Z,1199,90616,1426736,88.5,0.0
2026-03-24T15:35:22Z,1200,90616,1426736,88.5,0.0
2026-03-24T15:35:23Z,1201,90616,1426736,88.5,0.0
2026-03-24T15:35:24Z,1202,90616,1426736,88.5,0.0
2026-03-24T15:35:25Z,1203,90616,1426736,88.5,0.0
2026-03-24T15:35:26Z,1204,90616,1426736,88.5,0.0
2026-03-24T15:35:27Z,1205,90616,1426736,88.5,0.0
2026-03-24T15:35:28Z,1206,90616,1426736,88.5,0.0
2026-03-24T15:35:29Z,1207,90616,1426736,88.5,0.0
2026-03-24T15:35:30Z,1208,90616,1426736,88.5,0.0
2026-03-24T15:35:31Z,1209,90616,1426736,88.5,0.0
2026-03-24T15:35:32Z,1210,90616,1426736,88.5,0.0
2026-03-24T15:35:34Z,1211,90616,1426736,88.5,0.0
2026-03-24T15:35:35Z,1212,90616,1426736,88.5,0.0
2026-03-24T15:35:36Z,1213,90616,1426736,88.5,0.0
2026-03-24T15:35:37Z,1214,90616,1426736,88.5,0.0
2026-03-24T15:35:38Z,1215,90616,1426736,88.5,0.0
2026-03-24T15:35:39Z,1216,90616,1426736,88.5,0.0
2026-03-24T15:35:40Z,1217,90616,1426736,88.5,0.0
2026-03-24T15:35:41Z,1218,90616,1426736,88.5,0.0
2026-03-24T15:35:42Z,1219,90616,1426736,88.5,0.0
2026-03-24T15:35:43Z,1220,90616,1426736,88.5,0.0
2026-03-24T15:35:44Z,1221,90616,1426736,88.5,0.0
2026-03-24T15:35:45Z,1222,90616,1426736,88.5,0.0
2026-03-24T15:35:46Z,1223,90616,1426736,88.5,0.0
2026-03-24T15:35:48Z,1224,90616,1426736,88.5,0.0
2026-03-24T15:35:49Z,1225,90616,1426736,88.5,0.0
2026-03-24T15:35:50Z,1226,90616,1426736,88.5,0.0
2026-03-24T15:35:51Z,1227,90616,1426736,88.5,0.0
2026-03-24T15:35:52Z,1228,90616,1426736,88.5,0.0
2026-03-24T15:35:53Z,1229,90616,1426736,88.5,0.0
2026-03-24T15:35:54Z,1230,90616,1426736,88.5,0.0
2026-03-24T15:35:55Z,1231,90616,1426736,88.5,0.0
2026-03-24T15:35:56Z,1232,90616,1426736,88.5,0.0
2026-03-24T15:35:57Z,1233,90616,1426736,88.5,0.0
2026-03-24T15:35:58Z,1234,90616,1426736,88.5,0.0
2026-03-24T15:35:59Z,1235,90616,1426736,88.5,0.0
2026-03-24T15:36:00Z,1236,90616,1426736,88.5,0.0
2026-03-24T15:36:02Z,1237,90616,1426736,88.5,0.0
2026-03-24T15:36:03Z,1238,90616,1426736,88.5,0.0
2026-03-24T15:36:04Z,1239,90616,1426736,88.5,0.9
2026-03-24T15:36:05Z,1240,90616,1426736,88.5,0.0
2026-03-24T15:36:06Z,1241,90616,1426736,88.5,0.0
2026-03-24T15:36:07Z,1242,90616,1426736,88.5,0.0
2026-03-24T15:36:08Z,1243,90616,1426736,88.5,0.0
2026-03-24T15:36:09Z,1244,90616,1426736,88.5,0.0
2026-03-24T15:36:10Z,1245,90616,1426736,88.5,0.0
2026-03-24T15:36:11Z,1246,90616,1426736,88.5,0.0
2026-03-24T15:36:12Z,1247,90616,1426736,88.5,0.0
2026-03-24T15:36:13Z,1248,90616,1426736,88.5,0.0
2026-03-24T15:36:14Z,1249,90616,1426736,88.5,0.0
2026-03-24T15:36:15Z,1250,90616,1426736,88.5,0.0
2026-03-24T15:36:17Z,1251,90616,1426736,88.5,0.0
2026-03-24T15:36:18Z,1252,90616,1426736,88.5,0.0
2026-03-24T15:36:19Z,1253,90616,1426736,88.5,0.0
2026-03-24T15:36:20Z,1254,90616,1426736,88.5,0.0
2026-03-24T15:36:21Z,1255,90616,1426736,88.5,0.0
2026-03-24T15:36:22Z,1256,90616,1426736,88.5,0.0
2026-03-24T15:36:23Z,1257,90616,1426736,88.5,0.0
2026-03-24T15:36:24Z,1258,90616,1426736,88.5,0.0
2026-03-24T15:36:25Z,1259,90616,1426736,88.5,0.0
2026-03-24T15:36:26Z,1260,90616,1426736,88.5,0.0
2026-03-24T15:36:27Z,1261,90616,1426736,88.5,0.0
2026-03-24T15:36:28Z,1262,90616,1426736,88.5,0.0
2026-03-24T15:36:29Z,1263,90616,1426736,88.5,0.0
2026-03-24T15:36:30Z,1264,90616,1426736,88.5,0.0
2026-03-24T15:36:32Z,1265,90616,1426736,88.5,0.0
2026-03-24T15:36:33Z,1266,90616,1426736,88.5,0.0
2026-03-24T15:36:34Z,1267,90616,1426736,88.5,0.0
2026-03-24T15:36:35Z,1268,90616,1426736,88.5,0.0
2026-03-24T15:36:36Z,1269,90616,1426736,88.5,0.0
2026-03-24T15:36:37Z,1270,90616,1426736,88.5,0.0
2026-03-24T15:36:38Z,1271,90616,1426736,88.5,0.0
2026-03-24T15:36:39Z,1272,90616,1426736,88.5,0.0
2026-03-24T15:36:40Z,1273,90616,1426736,88.5,0.0
2026-03-24T15:36:41Z,1274,90616,1426736,88.5,0.9
2026-03-24T15:36:42Z,1275,90616,1426736,88.5,0.0
2026-03-24T15:36:43Z,1276,90616,1426736,88.5,0.0
2026-03-24T15:36:44Z,1277,90616,1426736,88.5,0.0
2026-03-24T15:36:46Z,1278,90616,1426736,88.5,0.0
2026-03-24T15:36:47Z,1279,90616,1426736,88.5,0.0
2026-03-24T15:36:48Z,1280,90616,1426736,88.5,0.0
2026-03-24T15:36:49Z,1281,90616,1426736,88.5,0.0
2026-03-24T15:36:50Z,1282,90616,1426736,88.5,0.0
2026-03-24T15:36:51Z,1283,90616,1426736,88.5,0.0
2026-03-24T15:36:52Z,1284,90616,1426736,88.5,0.0
2026-03-24T15:36:53Z,1285,90616,1426736,88.5,0.0
2026-03-24T15:36:54Z,1286,90616,1426736,88.5,0.0
2026-03-24T15:36:55Z,1287,90616,1426736,88.5,0.0
2026-03-24T15:36:56Z,1288,90616,1426736,88.5,0.0
2026-03-24T15:36:57Z,1289,90616,1426736,88.5,0.0
2026-03-24T15:36:58Z,1290,90616,1426736,88.5,0.0
2026-03-24T15:36:59Z,1291,90616,1426736,88.5,0.0
2026-03-24T15:37:01Z,1292,90616,1426736,88.5,0.0
2026-03-24T15:37:02Z,1293,90616,1426736,88.5,0.0
2026-03-24T15:37:03Z,1294,90616,1426736,88.5,0.0
2026-03-24T15:37:04Z,1295,90616,1426736,88.5,0.0
2026-03-24T15:37:05Z,1296,90616,1426736,88.5,0.0
2026-03-24T15:37:06Z,1297,90616,1426736,88.5,0.0
2026-03-24T15:37:07Z,1298,90616,1426736,88.5,0.0
2026-03-24T15:37:08Z,1299,90616,1426736,88.5,0.0
2026-03-24T15:37:09Z,1300,90616,1426736,88.5,0.0
2026-03-24T15:37:10Z,1301,90616,1426736,88.5,0.0
2026-03-24T15:37:11Z,1302,90616,1426736,88.5,0.0
2026-03-24T15:37:12Z,1303,90616,1426736,88.5,0.0
2026-03-24T15:37:13Z,1304,90616,1426736,88.5,0.0
2026-03-24T15:37:15Z,1305,90616,1426736,88.5,0.0
2026-03-24T15:37:16Z,1306,90616,1426736,88.5,0.0
2026-03-24T15:37:17Z,1307,90616,1426736,88.5,0.0
2026-03-24T15:37:18Z,1308,90616,1426736,88.5,0.0
2026-03-24T15:37:19Z,1309,90616,1426736,88.5,0.0
2026-03-24T15:37:20Z,1310,90616,1426736,88.5,0.0
2026-03-24T15:37:21Z,1311,90616,1426736,88.5,0.0
2026-03-24T15:37:22Z,1312,90616,1426736,88.5,0.0
2026-03-24T15:37:23Z,1313,90616,1426736,88.5,0.0
2026-03-24T15:37:24Z,1314,90616,1426736,88.5,0.0
2026-03-24T15:37:25Z,1315,90616,1426736,88.5,0.0
2026-03-24T15:37:26Z,1316,90616,1426736,88.5,0.0
2026-03-24T15:37:27Z,1317,90616,1426736,88.5,0.0
2026-03-24T15:37:29Z,1318,90616,1426736,88.5,0.0
2026-03-24T15:37:30Z,1319,90616,1426736,88.5,0.0
