# run_id: rest-api_blocks_extrinsics_20260322_221404_538762 | service: rest-api | endpoint: blocks_extrinsics | process: polkadot-rest-a (PID 138326)
timestamp,elapsed_s,rss_kb,vsz_kb,rss_mb,cpu_pct
2026-03-22T22:14:05Z,0,28344,1263920,27.7,0.0
2026-03-22T22:14:06Z,1,28344,1263920,27.7,0.0
2026-03-22T22:14:07Z,2,28344,1263920,27.7,0.0
2026-03-22T22:14:08Z,3,28344,1263920,27.7,0.0
2026-03-22T22:14:09Z,4,28348,1263920,27.7,0.0
2026-03-22T22:14:10Z,5,28348,1263920,27.7,0.0
2026-03-22T22:14:11Z,6,28348,1263920,27.7,0.0
2026-03-22T22:14:12Z,7,28348,1263920,27.7,0.0
2026-03-22T22:14:14Z,8,28348,1263920,27.7,0.0
2026-03-22T22:14:15Z,9,28348,1263920,27.7,0.0
2026-03-22T22:14:16Z,10,28348,1263920,27.7,0.0
2026-03-22T22:14:17Z,11,28348,1263920,27.7,0.0
2026-03-22T22:14:18Z,12,28408,1263920,27.7,0.0
2026-03-22T22:14:19Z,13,28408,1263920,27.7,0.0
2026-03-22T22:14:20Z,14,28408,1263920,27.7,0.0
2026-03-22T22:14:21Z,15,28408,1263920,27.7,0.0
2026-03-22T22:14:22Z,16,28408,1263920,27.7,0.0
2026-03-22T22:14:23Z,17,28408,1263920,27.7,0.0
2026-03-22T22:14:24Z,18,28408,1263920,27.7,0.0
2026-03-22T22:14:25Z,19,28408,1263920,27.7,0.0
2026-03-22T22:14:26Z,20,28408,1263920,27.7,0.0
2026-03-22T22:14:27Z,21,28408,1263920,27.7,0.0
2026-03-22T22:14:29Z,22,28408,1263920,27.7,0.0
2026-03-22T22:14:30Z,23,28408,1263920,27.7,0.0
2026-03-22T22:14:31Z,24,28408,1263920,27.7,0.0
2026-03-22T22:14:32Z,25,28408,1263920,27.7,0.0
2026-03-22T22:14:33Z,26,28408,1263920,27.7,0.0
2026-03-22T22:14:34Z,27,28408,1263920,27.7,0.0
2026-03-22T22:14:35Z,28,28408,1263920,27.7,0.0
2026-03-22T22:14:36Z,29,28408,1263920,27.7,0.0
2026-03-22T22:14:37Z,30,28408,1263920,27.7,0.0
2026-03-22T22:14:38Z,31,28408,1263920,27.7,0.9
2026-03-22T22:14:39Z,32,28408,1263920,27.7,0.0
2026-03-22T22:14:40Z,33,28408,1263920,27.7,0.0
2026-03-22T22:14:41Z,34,28408,1263920,27.7,0.0
2026-03-22T22:14:43Z,35,28408,1263920,27.7,0.0
2026-03-22T22:14:44Z,36,28408,1263920,27.7,0.0
2026-03-22T22:14:45Z,37,28408,1263920,27.7,0.0
2026-03-22T22:14:46Z,38,28408,1263920,27.7,0.0
2026-03-22T22:14:47Z,39,28408,1263920,27.7,0.0
2026-03-22T22:14:48Z,40,28408,1263920,27.7,0.0
2026-03-22T22:14:49Z,41,28408,1263920,27.7,0.0
2026-03-22T22:14:50Z,42,28408,1263920,27.7,0.0
2026-03-22T22:14:51Z,43,28428,1263920,27.8,0.0
2026-03-22T22:14:52Z,44,28428,1263920,27.8,0.0
2026-03-22T22:14:53Z,45,28428,1263920,27.8,0.0
2026-03-22T22:14:54Z,46,28428,1263920,27.8,0.0
2026-03-22T22:14:55Z,47,28428,1263920,27.8,0.0
2026-03-22T22:14:56Z,48,28428,1263920,27.8,0.0
2026-03-22T22:14:58Z,49,28428,1263920,27.8,0.0
2026-03-22T22:14:59Z,50,28428,1263920,27.8,0.0
2026-03-22T22:15:00Z,51,28428,1263920,27.8,0.0
2026-03-22T22:15:01Z,52,28428,1263920,27.8,0.0
2026-03-22T22:15:02Z,53,28428,1263920,27.8,0.0
2026-03-22T22:15:03Z,54,28428,1263920,27.8,0.0
2026-03-22T22:15:04Z,55,28428,1263920,27.8,0.0
2026-03-22T22:15:05Z,56,47136,1284400,46.0,9.3
2026-03-22T22:15:06Z,57,144340,1409840,141.0,69.0
2026-03-22T22:15:07Z,58,187752,1445680,183.4,39.3
2026-03-22T22:15:08Z,59,220492,1491248,215.3,151.3
2026-03-22T22:15:09Z,60,232376,1520944,226.9,255.0
2026-03-22T22:15:10Z,61,225864,1526576,220.6,495.8
2026-03-22T22:15:11Z,62,200948,1526576,196.2,505.8
2026-03-22T22:15:13Z,63,172320,1526576,168.3,509.8
2026-03-22T22:15:14Z,64,143828,1526576,140.5,526.4
2026-03-22T22:15:15Z,65,131388,1533744,128.3,509.5
2026-03-22T22:15:16Z,66,124684,1533744,121.8,486.9
2026-03-22T22:15:17Z,67,121948,1533744,119.1,437.0
2026-03-22T22:15:18Z,68,121648,1533744,118.8,463.6
2026-03-22T22:15:19Z,69,123808,1533744,120.9,424.7
2026-03-22T22:15:20Z,70,128176,1533744,125.2,455.6
2026-03-22T22:15:21Z,71,124052,1533744,121.1,471.8
2026-03-22T22:15:22Z,72,125508,1537840,122.6,440.2
2026-03-22T22:15:23Z,73,124824,1537840,121.9,469.9
2026-03-22T22:15:24Z,74,124708,1537840,121.8,492.9
2026-03-22T22:15:25Z,75,123164,1537840,120.3,535.9
2026-03-22T22:15:26Z,76,124552,1537840,121.6,521.8
2026-03-22T22:15:28Z,77,129096,1537840,126.1,554.9
2026-03-22T22:15:29Z,78,113256,1537840,110.6,589.6
2026-03-22T22:15:30Z,79,130584,1537840,127.5,516.9
2026-03-22T22:15:31Z,80,129700,1541424,126.7,478.3
2026-03-22T22:15:32Z,81,128232,1541424,125.2,479.6
2026-03-22T22:15:33Z,82,125992,1548592,123.0,485.7
2026-03-22T22:15:34Z,83,124412,1548592,121.5,430.6
2026-03-22T22:15:35Z,84,127020,1548592,124.0,471.9
2026-03-22T22:15:36Z,85,128484,1548592,125.5,520.4
2026-03-22T22:15:37Z,86,115068,1548592,112.4,436.8
2026-03-22T22:15:38Z,87,125248,1548592,122.3,387.5
2026-03-22T22:15:39Z,88,119648,1548592,116.8,453.8
2026-03-22T22:15:40Z,89,126236,1548592,123.3,506.4
2026-03-22T22:15:41Z,90,123992,1548592,121.1,523.1
2026-03-22T22:15:42Z,91,124408,1552688,121.5,493.8
2026-03-22T22:15:44Z,92,123208,1552688,120.3,480.3
2026-03-22T22:15:45Z,93,129248,1552688,126.2,480.9
2026-03-22T22:15:46Z,94,135400,1552688,132.2,520.8
2026-03-22T22:15:47Z,95,125696,1552688,122.8,519.3
2026-03-22T22:15:48Z,96,129376,1552688,126.3,489.4
2026-03-22T22:15:49Z,97,129656,1552688,126.6,499.6
2026-03-22T22:15:50Z,98,127108,1552688,124.1,474.6
2026-03-22T22:15:51Z,99,129716,1552688,126.7,498.9
2026-03-22T22:15:52Z,100,127328,1552688,124.3,505.3
2026-03-22T22:15:53Z,101,123832,1552688,120.9,418.2
2026-03-22T22:15:54Z,102,122716,1552688,119.8,447.9
2026-03-22T22:15:55Z,103,126160,1552688,123.2,487.5
2026-03-22T22:15:56Z,104,133064,1552688,129.9,512.2
2026-03-22T22:15:57Z,105,129840,1552688,126.8,511.2
2026-03-22T22:15:59Z,106,131988,1564464,128.9,414.0
2026-03-22T22:16:00Z,107,134016,1564464,130.9,430.4
2026-03-22T22:16:01Z,108,134568,1564464,131.4,463.8
2026-03-22T22:16:02Z,109,130476,1564464,127.4,433.5
2026-03-22T22:16:03Z,110,135804,1564464,132.6,501.4
2026-03-22T22:16:04Z,111,132936,1564464,129.8,520.0
2026-03-22T22:16:05Z,112,133596,1564464,130.5,501.1
2026-03-22T22:16:06Z,113,133564,1564464,130.4,487.4
2026-03-22T22:16:07Z,114,129624,1564464,126.6,313.7
2026-03-22T22:16:08Z,115,129612,1564464,126.6,387.3
2026-03-22T22:16:09Z,116,126784,1564464,123.8,304.7
2026-03-22T22:16:10Z,117,130980,1564464,127.9,316.1
2026-03-22T22:16:11Z,118,130776,1564464,127.7,392.3
2026-03-22T22:16:12Z,119,139060,1564464,135.8,455.3
2026-03-22T22:16:14Z,120,133384,1564464,130.3,494.6
2026-03-22T22:16:15Z,121,132036,1564464,128.9,454.0
2026-03-22T22:16:16Z,122,130176,1564464,127.1,464.3
2026-03-22T22:16:17Z,123,135596,1564464,132.4,435.7
2026-03-22T22:16:18Z,124,129384,1564464,126.4,452.1
2026-03-22T22:16:19Z,125,131544,1564464,128.5,429.1
2026-03-22T22:16:20Z,126,130036,1564464,127.0,387.8
2026-03-22T22:16:21Z,127,134348,1564464,131.2,421.6
2026-03-22T22:16:22Z,128,125280,1564464,122.3,449.8
2026-03-22T22:16:23Z,129,132604,1569584,129.5,343.9
2026-03-22T22:16:24Z,130,140412,1569584,137.1,368.9
2026-03-22T22:16:25Z,131,132364,1569584,129.3,365.8
2026-03-22T22:16:26Z,132,131552,1569584,128.5,401.6
2026-03-22T22:16:27Z,133,126308,1569584,123.3,351.6
2026-03-22T22:16:29Z,134,133308,1569584,130.2,399.3
2026-03-22T22:16:30Z,135,132492,1569584,129.4,454.0
2026-03-22T22:16:31Z,136,137444,1569584,134.2,455.7
2026-03-22T22:16:32Z,137,129860,1569584,126.8,453.7
2026-03-22T22:16:33Z,138,130692,1569584,127.6,471.0
2026-03-22T22:16:34Z,139,134084,1569584,130.9,466.5
2026-03-22T22:16:35Z,140,133216,1569584,130.1,497.9
2026-03-22T22:16:36Z,141,135368,1569584,132.2,401.9
2026-03-22T22:16:37Z,142,128396,1569584,125.4,425.9
2026-03-22T22:16:38Z,143,132864,1569584,129.8,485.5
2026-03-22T22:16:39Z,144,128440,1569584,125.4,422.3
2026-03-22T22:16:40Z,145,132856,1569584,129.7,489.8
2026-03-22T22:16:41Z,146,137924,1569584,134.7,474.2
2026-03-22T22:16:42Z,147,133624,1569584,130.5,484.4
2026-03-22T22:16:43Z,148,138288,1569584,135.0,488.8
2026-03-22T22:16:45Z,149,132556,1569584,129.4,438.8
2026-03-22T22:16:46Z,150,128708,1569584,125.7,472.3
2026-03-22T22:16:47Z,151,136348,1569584,133.2,496.8
2026-03-22T22:16:48Z,152,135748,1569584,132.6,456.4
2026-03-22T22:16:49Z,153,130128,1569584,127.1,399.6
2026-03-22T22:16:50Z,154,133376,1569584,130.2,452.5
2026-03-22T22:16:51Z,155,130632,1569584,127.6,348.2
2026-03-22T22:16:52Z,156,130916,1569584,127.8,364.6
2026-03-22T22:16:53Z,157,130588,1569584,127.5,438.6
2026-03-22T22:16:54Z,158,130252,1569584,127.2,430.2
2026-03-22T22:16:55Z,159,130920,1569584,127.9,427.1
2026-03-22T22:16:56Z,160,130844,1569584,127.8,430.5
2026-03-22T22:16:57Z,161,127940,1569584,124.9,402.1
2026-03-22T22:16:58Z,162,127968,1569584,125.0,471.9
2026-03-22T22:17:00Z,163,132400,1569584,129.3,495.8
2026-03-22T22:17:01Z,164,130460,1569584,127.4,476.3
2026-03-22T22:17:02Z,165,137052,1588016,133.8,473.2
2026-03-22T22:17:03Z,166,138348,1588016,135.1,429.1
2026-03-22T22:17:04Z,167,139032,1588016,135.8,457.1
2026-03-22T22:17:05Z,168,135676,1588016,132.5,254.4
2026-03-22T22:17:06Z,169,135676,1588016,132.5,0.0
2026-03-22T22:17:07Z,170,126880,1588016,123.9,62.6
2026-03-22T22:17:08Z,171,139280,1588016,136.0,445.7
2026-03-22T22:17:09Z,172,138252,1588016,135.0,409.0
2026-03-22T22:17:10Z,173,142752,1588016,139.4,458.8
2026-03-22T22:17:11Z,174,139548,1588016,136.3,501.0
2026-03-22T22:17:12Z,175,137972,1588016,134.7,406.0
2026-03-22T22:17:13Z,176,138112,1588016,134.9,403.9
2026-03-22T22:17:15Z,177,140720,1588016,137.4,457.9
2026-03-22T22:17:16Z,178,143400,1588016,140.0,451.0
2026-03-22T22:17:17Z,179,135748,1588016,132.6,479.9
2026-03-22T22:17:18Z,180,135264,1588016,132.1,464.5
2026-03-22T22:17:19Z,181,139996,1588016,136.7,427.4
2026-03-22T22:17:20Z,182,136624,1588016,133.4,448.6
2026-03-22T22:17:21Z,183,145324,1594160,141.9,420.1
2026-03-22T22:17:22Z,184,144008,1594160,140.6,455.8
2026-03-22T22:17:23Z,185,144336,1594160,141.0,468.0
2026-03-22T22:17:24Z,186,150304,1594160,146.8,515.5
2026-03-22T22:17:25Z,187,138412,1594160,135.2,458.5
2026-03-22T22:17:26Z,188,133508,1594160,130.4,496.8
2026-03-22T22:17:27Z,189,144280,1594160,140.9,512.8
2026-03-22T22:17:28Z,190,144156,1594160,140.8,515.7
2026-03-22T22:17:30Z,191,142616,1594160,139.3,428.4
2026-03-22T22:17:31Z,192,140816,1594160,137.5,417.0
2026-03-22T22:17:32Z,193,141468,1594160,138.2,421.6
2026-03-22T22:17:33Z,194,143620,1594160,140.3,473.1
2026-03-22T22:17:34Z,195,145248,1594160,141.8,487.3
2026-03-22T22:17:35Z,196,146492,1594160,143.1,519.7
2026-03-22T22:17:36Z,197,144276,1594160,140.9,524.7
2026-03-22T22:17:37Z,198,144484,1594160,141.1,492.8
2026-03-22T22:17:38Z,199,147224,1594160,143.8,517.3
2026-03-22T22:17:39Z,200,138632,1594160,135.4,483.8
2026-03-22T22:17:40Z,201,138604,1594160,135.4,532.9
2026-03-22T22:17:41Z,202,147504,1594160,144.0,525.4
2026-03-22T22:17:42Z,203,141948,1594160,138.6,511.6
2026-03-22T22:17:43Z,204,140724,1594160,137.4,506.6
2026-03-22T22:17:44Z,205,140444,1594160,137.2,449.6
2026-03-22T22:17:46Z,206,148268,1594160,144.8,461.1
2026-03-22T22:17:47Z,207,144996,1594160,141.6,508.9
2026-03-22T22:17:48Z,208,142044,1594160,138.7,533.9
2026-03-22T22:17:49Z,209,140276,1594160,137.0,457.5
2026-03-22T22:17:50Z,210,140824,1594160,137.5,441.1
2026-03-22T22:17:51Z,211,137360,1594160,134.1,407.0
2026-03-22T22:17:52Z,212,139320,1594160,136.1,444.9
2026-03-22T22:17:53Z,213,138900,1594160,135.6,482.1
2026-03-22T22:17:54Z,214,138600,1594160,135.4,518.2
2026-03-22T22:17:55Z,215,142224,1594160,138.9,448.5
2026-03-22T22:17:56Z,216,148400,1594160,144.9,453.0
2026-03-22T22:17:57Z,217,139988,1594160,136.7,461.8
2026-03-22T22:17:58Z,218,137976,1594160,134.7,418.2
2026-03-22T22:17:59Z,219,134932,1594160,131.8,464.1
2026-03-22T22:18:01Z,220,146740,1594160,143.3,416.2
2026-03-22T22:18:02Z,221,141352,1594160,138.0,457.8
2026-03-22T22:18:03Z,222,146520,1594160,143.1,473.3
2026-03-22T22:18:04Z,223,138240,1594160,135.0,488.8
2026-03-22T22:18:05Z,224,145628,1594160,142.2,522.8
2026-03-22T22:18:06Z,225,141920,1594160,138.6,478.3
2026-03-22T22:18:07Z,226,142712,1594160,139.4,459.5
2026-03-22T22:18:08Z,227,141248,1594160,137.9,482.4
2026-03-22T22:18:09Z,228,136492,1594160,133.3,487.0
2026-03-22T22:18:10Z,229,146312,1594160,142.9,516.1
2026-03-22T22:18:11Z,230,137264,1594160,134.0,580.4
2026-03-22T22:18:12Z,231,141024,1594160,137.7,507.2
2026-03-22T22:18:13Z,232,147572,1594160,144.1,455.1
2026-03-22T22:18:14Z,233,135072,1594160,131.9,473.2
2026-03-22T22:18:16Z,234,144448,1594160,141.1,532.6
2026-03-22T22:18:17Z,235,137236,1594160,134.0,547.7
2026-03-22T22:18:18Z,236,142708,1594160,139.4,490.8
2026-03-22T22:18:19Z,237,140808,1594160,137.5,486.4
2026-03-22T22:18:20Z,238,144808,1594160,141.4,496.1
2026-03-22T22:18:21Z,239,152012,1605424,148.4,483.1
2026-03-22T22:18:22Z,240,145724,1605424,142.3,492.6
2026-03-22T22:18:23Z,241,143828,1605424,140.5,503.9
2026-03-22T22:18:24Z,242,139944,1605424,136.7,469.5
2026-03-22T22:18:25Z,243,138944,1605424,135.7,448.8
2026-03-22T22:18:26Z,244,146036,1605424,142.6,408.4
2026-03-22T22:18:27Z,245,141740,1605424,138.4,465.8
2026-03-22T22:18:28Z,246,139384,1605424,136.1,486.4
2026-03-22T22:18:29Z,247,144396,1605424,141.0,470.7
2026-03-22T22:18:30Z,248,139604,1605424,136.3,418.5
2026-03-22T22:18:32Z,249,139556,1609008,136.3,326.8
2026-03-22T22:18:33Z,250,143464,1609008,140.1,412.8
2026-03-22T22:18:34Z,251,141712,1609008,138.4,451.9
2026-03-22T22:18:35Z,252,143784,1609008,140.4,498.0
2026-03-22T22:18:36Z,253,143140,1609008,139.8,490.9
2026-03-22T22:18:37Z,254,148024,1609008,144.6,521.8
2026-03-22T22:18:38Z,255,144860,1609008,141.5,547.2
2026-03-22T22:18:39Z,256,144828,1609008,141.4,569.5
2026-03-22T22:18:40Z,257,150880,1609008,147.3,520.5
2026-03-22T22:18:41Z,258,141060,1609008,137.8,524.1
2026-03-22T22:18:42Z,259,141712,1609008,138.4,499.9
2026-03-22T22:18:43Z,260,144028,1609008,140.7,514.8
2026-03-22T22:18:44Z,261,142752,1609008,139.4,500.5
2026-03-22T22:18:45Z,262,149996,1609008,146.5,536.8
2026-03-22T22:18:47Z,263,148644,1609008,145.2,522.0
2026-03-22T22:18:48Z,264,143944,1609008,140.6,511.3
2026-03-22T22:18:49Z,265,146796,1609008,143.4,545.2
2026-03-22T22:18:50Z,266,156248,1641776,152.6,486.5
2026-03-22T22:18:51Z,267,154696,1641776,151.1,501.8
2026-03-22T22:18:52Z,268,158424,1641776,154.7,526.1
2026-03-22T22:18:53Z,269,157804,1641776,154.1,504.5
2026-03-22T22:18:54Z,270,154660,1641776,151.0,522.4
2026-03-22T22:18:55Z,271,155580,1641776,151.9,479.8
2026-03-22T22:18:56Z,272,152896,1641776,149.3,356.9
2026-03-22T22:18:57Z,273,152096,1641776,148.5,376.1
2026-03-22T22:18:58Z,274,151656,1641776,148.1,395.0
2026-03-22T22:18:59Z,275,151668,1641776,148.1,383.8
2026-03-22T22:19:00Z,276,161828,1641776,158.0,437.3
2026-03-22T22:19:02Z,277,154364,1641776,150.7,465.4
2026-03-22T22:19:03Z,278,160948,1641776,157.2,493.1
2026-03-22T22:19:04Z,279,151128,1641776,147.6,534.7
2026-03-22T22:19:05Z,280,157420,1641776,153.7,509.9
2026-03-22T22:19:06Z,281,155540,1641776,151.9,576.0
2026-03-22T22:19:07Z,282,156828,1641776,153.2,467.8
2026-03-22T22:19:08Z,283,155248,1641776,151.6,27.9
2026-03-22T22:19:09Z,284,155248,1641776,151.6,0.0
2026-03-22T22:19:10Z,285,165916,1641776,162.0,367.7
2026-03-22T22:19:11Z,286,162316,1641776,158.5,497.2
2026-03-22T22:19:12Z,287,156872,1641776,153.2,509.7
2026-03-22T22:19:13Z,288,155404,1641776,151.8,492.3
2026-03-22T22:19:14Z,289,162160,1641776,158.4,484.4
2026-03-22T22:19:15Z,290,155624,1641776,152.0,465.0
2026-03-22T22:19:16Z,291,162028,1641776,158.2,497.1
2026-03-22T22:19:18Z,292,150028,1641776,146.5,465.8
2026-03-22T22:19:19Z,293,155328,1641776,151.7,483.4
2026-03-22T22:19:20Z,294,160712,1641776,156.9,499.7
2026-03-22T22:19:21Z,295,162152,1641776,158.4,503.6
2026-03-22T22:19:22Z,296,162012,1641776,158.2,477.5
2026-03-22T22:19:23Z,297,155004,1641776,151.4,495.2
2026-03-22T22:19:24Z,298,160332,1641776,156.6,498.0
2026-03-22T22:19:25Z,299,157128,1641776,153.4,494.4
2026-03-22T22:19:26Z,300,157300,1641776,153.6,422.3
2026-03-22T22:19:27Z,301,159760,1641776,156.0,489.6
2026-03-22T22:19:28Z,302,150088,1641776,146.6,494.5
2026-03-22T22:19:29Z,303,160332,1641776,156.6,473.2
2026-03-22T22:19:30Z,304,158340,1641776,154.6,421.0
2026-03-22T22:19:31Z,305,159000,1641776,155.3,457.0
2026-03-22T22:19:33Z,306,154856,1641776,151.2,485.8
2026-03-22T22:19:34Z,307,156804,1641776,153.1,447.7
2026-03-22T22:19:35Z,308,162740,1641776,158.9,489.1
2026-03-22T22:19:36Z,309,161844,1641776,158.1,431.8
2026-03-22T22:19:37Z,310,160116,1641776,156.4,486.3
2026-03-22T22:19:38Z,311,155080,1641776,151.4,498.6
2026-03-22T22:19:39Z,312,160136,1641776,156.4,504.7
2026-03-22T22:19:40Z,313,162392,1641776,158.6,550.0
2026-03-22T22:19:41Z,314,163784,1641776,159.9,521.5
2026-03-22T22:19:42Z,315,155716,1641776,152.1,472.2
2026-03-22T22:19:43Z,316,153724,1641776,150.1,464.5
2026-03-22T22:19:44Z,317,156528,1641776,152.9,502.3
2026-03-22T22:19:45Z,318,154488,1641776,150.9,473.3
2026-03-22T22:19:46Z,319,159376,1641776,155.6,419.2
2026-03-22T22:19:48Z,320,160256,1641776,156.5,453.3
2026-03-22T22:19:49Z,321,162824,1641776,159.0,436.9
2026-03-22T22:19:50Z,322,157804,1641776,154.1,442.6
2026-03-22T22:19:51Z,323,154548,1641776,150.9,464.4
2026-03-22T22:19:52Z,324,160688,1641776,156.9,518.3
2026-03-22T22:19:53Z,325,163520,1641776,159.7,526.1
2026-03-22T22:19:54Z,326,151648,1641776,148.1,506.0
2026-03-22T22:19:55Z,327,160412,1641776,156.7,477.2
2026-03-22T22:19:56Z,328,159432,1641776,155.7,463.3
2026-03-22T22:19:57Z,329,156476,1641776,152.8,446.5
2026-03-22T22:19:58Z,330,158388,1641776,154.7,423.4
2026-03-22T22:19:59Z,331,161052,1641776,157.3,522.2
2026-03-22T22:20:00Z,332,157656,1641776,154.0,502.1
2026-03-22T22:20:01Z,333,152600,1641776,149.0,440.9
2026-03-22T22:20:03Z,334,157912,1641776,154.2,439.1
2026-03-22T22:20:04Z,335,151988,1641776,148.4,429.8
2026-03-22T22:20:05Z,336,162008,1641776,158.2,469.1
2026-03-22T22:20:06Z,337,164108,1641776,160.3,510.0
2026-03-22T22:20:07Z,338,160364,1641776,156.6,460.8
2026-03-22T22:20:08Z,339,159320,1641776,155.6,400.2
2026-03-22T22:20:09Z,340,156460,1641776,152.8,456.6
2026-03-22T22:20:10Z,341,158992,1641776,155.3,479.6
2026-03-22T22:20:11Z,342,158548,1641776,154.8,489.0
2026-03-22T22:20:12Z,343,160860,1641776,157.1,524.8
2026-03-22T22:20:13Z,344,160936,1641776,157.2,481.7
2026-03-22T22:20:14Z,345,155652,1641776,152.0,438.3
2026-03-22T22:20:15Z,346,148612,1641776,145.1,450.0
2026-03-22T22:20:16Z,347,163068,1641776,159.2,443.5
2026-03-22T22:20:18Z,348,161856,1641776,158.1,474.9
2026-03-22T22:20:19Z,349,164724,1641776,160.9,494.5
2026-03-22T22:20:20Z,350,155400,1641776,151.8,455.0
2026-03-22T22:20:21Z,351,153428,1641776,149.8,397.5
2026-03-22T22:20:22Z,352,155608,1641776,152.0,451.8
2026-03-22T22:20:23Z,353,160732,1641776,157.0,481.4
2026-03-22T22:20:24Z,354,157348,1641776,153.7,489.5
2026-03-22T22:20:25Z,355,154444,1641776,150.8,475.4
2026-03-22T22:20:26Z,356,159380,1641776,155.6,438.4
2026-03-22T22:20:27Z,357,155816,1641776,152.2,361.0
2026-03-22T22:20:28Z,358,162844,1641776,159.0,420.8
2026-03-22T22:20:29Z,359,158196,1641776,154.5,466.7
2026-03-22T22:20:30Z,360,154428,1641776,150.8,444.8
2026-03-22T22:20:31Z,361,159500,1641776,155.8,446.3
2026-03-22T22:20:32Z,362,154624,1641776,151.0,446.8
2026-03-22T22:20:34Z,363,163952,1641776,160.1,537.7
2026-03-22T22:20:35Z,364,153616,1641776,150.0,518.5
2026-03-22T22:20:36Z,365,155888,1641776,152.2,471.0
2026-03-22T22:20:37Z,366,159804,1641776,156.1,424.3
2026-03-22T22:20:38Z,367,158820,1641776,155.1,411.7
2026-03-22T22:20:39Z,368,159584,1641776,155.8,471.7
2026-03-22T22:20:40Z,369,157824,1641776,154.1,486.2
2026-03-22T22:20:41Z,370,159732,1641776,156.0,492.1
2026-03-22T22:20:42Z,371,157532,1641776,153.8,483.9
2026-03-22T22:20:43Z,372,158764,1641776,155.0,514.0
2026-03-22T22:20:44Z,373,156468,1641776,152.8,459.1
2026-03-22T22:20:45Z,374,153172,1641776,149.6,381.4
2026-03-22T22:20:46Z,375,160400,1641776,156.6,367.1
2026-03-22T22:20:47Z,376,159300,1641776,155.6,416.7
2026-03-22T22:20:49Z,377,155820,1641776,152.2,472.4
2026-03-22T22:20:50Z,378,158772,1641776,155.1,508.4
2026-03-22T22:20:51Z,379,157196,1641776,153.5,492.3
2026-03-22T22:20:52Z,380,158340,1641776,154.6,503.3
2026-03-22T22:20:53Z,381,160656,1641776,156.9,509.7
2026-03-22T22:20:54Z,382,160944,1641776,157.2,510.8
2026-03-22T22:20:55Z,383,157652,1641776,154.0,456.7
2026-03-22T22:20:56Z,384,160940,1641776,157.2,452.8
2026-03-22T22:20:57Z,385,157740,1641776,154.0,452.5
2026-03-22T22:20:58Z,386,160916,1641776,157.1,495.0
2026-03-22T22:20:59Z,387,158508,1641776,154.8,481.0
2026-03-22T22:21:00Z,388,162256,1641776,158.5,469.7
2026-03-22T22:21:01Z,389,158916,1641776,155.2,457.0
2026-03-22T22:21:02Z,390,159096,1641776,155.4,465.9
2026-03-22T22:21:04Z,391,155136,1641776,151.5,499.5
2026-03-22T22:21:05Z,392,166248,1641776,162.4,502.4
2026-03-22T22:21:06Z,393,159292,1641776,155.6,452.4
2026-03-22T22:21:07Z,394,161920,1641776,158.1,450.7
2026-03-22T22:21:08Z,395,156368,1641776,152.7,464.0
2026-03-22T22:21:09Z,396,162264,1641776,158.5,518.8
2026-03-22T22:21:10Z,397,158100,1641776,154.4,187.9
2026-03-22T22:21:11Z,398,158100,1641776,154.4,0.0
2026-03-22T22:21:12Z,399,167096,1641776,163.2,251.0
2026-03-22T22:21:13Z,400,171076,1641776,167.1,483.1
2026-03-22T22:21:14Z,401,157620,1641776,153.9,501.1
2026-03-22T22:21:15Z,402,163120,1641776,159.3,550.6
2026-03-22T22:21:16Z,403,163012,1641776,159.2,514.9
2026-03-22T22:21:17Z,404,161804,1641776,158.0,558.0
2026-03-22T22:21:19Z,405,163652,1641776,159.8,517.5
2026-03-22T22:21:20Z,406,160952,1641776,157.2,476.7
2026-03-22T22:21:21Z,407,161708,1641776,157.9,471.2
2026-03-22T22:21:22Z,408,158828,1641776,155.1,459.6
2026-03-22T22:21:23Z,409,161020,1641776,157.2,479.4
2026-03-22T22:21:24Z,410,173028,1641776,169.0,531.2
2026-03-22T22:21:25Z,411,162440,1641776,158.6,496.5
2026-03-22T22:21:26Z,412,154396,1641776,150.8,476.5
2026-03-22T22:21:27Z,413,164620,1641776,160.8,490.9
2026-03-22T22:21:28Z,414,155176,1641776,151.5,462.3
2026-03-22T22:21:29Z,415,161844,1641776,158.1,499.3
2026-03-22T22:21:30Z,416,158924,1641776,155.2,519.5
2026-03-22T22:21:31Z,417,159756,1641776,156.0,517.5
2026-03-22T22:21:32Z,418,160180,1641776,156.4,434.0
2026-03-22T22:21:33Z,419,160828,1641776,157.1,465.5
2026-03-22T22:21:35Z,420,157748,1641776,154.1,477.0
2026-03-22T22:21:36Z,421,161868,1641776,158.1,481.2
2026-03-22T22:21:37Z,422,154120,1641776,150.5,439.0
2026-03-22T22:21:38Z,423,159808,1641776,156.1,451.5
2026-03-22T22:21:39Z,424,166572,1641776,162.7,474.3
2026-03-22T22:21:40Z,425,165676,1641776,161.8,472.1
2026-03-22T22:21:41Z,426,161316,1641776,157.5,463.0
2026-03-22T22:21:42Z,427,164116,1641776,160.3,498.6
2026-03-22T22:21:43Z,428,162940,1641776,159.1,408.1
2026-03-22T22:21:44Z,429,158460,1641776,154.7,395.0
2026-03-22T22:21:45Z,430,157524,1641776,153.8,453.8
2026-03-22T22:21:46Z,431,162924,1641776,159.1,477.7
2026-03-22T22:21:47Z,432,159376,1641776,155.6,391.5
2026-03-22T22:21:48Z,433,156620,1641776,152.9,388.0
2026-03-22T22:21:50Z,434,160156,1641776,156.4,443.4
2026-03-22T22:21:51Z,435,164800,1641776,160.9,445.2
2026-03-22T22:21:52Z,436,161664,1641776,157.9,449.5
2026-03-22T22:21:53Z,437,163140,1641776,159.3,464.1
2026-03-22T22:21:54Z,438,163544,1641776,159.7,478.1
2026-03-22T22:21:55Z,439,163276,1641776,159.4,454.1
2026-03-22T22:21:56Z,440,160356,1641776,156.6,352.4
2026-03-22T22:21:57Z,441,156988,1641776,153.3,252.3
2026-03-22T22:21:58Z,442,158224,1641776,154.5,360.3
2026-03-22T22:21:59Z,443,159192,1641776,155.5,425.3
2026-03-22T22:22:00Z,444,160512,1641776,156.8,442.4
2026-03-22T22:22:01Z,445,161224,1641776,157.4,420.4
2026-03-22T22:22:02Z,446,167304,1641776,163.4,448.9
2026-03-22T22:22:03Z,447,166748,1641776,162.8,496.8
2026-03-22T22:22:05Z,448,164268,1641776,160.4,512.9
2026-03-22T22:22:06Z,449,166608,1641776,162.7,500.0
2026-03-22T22:22:07Z,450,159984,1641776,156.2,482.7
2026-03-22T22:22:08Z,451,162756,1641776,158.9,514.7
2026-03-22T22:22:09Z,452,163520,1641776,159.7,488.2
2026-03-22T22:22:10Z,453,169612,1641776,165.6,554.2
2026-03-22T22:22:11Z,454,164876,1641776,161.0,545.8
2026-03-22T22:22:12Z,455,164016,1641776,160.2,403.1
2026-03-22T22:22:13Z,456,157280,1641776,153.6,414.6
2026-03-22T22:22:14Z,457,166948,1641776,163.0,394.0
2026-03-22T22:22:15Z,458,169088,1641776,165.1,428.2
2026-03-22T22:22:16Z,459,162856,1641776,159.0,463.8
2026-03-22T22:22:17Z,460,167868,1641776,163.9,492.1
2026-03-22T22:22:18Z,461,167076,1641776,163.2,425.8
2026-03-22T22:22:20Z,462,161884,1641776,158.1,409.7
2026-03-22T22:22:21Z,463,163924,1641776,160.1,430.1
2026-03-22T22:22:22Z,464,154712,1641776,151.1,484.0
2026-03-22T22:22:23Z,465,165040,1641776,161.2,373.8
2026-03-22T22:22:24Z,466,159676,1641776,155.9,398.3
2026-03-22T22:22:25Z,467,163420,1641776,159.6,450.6
2026-03-22T22:22:26Z,468,161272,1641776,157.5,467.4
2026-03-22T22:22:27Z,469,165488,1641776,161.6,447.4
2026-03-22T22:22:28Z,470,161932,1641776,158.1,463.9
2026-03-22T22:22:29Z,471,167824,1641776,163.9,439.5
2026-03-22T22:22:30Z,472,166968,1641776,163.1,450.1
2026-03-22T22:22:31Z,473,166532,1641776,162.6,431.4
2026-03-22T22:22:32Z,474,165140,1641776,161.3,469.2
2026-03-22T22:22:33Z,475,164276,1645872,160.4,497.1
2026-03-22T22:22:35Z,476,188900,1711408,184.5,463.0
2026-03-22T22:22:36Z,477,187752,1711408,183.4,450.7
2026-03-22T22:22:37Z,478,209288,1711408,204.4,437.3
2026-03-22T22:22:38Z,479,203624,1711408,198.9,386.8
2026-03-22T22:22:39Z,480,191392,1711408,186.9,417.4
2026-03-22T22:22:40Z,481,194356,1711408,189.8,466.0
2026-03-22T22:22:41Z,482,190112,1711408,185.7,508.8
2026-03-22T22:22:42Z,483,192456,1711408,187.9,487.0
2026-03-22T22:22:43Z,484,189448,1711408,185.0,471.9
2026-03-22T22:22:44Z,485,195628,1711408,191.0,494.5
2026-03-22T22:22:45Z,486,191452,1711408,187.0,434.2
2026-03-22T22:22:46Z,487,191140,1711408,186.7,489.8
2026-03-22T22:22:47Z,488,192364,1711408,187.9,491.7
2026-03-22T22:22:48Z,489,191208,1711408,186.7,522.7
2026-03-22T22:22:49Z,490,191316,1711408,186.8,470.3
2026-03-22T22:22:51Z,491,192708,1711408,188.2,526.2
2026-03-22T22:22:52Z,492,190596,1711408,186.1,500.9
2026-03-22T22:22:53Z,493,192104,1711408,187.6,484.6
2026-03-22T22:22:54Z,494,191128,1711408,186.6,455.2
2026-03-22T22:22:55Z,495,190352,1711408,185.9,467.5
2026-03-22T22:22:56Z,496,193280,1711408,188.8,490.1
2026-03-22T22:22:57Z,497,188428,1711408,184.0,467.9
2026-03-22T22:22:58Z,498,191148,1711408,186.7,534.6
2026-03-22T22:22:59Z,499,191224,1711408,186.7,529.7
2026-03-22T22:23:00Z,500,193840,1711408,189.3,583.4
2026-03-22T22:23:01Z,501,189088,1711408,184.7,441.8
2026-03-22T22:23:02Z,502,184404,1711408,180.1,432.0
2026-03-22T22:23:03Z,503,190060,1711408,185.6,359.6
2026-03-22T22:23:04Z,504,190168,1711408,185.7,443.7
2026-03-22T22:23:06Z,505,183892,1711408,179.6,446.4
2026-03-22T22:23:07Z,506,181100,1711408,176.9,359.3
2026-03-22T22:23:08Z,507,184956,1711408,180.6,365.7
2026-03-22T22:23:09Z,508,190012,1711408,185.6,449.3
2026-03-22T22:23:10Z,509,188944,1711408,184.5,467.5
2026-03-22T22:23:11Z,510,193948,1711408,189.4,487.4
2026-03-22T22:23:12Z,511,191428,1711408,186.9,344.6
2026-03-22T22:23:13Z,512,191428,1711408,186.9,0.0
2026-03-22T22:23:14Z,513,179076,1711408,174.9,49.6
2026-03-22T22:23:15Z,514,195736,1711408,191.1,463.0
2026-03-22T22:23:16Z,515,195148,1711408,190.6,538.5
2026-03-22T22:23:17Z,516,182064,1711408,177.8,451.9
2026-03-22T22:23:18Z,517,182672,1711408,178.4,420.2
2026-03-22T22:23:19Z,518,187904,1711408,183.5,467.3
2026-03-22T22:23:21Z,519,190548,1711408,186.1,473.5
2026-03-22T22:23:22Z,520,191212,1711408,186.7,492.7
2026-03-22T22:23:23Z,521,195776,1711408,191.2,467.4
2026-03-22T22:23:24Z,522,192528,1711408,188.0,478.2
2026-03-22T22:23:25Z,523,193724,1711408,189.2,484.7
2026-03-22T22:23:26Z,524,195664,1711408,191.1,465.9
2026-03-22T22:23:27Z,525,189968,1711408,185.5,520.4
2026-03-22T22:23:28Z,526,196832,1711408,192.2,432.5
2026-03-22T22:23:29Z,527,185212,1711408,180.9,494.9
2026-03-22T22:23:30Z,528,185340,1711408,181.0,474.6
2026-03-22T22:23:31Z,529,190328,1711408,185.9,489.9
2026-03-22T22:23:32Z,530,189504,1711408,185.1,491.1
2026-03-22T22:23:33Z,531,188016,1711408,183.6,495.7
2026-03-22T22:23:34Z,532,192596,1711408,188.1,506.2
2026-03-22T22:23:35Z,533,186620,1711408,182.2,508.9
2026-03-22T22:23:37Z,534,192124,1711408,187.6,473.4
2026-03-22T22:23:38Z,535,190544,1711408,186.1,432.1
2026-03-22T22:23:39Z,536,187932,1711408,183.5,323.5
2026-03-22T22:23:40Z,537,192764,1711408,188.2,270.6
2026-03-22T22:23:41Z,538,192144,1711408,187.6,341.3
2026-03-22T22:23:42Z,539,190540,1711408,186.1,399.0
2026-03-22T22:23:43Z,540,185652,1711408,181.3,454.0
2026-03-22T22:23:44Z,541,185144,1711408,180.8,468.8
2026-03-22T22:23:45Z,542,183696,1711408,179.4,450.3
2026-03-22T22:23:46Z,543,189568,1711408,185.1,482.2
2026-03-22T22:23:47Z,544,186452,1711408,182.1,488.0
2026-03-22T22:23:48Z,545,188236,1711408,183.8,458.9
2026-03-22T22:23:49Z,546,181232,1711408,177.0,453.3
2026-03-22T22:23:50Z,547,188420,1711408,184.0,444.7
2026-03-22T22:23:52Z,548,192120,1711408,187.6,437.7
2026-03-22T22:23:53Z,549,194540,1711408,190.0,451.4
2026-03-22T22:23:54Z,550,187152,1711408,182.8,481.2
2026-03-22T22:23:55Z,551,190996,1711408,186.5,491.3
2026-03-22T22:23:56Z,552,187488,1711408,183.1,505.0
2026-03-22T22:23:57Z,553,190180,1711408,185.7,490.6
2026-03-22T22:23:58Z,554,192044,1711408,187.5,471.4
2026-03-22T22:23:59Z,555,189068,1711408,184.6,480.5
2026-03-22T22:24:00Z,556,179772,1711408,175.6,415.7
2026-03-22T22:24:01Z,557,187032,1711408,182.6,370.9
2026-03-22T22:24:02Z,558,189480,1711408,185.0,450.8
2026-03-22T22:24:03Z,559,185980,1711408,181.6,383.4
2026-03-22T22:24:04Z,560,189304,1711408,184.9,420.6
2026-03-22T22:24:05Z,561,189976,1711408,185.5,412.5
2026-03-22T22:24:07Z,562,189960,1711408,185.5,425.9
2026-03-22T22:24:08Z,563,190320,1711408,185.9,446.1
2026-03-22T22:24:09Z,564,192012,1711408,187.5,415.7
2026-03-22T22:24:10Z,565,194040,1711408,189.5,449.7
2026-03-22T22:24:11Z,566,185968,1711408,181.6,475.6
2026-03-22T22:24:12Z,567,193936,1711408,189.4,524.0
2026-03-22T22:24:13Z,568,191984,1711408,187.5,505.7
2026-03-22T22:24:14Z,569,198696,1711408,194.0,491.0
2026-03-22T22:24:15Z,570,188016,1711408,183.6,523.3
2026-03-22T22:24:16Z,571,187972,1711408,183.6,483.1
2026-03-22T22:24:17Z,572,190324,1711408,185.9,512.5
2026-03-22T22:24:18Z,573,192208,1711408,187.7,508.6
2026-03-22T22:24:19Z,574,189412,1711408,185.0,517.9
2026-03-22T22:24:20Z,575,194772,1711408,190.2,451.6
2026-03-22T22:24:21Z,576,189916,1711408,185.5,449.7
2026-03-22T22:24:23Z,577,192480,1711408,188.0,473.6
2026-03-22T22:24:24Z,578,190336,1711408,185.9,488.1
2026-03-22T22:24:25Z,579,185088,1711408,180.8,409.5
2026-03-22T22:24:26Z,580,189568,1711408,185.1,421.1
2026-03-22T22:24:27Z,581,185676,1711408,181.3,451.4
2026-03-22T22:24:28Z,582,192028,1711408,187.5,494.6
2026-03-22T22:24:29Z,583,193640,1711408,189.1,448.6
2026-03-22T22:24:30Z,584,188808,1711408,184.4,470.7
2026-03-22T22:24:31Z,585,183108,1711408,178.8,434.4
2026-03-22T22:24:32Z,586,186996,1711408,182.6,482.9
2026-03-22T22:24:33Z,587,195848,1711408,191.3,510.4
2026-03-22T22:24:34Z,588,188140,1711408,183.7,513.2
2026-03-22T22:24:35Z,589,189752,1711408,185.3,513.8
2026-03-22T22:24:36Z,590,193668,1711408,189.1,515.0
2026-03-22T22:24:38Z,591,189972,1711408,185.5,488.4
2026-03-22T22:24:39Z,592,189264,1711408,184.8,504.9
2026-03-22T22:24:40Z,593,194020,1711408,189.5,477.6
2026-03-22T22:24:41Z,594,195812,1711408,191.2,522.1
2026-03-22T22:24:42Z,595,193380,1711408,188.8,470.6
2026-03-22T22:24:43Z,596,189196,1711408,184.8,397.3
2026-03-22T22:24:44Z,597,190024,1711408,185.6,454.0
2026-03-22T22:24:45Z,598,186404,1711408,182.0,461.1
2026-03-22T22:24:46Z,599,185944,1711408,181.6,436.6
2026-03-22T22:24:47Z,600,194792,1711408,190.2,485.0
2026-03-22T22:24:48Z,601,193676,1711408,189.1,465.3
2026-03-22T22:24:49Z,602,202572,1711408,197.8,470.1
2026-03-22T22:24:50Z,603,197168,1711408,192.5,500.4
2026-03-22T22:24:51Z,604,192224,1711408,187.7,488.5
2026-03-22T22:24:52Z,605,192344,1711408,187.8,501.5
2026-03-22T22:24:54Z,606,196564,1711408,192.0,517.3
2026-03-22T22:24:55Z,607,194340,1711408,189.8,513.4
2026-03-22T22:24:56Z,608,197156,1711408,192.5,547.6
2026-03-22T22:24:57Z,609,197348,1711408,192.7,530.5
2026-03-22T22:24:58Z,610,193604,1711408,189.1,496.4
2026-03-22T22:24:59Z,611,194668,1711408,190.1,496.2
2026-03-22T22:25:00Z,612,194536,1711408,190.0,521.0
2026-03-22T22:25:01Z,613,191648,1711408,187.2,454.0
2026-03-22T22:25:02Z,614,192156,1711408,187.7,492.0
2026-03-22T22:25:03Z,615,192588,1711408,188.1,507.5
2026-03-22T22:25:04Z,616,197804,1711408,193.2,486.6
2026-03-22T22:25:05Z,617,196076,1711408,191.5,485.8
2026-03-22T22:25:06Z,618,193556,1711408,189.0,485.1
2026-03-22T22:25:07Z,619,192968,1711408,188.4,501.5
2026-03-22T22:25:09Z,620,189296,1711408,184.9,399.6
2026-03-22T22:25:10Z,621,194404,1711408,189.8,412.5
2026-03-22T22:25:11Z,622,192400,1711408,187.9,395.6
2026-03-22T22:25:12Z,623,189620,1711408,185.2,411.8
2026-03-22T22:25:13Z,624,194028,1711408,189.5,374.4
2026-03-22T22:25:14Z,625,192604,1711408,188.1,408.8
2026-03-22T22:25:15Z,626,190872,1711408,186.4,50.3
2026-03-22T22:25:16Z,627,190872,1711408,186.4,0.0
2026-03-22T22:25:17Z,628,197916,1711408,193.3,337.4
2026-03-22T22:25:18Z,629,193552,1711408,189.0,471.6
2026-03-22T22:25:19Z,630,191844,1711408,187.3,375.6
2026-03-22T22:25:20Z,631,189688,1711408,185.2,412.4
2026-03-22T22:25:21Z,632,192116,1711408,187.6,447.8
2026-03-22T22:25:22Z,633,192604,1711408,188.1,499.3
2026-03-22T22:25:24Z,634,185028,1711408,180.7,492.3
2026-03-22T22:25:25Z,635,189840,1711408,185.4,456.9
2026-03-22T22:25:26Z,636,190044,1711408,185.6,427.2
2026-03-22T22:25:27Z,637,188644,1711408,184.2,471.4
2026-03-22T22:25:28Z,638,193588,1711408,189.1,493.7
2026-03-22T22:25:29Z,639,192692,1711408,188.2,496.1
2026-03-22T22:25:30Z,640,193740,1711408,189.2,510.2
2026-03-22T22:25:31Z,641,192580,1711408,188.1,465.9
2026-03-22T22:25:32Z,642,197688,1711408,193.1,524.6
2026-03-22T22:25:33Z,643,196520,1711408,191.9,469.1
2026-03-22T22:25:34Z,644,196008,1711408,191.4,478.5
2026-03-22T22:25:35Z,645,195380,1711408,190.8,479.3
2026-03-22T22:25:36Z,646,195352,1711408,190.8,424.9
2026-03-22T22:25:37Z,647,195516,1711408,190.9,280.8
2026-03-22T22:25:39Z,648,196112,1711408,191.5,323.1
2026-03-22T22:25:40Z,649,193448,1711408,188.9,322.1
2026-03-22T22:25:41Z,650,191536,1711408,187.0,347.2
2026-03-22T22:25:42Z,651,192476,1711408,188.0,422.5
2026-03-22T22:25:43Z,652,189732,1711408,185.3,427.1
2026-03-22T22:25:44Z,653,194328,1711408,189.8,414.9
2026-03-22T22:25:45Z,654,193920,1711408,189.4,454.8
2026-03-22T22:25:46Z,655,196760,1711408,192.1,492.0
2026-03-22T22:25:47Z,656,196756,1711408,192.1,411.0
2026-03-22T22:25:48Z,657,196756,1711408,192.1,0.0
2026-03-22T22:25:49Z,658,196756,1711408,192.1,0.0
2026-03-22T22:25:50Z,659,196756,1711408,192.1,0.0
2026-03-22T22:25:51Z,660,196756,1711408,192.1,0.0
2026-03-22T22:25:52Z,661,196756,1711408,192.1,0.0
2026-03-22T22:25:54Z,662,196756,1711408,192.1,0.0
2026-03-22T22:25:55Z,663,196756,1711408,192.1,0.0
2026-03-22T22:25:56Z,664,196756,1711408,192.1,0.0
2026-03-22T22:25:57Z,665,196756,1711408,192.1,0.0
2026-03-22T22:25:58Z,666,196756,1711408,192.1,0.0
2026-03-22T22:25:59Z,667,196756,1711408,192.1,0.0
2026-03-22T22:26:00Z,668,196756,1711408,192.1,0.0
2026-03-22T22:26:01Z,669,196756,1711408,192.1,0.0
2026-03-22T22:26:02Z,670,196756,1711408,192.1,0.0
2026-03-22T22:26:03Z,671,196756,1711408,192.1,0.0
2026-03-22T22:26:04Z,672,196756,1711408,192.1,0.0
2026-03-22T22:26:05Z,673,196756,1711408,192.1,0.0
2026-03-22T22:26:06Z,674,196756,1711408,192.1,0.0
2026-03-22T22:26:07Z,675,196756,1711408,192.1,0.0
2026-03-22T22:26:09Z,676,196756,1711408,192.1,0.0
2026-03-22T22:26:10Z,677,196756,1711408,192.1,0.0
2026-03-22T22:26:11Z,678,196756,1711408,192.1,0.0
2026-03-22T22:26:12Z,679,196756,1711408,192.1,0.0
2026-03-22T22:26:13Z,680,196756,1711408,192.1,0.0
2026-03-22T22:26:14Z,681,196756,1711408,192.1,0.0
2026-03-22T22:26:15Z,682,196756,1711408,192.1,0.0
2026-03-22T22:26:16Z,683,196756,1711408,192.1,0.0
2026-03-22T22:26:17Z,684,196756,1711408,192.1,0.0
2026-03-22T22:26:18Z,685,196756,1711408,192.1,0.0
2026-03-22T22:26:19Z,686,196756,1711408,192.1,0.0
2026-03-22T22:26:20Z,687,196756,1711408,192.1,0.0
2026-03-22T22:26:21Z,688,196756,1711408,192.1,0.0
2026-03-22T22:26:23Z,689,196756,1711408,192.1,0.0
2026-03-22T22:26:24Z,690,196756,1711408,192.1,0.0
2026-03-22T22:26:25Z,691,196756,1711408,192.1,0.0
2026-03-22T22:26:26Z,692,196756,1711408,192.1,0.0
2026-03-22T22:26:27Z,693,196756,1711408,192.1,0.0
2026-03-22T22:26:28Z,694,196756,1711408,192.1,0.0
2026-03-22T22:26:29Z,695,196756,1711408,192.1,0.0
2026-03-22T22:26:30Z,696,196756,1711408,192.1,0.0
2026-03-22T22:26:31Z,697,196756,1711408,192.1,0.0
2026-03-22T22:26:32Z,698,196756,1711408,192.1,0.0
2026-03-22T22:26:33Z,699,196756,1711408,192.1,0.0
2026-03-22T22:26:34Z,700,196756,1711408,192.1,0.0
2026-03-22T22:26:35Z,701,196756,1711408,192.1,0.0
2026-03-22T22:26:36Z,702,196756,1711408,192.1,0.0
2026-03-22T22:26:38Z,703,196756,1711408,192.1,0.0
2026-03-22T22:26:39Z,704,196756,1711408,192.1,0.0
2026-03-22T22:26:40Z,705,196756,1711408,192.1,0.0
2026-03-22T22:26:41Z,706,196756,1711408,192.1,0.0
2026-03-22T22:26:42Z,707,196756,1711408,192.1,0.0
2026-03-22T22:26:43Z,708,196756,1711408,192.1,0.0
2026-03-22T22:26:44Z,709,196756,1711408,192.1,0.0
2026-03-22T22:26:45Z,710,196756,1711408,192.1,0.0
2026-03-22T22:26:46Z,711,196756,1711408,192.1,0.0
2026-03-22T22:26:47Z,712,196756,1711408,192.1,0.0
2026-03-22T22:26:48Z,713,196756,1711408,192.1,0.0
2026-03-22T22:26:49Z,714,196756,1711408,192.1,0.0
2026-03-22T22:26:50Z,715,196756,1711408,192.1,0.0
2026-03-22T22:26:52Z,716,196756,1711408,192.1,0.0
2026-03-22T22:26:53Z,717,196756,1711408,192.1,0.0
2026-03-22T22:26:54Z,718,196756,1711408,192.1,0.0
2026-03-22T22:26:55Z,719,196756,1711408,192.1,0.0
2026-03-22T22:26:56Z,720,196756,1711408,192.1,0.0
2026-03-22T22:26:57Z,721,161376,1711408,157.6,639.4
2026-03-22T22:26:58Z,722,158188,1711408,154.5,740.2
2026-03-22T22:26:59Z,723,150984,1711408,147.4,529.0
2026-03-22T22:27:00Z,724,145936,1711408,142.5,511.5
2026-03-22T22:27:01Z,725,142112,1711408,138.8,485.0
2026-03-22T22:27:02Z,726,138868,1711408,135.6,478.4
2026-03-22T22:27:03Z,727,144184,1711408,140.8,463.7
2026-03-22T22:27:04Z,728,141312,1711408,138.0,460.8
2026-03-22T22:27:05Z,729,142172,1711408,138.8,509.3
2026-03-22T22:27:07Z,730,145472,1711408,142.1,432.8
2026-03-22T22:27:08Z,731,140528,1711408,137.2,409.4
2026-03-22T22:27:09Z,732,145736,1711408,142.3,447.0
2026-03-22T22:27:10Z,733,145484,1711408,142.1,516.5
2026-03-22T22:27:11Z,734,141504,1711408,138.2,465.1
2026-03-22T22:27:12Z,735,149524,1711408,146.0,484.5
2026-03-22T22:27:13Z,736,143460,1711408,140.1,476.1
2026-03-22T22:27:14Z,737,143604,1711408,140.2,469.3
2026-03-22T22:27:15Z,738,148156,1711408,144.7,443.5
2026-03-22T22:27:16Z,739,139548,1711408,136.3,465.4
2026-03-22T22:27:17Z,740,152104,1711408,148.5,166.1
2026-03-22T22:27:18Z,741,152104,1711408,148.5,0.0
2026-03-22T22:27:19Z,742,144172,1711408,140.8,26.2
2026-03-22T22:27:20Z,743,152372,1711408,148.8,434.0
2026-03-22T22:27:22Z,744,154732,1711408,151.1,373.5
2026-03-22T22:27:23Z,745,153776,1711408,150.2,440.0
2026-03-22T22:27:24Z,746,148700,1711408,145.2,412.2
2026-03-22T22:27:25Z,747,154820,1711408,151.2,448.2
2026-03-22T22:27:26Z,748,151224,1711408,147.7,435.2
2026-03-22T22:27:27Z,749,149168,1711408,145.7,420.4
2026-03-22T22:27:28Z,750,139528,1711408,136.3,398.3
2026-03-22T22:27:29Z,751,152252,1711408,148.7,440.7
2026-03-22T22:27:30Z,752,149100,1711408,145.6,488.2
2026-03-22T22:27:31Z,753,152724,1711408,149.1,458.2
2026-03-22T22:27:32Z,754,150556,1711408,147.0,449.4
2026-03-22T22:27:33Z,755,149288,1711408,145.8,436.7
2026-03-22T22:27:34Z,756,154696,1711408,151.1,472.0
2026-03-22T22:27:35Z,757,153232,1711408,149.6,461.4
2026-03-22T22:27:37Z,758,139212,1711408,135.9,453.8
2026-03-22T22:27:38Z,759,151592,1711408,148.0,426.6
2026-03-22T22:27:39Z,760,157132,1711408,153.4,462.7
2026-03-22T22:27:40Z,761,154548,1711408,150.9,475.9
2026-03-22T22:27:41Z,762,154184,1711408,150.6,500.0
2026-03-22T22:27:42Z,763,160228,1711408,156.5,511.6
2026-03-22T22:27:43Z,764,152996,1711408,149.4,414.9
2026-03-22T22:27:44Z,765,149668,1711408,146.2,465.0
2026-03-22T22:27:45Z,766,154888,1711408,151.3,494.9
2026-03-22T22:27:46Z,767,151924,1711408,148.4,498.9
2026-03-22T22:27:47Z,768,156184,1711408,152.5,502.7
2026-03-22T22:27:48Z,769,152256,1711408,148.7,504.1
2026-03-22T22:27:49Z,770,151880,1711408,148.3,521.6
2026-03-22T22:27:50Z,771,156976,1711408,153.3,504.2
2026-03-22T22:27:51Z,772,152664,1711408,149.1,539.4
2026-03-22T22:27:53Z,773,156136,1719600,152.5,475.6
2026-03-22T22:27:54Z,774,153252,1719600,149.7,468.5
2026-03-22T22:27:55Z,775,158612,1719600,154.9,476.7
2026-03-22T22:27:56Z,776,155784,1719600,152.1,489.8
2026-03-22T22:27:57Z,777,156312,1719600,152.6,445.5
2026-03-22T22:27:58Z,778,147448,1719600,144.0,477.5
2026-03-22T22:27:59Z,779,156124,1719600,152.5,543.5
2026-03-22T22:28:00Z,780,161136,1719600,157.4,550.0
2026-03-22T22:28:01Z,781,157184,1719600,153.5,510.0
2026-03-22T22:28:02Z,782,158224,1719600,154.5,538.3
2026-03-22T22:28:03Z,783,154976,1719600,151.3,515.7
2026-03-22T22:28:04Z,784,152440,1719600,148.9,576.8
2026-03-22T22:28:05Z,785,157492,1719600,153.8,606.5
2026-03-22T22:28:06Z,786,156232,1719600,152.6,556.8
2026-03-22T22:28:08Z,787,159008,1719600,155.3,482.6
2026-03-22T22:28:09Z,788,161584,1719600,157.8,555.0
2026-03-22T22:28:10Z,789,155444,1719600,151.8,551.9
2026-03-22T22:28:11Z,790,154828,1719600,151.2,554.8
2026-03-22T22:28:12Z,791,155052,1719600,151.4,575.7
2026-03-22T22:28:13Z,792,151800,1719600,148.2,484.1
2026-03-22T22:28:14Z,793,155048,1719600,151.4,533.1
2026-03-22T22:28:15Z,794,157972,1719600,154.3,573.5
2026-03-22T22:28:16Z,795,154772,1719600,151.1,530.5
2026-03-22T22:28:17Z,796,153568,1719600,150.0,459.4
2026-03-22T22:28:18Z,797,149528,1719600,146.0,465.7
2026-03-22T22:28:19Z,798,152460,1719600,148.9,399.6
2026-03-22T22:28:20Z,799,153236,1719600,149.6,448.0
2026-03-22T22:28:21Z,800,150764,1719600,147.2,472.9
2026-03-22T22:28:23Z,801,155676,1719600,152.0,492.0
2026-03-22T22:28:24Z,802,151824,1719600,148.3,499.4
2026-03-22T22:28:25Z,803,151972,1719600,148.4,485.4
2026-03-22T22:28:26Z,804,155132,1719600,151.5,524.8
2026-03-22T22:28:27Z,805,152052,1719600,148.5,479.0
2026-03-22T22:28:28Z,806,155836,1719600,152.2,468.5
2026-03-22T22:28:29Z,807,163488,1719600,159.7,440.3
2026-03-22T22:28:30Z,808,153944,1719600,150.3,470.2
2026-03-22T22:28:31Z,809,155236,1719600,151.6,470.1
2026-03-22T22:28:32Z,810,157964,1719600,154.3,472.6
2026-03-22T22:28:33Z,811,150488,1719600,147.0,467.3
2026-03-22T22:28:34Z,812,157604,1719600,153.9,448.1
2026-03-22T22:28:35Z,813,156252,1719600,152.6,438.4
2026-03-22T22:28:36Z,814,155836,1719600,152.2,382.6
2026-03-22T22:28:37Z,815,151536,1719600,148.0,342.8
2026-03-22T22:28:39Z,816,151952,1719600,148.4,379.5
2026-03-22T22:28:40Z,817,147952,1719600,144.5,412.0
2026-03-22T22:28:41Z,818,154908,1719600,151.3,386.5
2026-03-22T22:28:42Z,819,161284,1719600,157.5,422.7
2026-03-22T22:28:43Z,820,161632,1719600,157.8,395.5
2026-03-22T22:28:44Z,821,165248,1719600,161.4,462.0
2026-03-22T22:28:45Z,822,163284,1719600,159.5,464.7
2026-03-22T22:28:46Z,823,163180,1719600,159.4,454.2
2026-03-22T22:28:47Z,824,160132,1719600,156.4,464.3
2026-03-22T22:28:48Z,825,160632,1719600,156.9,485.6
2026-03-22T22:28:49Z,826,166664,1719600,162.8,428.2
2026-03-22T22:28:50Z,827,161988,1719600,158.2,428.0
2026-03-22T22:28:51Z,828,158536,1719600,154.8,436.3
2026-03-22T22:28:52Z,829,162648,1719600,158.8,507.2
2026-03-22T22:28:54Z,830,162160,1719600,158.4,485.9
2026-03-22T22:28:55Z,831,159864,1719600,156.1,437.0
2026-03-22T22:28:56Z,832,160948,1719600,157.2,438.1
2026-03-22T22:28:57Z,833,166376,1719600,162.5,463.7
2026-03-22T22:28:58Z,834,163756,1719600,159.9,438.3
2026-03-22T22:28:59Z,835,157184,1719600,153.5,402.5
2026-03-22T22:29:00Z,836,153900,1719600,150.3,403.8
2026-03-22T22:29:01Z,837,161476,1719600,157.7,450.8
2026-03-22T22:29:02Z,838,160688,1719600,156.9,507.7
2026-03-22T22:29:03Z,839,161624,1719600,157.8,511.7
2026-03-22T22:29:04Z,840,159364,1719600,155.6,496.2
2026-03-22T22:29:05Z,841,162740,1719600,158.9,526.7
2026-03-22T22:29:06Z,842,157936,1719600,154.2,490.7
2026-03-22T22:29:07Z,843,161896,1719600,158.1,450.2
2026-03-22T22:29:09Z,844,158720,1719600,155.0,493.9
2026-03-22T22:29:10Z,845,162800,1719600,159.0,513.0
2026-03-22T22:29:11Z,846,159900,1719600,156.2,424.6
2026-03-22T22:29:12Z,847,167816,1719600,163.9,361.6
2026-03-22T22:29:13Z,848,160060,1719600,156.3,428.6
2026-03-22T22:29:14Z,849,159296,1719600,155.6,472.8
2026-03-22T22:29:15Z,850,161716,1719600,157.9,425.8
2026-03-22T22:29:16Z,851,159312,1719600,155.6,413.7
2026-03-22T22:29:17Z,852,161384,1719600,157.6,423.2
2026-03-22T22:29:18Z,853,158680,1719600,155.0,491.0
2026-03-22T22:29:19Z,854,159124,1719600,155.4,350.5
2026-03-22T22:29:20Z,855,157088,1719600,153.4,38.1
2026-03-22T22:29:21Z,856,157088,1719600,153.4,0.0
2026-03-22T22:29:22Z,857,171876,1719600,167.8,240.6
2026-03-22T22:29:24Z,858,175960,1719600,171.8,395.4
2026-03-22T22:29:25Z,859,176808,1719600,172.7,433.5
2026-03-22T22:29:26Z,860,173056,1719600,169.0,432.6
2026-03-22T22:29:27Z,861,164600,1719600,160.7,451.6
2026-03-22T22:29:28Z,862,163804,1719600,160.0,434.9
2026-03-22T22:29:29Z,863,160848,1719600,157.1,467.3
2026-03-22T22:29:30Z,864,162360,1719600,158.6,470.5
2026-03-22T22:29:31Z,865,165564,1719600,161.7,469.9
2026-03-22T22:29:32Z,866,157744,1719600,154.0,465.9
2026-03-22T22:29:33Z,867,157456,1719600,153.8,454.4
2026-03-22T22:29:34Z,868,166544,1719600,162.6,467.6
2026-03-22T22:29:35Z,869,165896,1719600,162.0,471.5
2026-03-22T22:29:36Z,870,160228,1719600,156.5,449.3
2026-03-22T22:29:37Z,871,168792,1719600,164.8,410.0
2026-03-22T22:29:38Z,872,163576,1719600,159.7,446.4
2026-03-22T22:29:40Z,873,163232,1719600,159.4,360.1
2026-03-22T22:29:41Z,874,158776,1719600,155.1,278.1
2026-03-22T22:29:42Z,875,163532,1719600,159.7,368.3
2026-03-22T22:29:43Z,876,167844,1719600,163.9,431.1
2026-03-22T22:29:44Z,877,160852,1719600,157.1,473.4
2026-03-22T22:29:45Z,878,161460,1719600,157.7,513.7
2026-03-22T22:29:46Z,879,165004,1719600,161.1,509.1
2026-03-22T22:29:47Z,880,162748,1719600,158.9,518.4
2026-03-22T22:29:48Z,881,167160,1719600,163.2,502.8
2026-03-22T22:29:49Z,882,166164,1719600,162.3,491.4
2026-03-22T22:29:50Z,883,168604,1719600,164.7,502.7
2026-03-22T22:29:51Z,884,169660,1719600,165.7,541.4
2026-03-22T22:29:52Z,885,166584,1719600,162.7,497.6
2026-03-22T22:29:53Z,886,159380,1719600,155.6,454.4
2026-03-22T22:29:55Z,887,164188,1719600,160.3,433.8
2026-03-22T22:29:56Z,888,158296,1719600,154.6,369.0
2026-03-22T22:29:57Z,889,161452,1719600,157.7,434.5
2026-03-22T22:29:58Z,890,163672,1719600,159.8,463.5
2026-03-22T22:29:59Z,891,162992,1719600,159.2,447.2
2026-03-22T22:30:00Z,892,159492,1719600,155.8,449.0
2026-03-22T22:30:01Z,893,157608,1719600,153.9,307.7
2026-03-22T22:30:02Z,894,164408,1719600,160.6,385.0
2026-03-22T22:30:03Z,895,169508,1719600,165.5,446.6
2026-03-22T22:30:04Z,896,161976,1719600,158.2,371.9
2026-03-22T22:30:05Z,897,156700,1719600,153.0,351.5
2026-03-22T22:30:06Z,898,162208,1719600,158.4,430.8
2026-03-22T22:30:07Z,899,166884,1719600,163.0,402.5
2026-03-22T22:30:08Z,900,163324,1719600,159.5,408.2
2026-03-22T22:30:10Z,901,162328,1719600,158.5,490.7
2026-03-22T22:30:11Z,902,165076,1719600,161.2,504.2
2026-03-22T22:30:12Z,903,165048,1719600,161.2,490.1
2026-03-22T22:30:13Z,904,169648,1719600,165.7,486.2
2026-03-22T22:30:14Z,905,167852,1719600,163.9,502.1
2026-03-22T22:30:15Z,906,166964,1719600,163.1,512.5
2026-03-22T22:30:16Z,907,168504,1719600,164.6,501.0
2026-03-22T22:30:17Z,908,169228,1719600,165.3,468.8
2026-03-22T22:30:18Z,909,159936,1719600,156.2,451.9
2026-03-22T22:30:19Z,910,169028,1719600,165.1,428.0
2026-03-22T22:30:20Z,911,170028,1719600,166.0,457.9
2026-03-22T22:30:21Z,912,166420,1719600,162.5,473.0
2026-03-22T22:30:22Z,913,166980,1719600,163.1,507.1
2026-03-22T22:30:23Z,914,165584,1719600,161.7,549.2
2026-03-22T22:30:25Z,915,165444,1719600,161.6,520.9
2026-03-22T22:30:26Z,916,166464,1719600,162.6,466.5
2026-03-22T22:30:27Z,917,167084,1719600,163.2,453.7
2026-03-22T22:30:28Z,918,169080,1719600,165.1,445.9
2026-03-22T22:30:29Z,919,161192,1719600,157.4,482.9
2026-03-22T22:30:30Z,920,164884,1719600,161.0,426.2
2026-03-22T22:30:31Z,921,169552,1719600,165.6,496.5
2026-03-22T22:30:32Z,922,160512,1719600,156.8,491.2
2026-03-22T22:30:33Z,923,165352,1719600,161.5,466.1
2026-03-22T22:30:34Z,924,163856,1719600,160.0,479.7
2026-03-22T22:30:35Z,925,165840,1719600,162.0,502.2
2026-03-22T22:30:36Z,926,169944,1719600,166.0,485.1
2026-03-22T22:30:37Z,927,163516,1719600,159.7,251.1
2026-03-22T22:30:38Z,928,165120,1719600,161.2,318.7
2026-03-22T22:30:39Z,929,167672,1719600,163.7,397.1
2026-03-22T22:30:41Z,930,159728,1719600,156.0,432.1
2026-03-22T22:30:42Z,931,165980,1719600,162.1,461.3
2026-03-22T22:30:43Z,932,180600,1719600,176.4,365.2
2026-03-22T22:30:44Z,933,181116,1719600,176.9,411.2
2026-03-22T22:30:45Z,934,179616,1719600,175.4,426.0
2026-03-22T22:30:46Z,935,177928,1719600,173.8,483.4
2026-03-22T22:30:47Z,936,186216,1719600,181.9,490.2
2026-03-22T22:30:48Z,937,178832,1719600,174.6,491.4
2026-03-22T22:30:49Z,938,185852,1719600,181.5,473.2
2026-03-22T22:30:50Z,939,182016,1719600,177.8,492.4
2026-03-22T22:30:51Z,940,178968,1719600,174.8,528.7
2026-03-22T22:30:52Z,941,183048,1719600,178.8,542.2
2026-03-22T22:30:53Z,942,171112,1719600,167.1,517.6
2026-03-22T22:30:54Z,943,180792,1719600,176.6,534.0
2026-03-22T22:30:56Z,944,181560,1719600,177.3,513.5
2026-03-22T22:30:57Z,945,186084,1719600,181.7,491.5
2026-03-22T22:30:58Z,946,181060,1719600,176.8,521.2
2026-03-22T22:30:59Z,947,176728,1719600,172.6,471.8
2026-03-22T22:31:00Z,948,182644,1719600,178.4,557.9
2026-03-22T22:31:01Z,949,180976,1719600,176.7,421.3
2026-03-22T22:31:02Z,950,175148,1719600,171.0,398.8
2026-03-22T22:31:03Z,951,178528,1719600,174.3,459.3
2026-03-22T22:31:04Z,952,175184,1719600,171.1,471.8
2026-03-22T22:31:05Z,953,178156,1719600,174.0,507.1
2026-03-22T22:31:06Z,954,185356,1719600,181.0,494.2
2026-03-22T22:31:07Z,955,180556,1719600,176.3,425.8
2026-03-22T22:31:08Z,956,192308,1729840,187.8,454.6
2026-03-22T22:31:09Z,957,189792,1729840,185.3,455.3
2026-03-22T22:31:11Z,958,182680,1729840,178.4,449.1
2026-03-22T22:31:12Z,959,180488,1729840,176.3,477.2
2026-03-22T22:31:13Z,960,175832,1729840,171.7,508.5
2026-03-22T22:31:14Z,961,172572,1729840,168.5,447.3
2026-03-22T22:31:15Z,962,171928,1729840,167.9,398.0
2026-03-22T22:31:16Z,963,174144,1729840,170.1,393.6
2026-03-22T22:31:17Z,964,170084,1729840,166.1,439.7
2026-03-22T22:31:18Z,965,175048,1729840,170.9,477.3
2026-03-22T22:31:19Z,966,170076,1729840,166.1,485.3
2026-03-22T22:31:20Z,967,176476,1729840,172.3,499.7
2026-03-22T22:31:21Z,968,170380,1729840,166.4,530.2
2026-03-22T22:31:22Z,969,174516,1729840,170.4,261.1
2026-03-22T22:31:23Z,970,174516,1729840,170.4,0.0
2026-03-22T22:31:24Z,971,176500,1729840,172.4,164.6
2026-03-22T22:31:26Z,972,177808,1729840,173.6,429.7
2026-03-22T22:31:27Z,973,172480,1729840,168.4,482.8
2026-03-22T22:31:28Z,974,174896,1729840,170.8,484.6
2026-03-22T22:31:29Z,975,180756,1729840,176.5,464.7
2026-03-22T22:31:30Z,976,176488,1729840,172.4,466.2
2026-03-22T22:31:31Z,977,169408,1729840,165.4,382.0
2026-03-22T22:31:32Z,978,175088,1729840,171.0,403.4
2026-03-22T22:31:33Z,979,170336,1729840,166.3,466.7
2026-03-22T22:31:34Z,980,172236,1729840,168.2,497.1
2026-03-22T22:31:35Z,981,182688,1729840,178.4,531.6
2026-03-22T22:31:36Z,982,180540,1729840,176.3,503.7
2026-03-22T22:31:37Z,983,177432,1729840,173.3,477.8
2026-03-22T22:31:38Z,984,173248,1729840,169.2,497.7
2026-03-22T22:31:39Z,985,176236,1729840,172.1,528.5
2026-03-22T22:31:41Z,986,178168,1729840,174.0,474.2
2026-03-22T22:31:42Z,987,176832,1729840,172.7,505.8
2026-03-22T22:31:43Z,988,172580,1729840,168.5,514.7
2026-03-22T22:31:44Z,989,178072,1729840,173.9,483.9
2026-03-22T22:31:45Z,990,167632,1729840,163.7,474.7
2026-03-22T22:31:46Z,991,181188,1729840,176.9,515.5
2026-03-22T22:31:47Z,992,181116,1729840,176.9,503.7
2026-03-22T22:31:48Z,993,178340,1729840,174.2,430.9
2026-03-22T22:31:49Z,994,174292,1729840,170.2,311.8
2026-03-22T22:31:50Z,995,170284,1729840,166.3,395.9
2026-03-22T22:31:51Z,996,165008,1729840,161.1,442.9
2026-03-22T22:31:52Z,997,173280,1729840,169.2,448.8
2026-03-22T22:31:53Z,998,180236,1729840,176.0,466.8
2026-03-22T22:31:54Z,999,175344,1729840,171.2,484.9
2026-03-22T22:31:55Z,1000,171040,1729840,167.0,503.9
2026-03-22T22:31:57Z,1001,179288,1729840,175.1,457.7
2026-03-22T22:31:58Z,1002,174512,1729840,170.4,459.1
2026-03-22T22:31:59Z,1003,176964,1729840,172.8,513.4
2026-03-22T22:32:00Z,1004,177268,1729840,173.1,474.5
2026-03-22T22:32:01Z,1005,178608,1729840,174.4,408.6
2026-03-22T22:32:02Z,1006,173816,1729840,169.7,436.3
2026-03-22T22:32:03Z,1007,171680,1729840,167.7,480.1
2026-03-22T22:32:04Z,1008,187732,1729840,183.3,504.3
2026-03-22T22:32:05Z,1009,178004,1729840,173.8,462.9
2026-03-22T22:32:06Z,1010,178396,1729840,174.2,483.7
2026-03-22T22:32:07Z,1011,178468,1729840,174.3,465.0
2026-03-22T22:32:08Z,1012,181084,1729840,176.8,446.7
2026-03-22T22:32:09Z,1013,181724,1729840,177.5,487.4
2026-03-22T22:32:10Z,1014,181540,1729840,177.3,525.6
2026-03-22T22:32:12Z,1015,175368,1729840,171.3,534.5
2026-03-22T22:32:13Z,1016,184008,1729840,179.7,463.7
2026-03-22T22:32:14Z,1017,173484,1729840,169.4,459.3
2026-03-22T22:32:15Z,1018,178852,1729840,174.7,512.5
2026-03-22T22:32:16Z,1019,178864,1729840,174.7,485.1
2026-03-22T22:32:17Z,1020,174628,1729840,170.5,511.9
2026-03-22T22:32:18Z,1021,174888,1729840,170.8,437.3
2026-03-22T22:32:19Z,1022,177064,1729840,172.9,348.4
2026-03-22T22:32:20Z,1023,175036,1729840,170.9,427.3
2026-03-22T22:32:21Z,1024,178392,1729840,174.2,454.2
2026-03-22T22:32:22Z,1025,176712,1729840,172.6,422.2
2026-03-22T22:32:23Z,1026,178760,1729840,174.6,452.4
2026-03-22T22:32:24Z,1027,181888,1729840,177.6,486.0
2026-03-22T22:32:25Z,1028,177340,1729840,173.2,509.9
2026-03-22T22:32:27Z,1029,178656,1729840,174.5,493.7
2026-03-22T22:32:28Z,1030,179168,1729840,175.0,526.1
2026-03-22T22:32:29Z,1031,181136,1729840,176.9,545.7
2026-03-22T22:32:30Z,1032,175552,1729840,171.4,542.0
2026-03-22T22:32:31Z,1033,177180,1729840,173.0,405.5
2026-03-22T22:32:32Z,1034,176208,1729840,172.1,513.0
2026-03-22T22:32:33Z,1035,185628,1729840,181.3,492.1
2026-03-22T22:32:34Z,1036,182568,1729840,178.3,515.1
2026-03-22T22:32:35Z,1037,183808,1729840,179.5,510.4
2026-03-22T22:32:36Z,1038,181324,1729840,177.1,513.6
2026-03-22T22:32:37Z,1039,175612,1729840,171.5,474.6
2026-03-22T22:32:38Z,1040,180492,1729840,176.3,496.8
2026-03-22T22:32:39Z,1041,179512,1729840,175.3,526.1
2026-03-22T22:32:40Z,1042,176940,1729840,172.8,536.3
2026-03-22T22:32:42Z,1043,182424,1729840,178.1,562.1
2026-03-22T22:32:43Z,1044,176248,1729840,172.1,501.0
2026-03-22T22:32:44Z,1045,178076,1729840,173.9,468.2
2026-03-22T22:32:45Z,1046,179172,1729840,175.0,502.1
2026-03-22T22:32:46Z,1047,177120,1729840,173.0,471.6
2026-03-22T22:32:47Z,1048,183448,1729840,179.1,505.4
2026-03-22T22:32:48Z,1049,175188,1729840,171.1,445.1
2026-03-22T22:32:49Z,1050,173292,1729840,169.2,466.8
2026-03-22T22:32:50Z,1051,176656,1729840,172.5,408.6
2026-03-22T22:32:51Z,1052,177820,1729840,173.7,490.4
2026-03-22T22:32:52Z,1053,182732,1729840,178.4,491.3
2026-03-22T22:32:53Z,1054,180912,1729840,176.7,513.4
2026-03-22T22:32:54Z,1055,178976,1729840,174.8,519.0
2026-03-22T22:32:55Z,1056,178176,1729840,174.0,529.4
2026-03-22T22:32:56Z,1057,176604,1729840,172.5,508.6
2026-03-22T22:32:58Z,1058,172788,1729840,168.7,452.8
2026-03-22T22:32:59Z,1059,179252,1729840,175.1,455.2
2026-03-22T22:33:00Z,1060,184176,1729840,179.9,482.2
2026-03-22T22:33:01Z,1061,179680,1729840,175.5,432.9
2026-03-22T22:33:02Z,1062,173724,1729840,169.7,378.7
2026-03-22T22:33:03Z,1063,174912,1729840,170.8,427.7
2026-03-22T22:33:04Z,1064,176472,1729840,172.3,444.7
2026-03-22T22:33:05Z,1065,177776,1729840,173.6,464.4
2026-03-22T22:33:06Z,1066,176656,1729840,172.5,498.2
2026-03-22T22:33:07Z,1067,181628,1729840,177.4,435.1
2026-03-22T22:33:08Z,1068,174240,1729840,170.2,428.9
2026-03-22T22:33:09Z,1069,183248,1729840,179.0,423.6
2026-03-22T22:33:10Z,1070,174892,1729840,170.8,490.9
2026-03-22T22:33:11Z,1071,178720,1729840,174.5,440.1
2026-03-22T22:33:13Z,1072,173612,1729840,169.5,410.2
2026-03-22T22:33:14Z,1073,175100,1729840,171.0,408.4
2026-03-22T22:33:15Z,1074,171464,1729840,167.4,472.1
2026-03-22T22:33:16Z,1075,180076,1729840,175.9,491.0
2026-03-22T22:33:17Z,1076,182304,1729840,178.0,449.8
2026-03-22T22:33:18Z,1077,178548,1729840,174.4,496.4
2026-03-22T22:33:19Z,1078,179252,1729840,175.1,420.0
2026-03-22T22:33:20Z,1079,185008,1729840,180.7,441.0
2026-03-22T22:33:21Z,1080,181428,1729840,177.2,459.6
2026-03-22T22:33:22Z,1081,178620,1729840,174.4,487.7
2026-03-22T22:33:23Z,1082,178336,1729840,174.2,493.6
2026-03-22T22:33:24Z,1083,182928,1729840,178.6,339.1
2026-03-22T22:33:25Z,1084,182928,1729840,178.6,0.0
2026-03-22T22:33:26Z,1085,183644,1729840,179.3,2.8
2026-03-22T22:33:27Z,1086,182888,1729840,178.6,406.3
2026-03-22T22:33:29Z,1087,181304,1729840,177.1,418.0
2026-03-22T22:33:30Z,1088,175504,1729840,171.4,443.3
2026-03-22T22:33:31Z,1089,182132,1729840,177.9,453.0
2026-03-22T22:33:32Z,1090,181948,1729840,177.7,425.3
2026-03-22T22:33:33Z,1091,178948,1729840,174.8,409.3
2026-03-22T22:33:34Z,1092,180592,1729840,176.4,442.5
2026-03-22T22:33:35Z,1093,172628,1729840,168.6,446.9
2026-03-22T22:33:36Z,1094,182552,1729840,178.3,442.9
2026-03-22T22:33:37Z,1095,174688,1729840,170.6,469.5
2026-03-22T22:33:38Z,1096,181432,1729840,177.2,398.2
2026-03-22T22:33:39Z,1097,178320,1729840,174.1,437.1
2026-03-22T22:33:40Z,1098,173004,1729840,168.9,479.2
2026-03-22T22:33:41Z,1099,185136,1729840,180.8,444.8
2026-03-22T22:33:42Z,1100,175612,1729840,171.5,449.9
2026-03-22T22:33:44Z,1101,182640,1729840,178.4,443.1
2026-03-22T22:33:45Z,1102,177760,1729840,173.6,423.2
2026-03-22T22:33:46Z,1103,180568,1729840,176.3,456.0
2026-03-22T22:33:47Z,1104,177348,1729840,173.2,483.2
2026-03-22T22:33:48Z,1105,181928,1729840,177.7,407.5
2026-03-22T22:33:49Z,1106,177364,1729840,173.2,468.5
2026-03-22T22:33:50Z,1107,182876,1729840,178.6,399.0
2026-03-22T22:33:51Z,1108,185224,1729840,180.9,435.9
2026-03-22T22:33:52Z,1109,183156,1729840,178.9,504.9
2026-03-22T22:33:53Z,1110,178948,1729840,174.8,395.4
2026-03-22T22:33:54Z,1111,182896,1729840,178.6,391.9
2026-03-22T22:33:55Z,1112,179616,1729840,175.4,419.3
2026-03-22T22:33:56Z,1113,178196,1729840,174.0,434.0
2026-03-22T22:33:57Z,1114,182408,1729840,178.1,519.7
2026-03-22T22:33:59Z,1115,181356,1729840,177.1,487.4
2026-03-22T22:34:00Z,1116,181576,1729840,177.3,422.3
2026-03-22T22:34:01Z,1117,180092,1729840,175.9,462.4
2026-03-22T22:34:02Z,1118,174360,1729840,170.3,460.1
2026-03-22T22:34:03Z,1119,181552,1729840,177.3,460.1
2026-03-22T22:34:04Z,1120,172536,1729840,168.5,421.5
2026-03-22T22:34:05Z,1121,180584,1729840,176.4,398.2
2026-03-22T22:34:06Z,1122,175508,1729840,171.4,416.3
2026-03-22T22:34:07Z,1123,184444,1729840,180.1,385.5
2026-03-22T22:34:08Z,1124,174040,1729840,170.0,466.3
2026-03-22T22:34:09Z,1125,174028,1729840,169.9,421.8
2026-03-22T22:34:10Z,1126,176192,1729840,172.1,441.7
2026-03-22T22:34:11Z,1127,180560,1729840,176.3,492.2
2026-03-22T22:34:12Z,1128,181640,1729840,177.4,440.6
2026-03-22T22:34:14Z,1129,180584,1729840,176.4,428.6
2026-03-22T22:34:15Z,1130,184388,1729840,180.1,429.5
2026-03-22T22:34:16Z,1131,181584,1729840,177.3,465.7
2026-03-22T22:34:17Z,1132,181800,1729840,177.5,422.8
2026-03-22T22:34:18Z,1133,173160,1729840,169.1,472.4
2026-03-22T22:34:19Z,1134,180452,1729840,176.2,376.3
2026-03-22T22:34:20Z,1135,175456,1729840,171.3,392.1
2026-03-22T22:34:21Z,1136,175980,1729840,171.9,455.7
2026-03-22T22:34:22Z,1137,175708,1729840,171.6,482.6
2026-03-22T22:34:23Z,1138,180584,1729840,176.4,500.7
2026-03-22T22:34:24Z,1139,179144,1729840,174.9,435.4
2026-03-22T22:34:25Z,1140,179396,1729840,175.2,451.9
2026-03-22T22:34:26Z,1141,181284,1729840,177.0,482.1
2026-03-22T22:34:27Z,1142,181812,1729840,177.6,474.7
2026-03-22T22:34:28Z,1143,180132,1729840,175.9,440.5
2026-03-22T22:34:30Z,1144,207552,1811760,202.7,365.3
2026-03-22T22:34:31Z,1145,208848,1811760,204.0,497.2
2026-03-22T22:34:32Z,1146,201840,1811760,197.1,516.7
2026-03-22T22:34:33Z,1147,209180,1811760,204.3,485.5
2026-03-22T22:34:34Z,1148,207028,1811760,202.2,447.3
2026-03-22T22:34:35Z,1149,206952,1811760,202.1,477.6
2026-03-22T22:34:36Z,1150,205032,1811760,200.2,433.0
2026-03-22T22:34:37Z,1151,207840,1811760,203.0,488.2
2026-03-22T22:34:38Z,1152,211096,1811760,206.1,441.0
2026-03-22T22:34:39Z,1153,202456,1811760,197.7,418.8
2026-03-22T22:34:40Z,1154,208748,1811760,203.9,442.0
2026-03-22T22:34:41Z,1155,204588,1811760,199.8,337.8
2026-03-22T22:34:42Z,1156,208452,1811760,203.6,495.1
2026-03-22T22:34:43Z,1157,201464,1811760,196.7,383.5
2026-03-22T22:34:45Z,1158,200856,1811760,196.1,401.7
2026-03-22T22:34:46Z,1159,203656,1811760,198.9,410.0
2026-03-22T22:34:47Z,1160,198644,1811760,194.0,454.7
2026-03-22T22:34:48Z,1161,206252,1811760,201.4,364.5
2026-03-22T22:34:49Z,1162,202876,1811760,198.1,412.7
2026-03-22T22:34:50Z,1163,207860,1811760,203.0,461.8
2026-03-22T22:34:51Z,1164,200988,1811760,196.3,447.8
2026-03-22T22:34:52Z,1165,205044,1811760,200.2,390.6
2026-03-22T22:34:53Z,1166,202700,1811760,197.9,410.0
2026-03-22T22:34:54Z,1167,207624,1811760,202.8,440.1
2026-03-22T22:34:55Z,1168,204440,1811760,199.6,487.8
2026-03-22T22:34:56Z,1169,204624,1811760,199.8,425.0
2026-03-22T22:34:57Z,1170,204860,1811760,200.1,453.3
2026-03-22T22:34:58Z,1171,207388,1811760,202.5,460.4
2026-03-22T22:35:00Z,1172,209228,1811760,204.3,426.4
2026-03-22T22:35:01Z,1173,204812,1811760,200.0,459.8
2026-03-22T22:35:02Z,1174,203124,1811760,198.4,478.2
2026-03-22T22:35:03Z,1175,206828,1811760,202.0,396.9
2026-03-22T22:35:04Z,1176,211644,1811760,206.7,494.2
2026-03-22T22:35:05Z,1177,208264,1811760,203.4,482.2
2026-03-22T22:35:06Z,1178,207512,1811760,202.6,524.2
2026-03-22T22:35:07Z,1179,209604,1811760,204.7,491.7
2026-03-22T22:35:08Z,1180,207344,1811760,202.5,479.3
2026-03-22T22:35:09Z,1181,209064,1811760,204.2,465.3
2026-03-22T22:35:10Z,1182,208596,1811760,203.7,454.3
2026-03-22T22:35:11Z,1183,205756,1811760,200.9,483.9
2026-03-22T22:35:12Z,1184,210672,1811760,205.7,474.2
2026-03-22T22:35:13Z,1185,206252,1811760,201.4,438.9
2026-03-22T22:35:14Z,1186,212060,1811760,207.1,481.2
2026-03-22T22:35:16Z,1187,208240,1811760,203.4,468.2
2026-03-22T22:35:17Z,1188,204716,1811760,199.9,453.2
2026-03-22T22:35:18Z,1189,212436,1811760,207.5,433.7
2026-03-22T22:35:19Z,1190,208080,1811760,203.2,501.3
2026-03-22T22:35:20Z,1191,206472,1811760,201.6,457.6
2026-03-22T22:35:21Z,1192,203972,1811760,199.2,424.8
2026-03-22T22:35:22Z,1193,207328,1811760,202.5,490.9
2026-03-22T22:35:23Z,1194,208428,1811760,203.5,435.7
2026-03-22T22:35:24Z,1195,208676,1811760,203.8,409.5
2026-03-22T22:35:25Z,1196,211032,1811760,206.1,467.2
2026-03-22T22:35:26Z,1197,210908,1811760,206.0,472.4
2026-03-22T22:35:27Z,1198,211436,1811760,206.5,90.2
2026-03-22T22:35:28Z,1199,211436,1811760,206.5,0.0
2026-03-22T22:35:29Z,1200,211436,1811760,206.5,0.0
2026-03-22T22:35:31Z,1201,211436,1811760,206.5,0.0
2026-03-22T22:35:32Z,1202,211436,1811760,206.5,0.0
2026-03-22T22:35:33Z,1203,211436,1811760,206.5,0.0
2026-03-22T22:35:34Z,1204,211436,1811760,206.5,0.0
2026-03-22T22:35:35Z,1205,211436,1811760,206.5,0.0
2026-03-22T22:35:36Z,1206,211436,1811760,206.5,0.0
2026-03-22T22:35:37Z,1207,211436,1811760,206.5,0.0
2026-03-22T22:35:38Z,1208,211436,1811760,206.5,0.0
2026-03-22T22:35:39Z,1209,211436,1811760,206.5,0.0
2026-03-22T22:35:40Z,1210,211436,1811760,206.5,0.0
2026-03-22T22:35:41Z,1211,211436,1811760,206.5,0.0
2026-03-22T22:35:42Z,1212,211436,1811760,206.5,0.0
2026-03-22T22:35:43Z,1213,211436,1811760,206.5,0.0
2026-03-22T22:35:45Z,1214,211436,1811760,206.5,0.0
2026-03-22T22:35:46Z,1215,211436,1811760,206.5,0.0
2026-03-22T22:35:47Z,1216,211436,1811760,206.5,0.0
2026-03-22T22:35:48Z,1217,211436,1811760,206.5,0.0
2026-03-22T22:35:49Z,1218,211436,1811760,206.5,0.0
2026-03-22T22:35:50Z,1219,211436,1811760,206.5,0.0
2026-03-22T22:35:51Z,1220,211436,1811760,206.5,0.0
2026-03-22T22:35:52Z,1221,211436,1811760,206.5,0.0
2026-03-22T22:35:53Z,1222,211436,1811760,206.5,0.0
2026-03-22T22:35:54Z,1223,211436,1811760,206.5,0.0
2026-03-22T22:35:55Z,1224,211436,1811760,206.5,0.0
2026-03-22T22:35:56Z,1225,211436,1811760,206.5,0.0
2026-03-22T22:35:57Z,1226,211436,1811760,206.5,0.0
2026-03-22T22:35:58Z,1227,211436,1811760,206.5,0.0
2026-03-22T22:36:00Z,1228,211436,1811760,206.5,0.0
2026-03-22T22:36:01Z,1229,211436,1811760,206.5,0.0
2026-03-22T22:36:02Z,1230,211436,1811760,206.5,0.0
2026-03-22T22:36:03Z,1231,211436,1811760,206.5,0.0
2026-03-22T22:36:04Z,1232,211436,1811760,206.5,0.0
2026-03-22T22:36:05Z,1233,211436,1811760,206.5,0.0
2026-03-22T22:36:06Z,1234,211436,1811760,206.5,0.0
2026-03-22T22:36:07Z,1235,211436,1811760,206.5,0.0
2026-03-22T22:36:08Z,1236,211436,1811760,206.5,0.0
2026-03-22T22:36:09Z,1237,211436,1811760,206.5,0.0
2026-03-22T22:36:10Z,1238,211436,1811760,206.5,0.0
2026-03-22T22:36:11Z,1239,211436,1811760,206.5,0.0
2026-03-22T22:36:12Z,1240,211436,1811760,206.5,0.0
2026-03-22T22:36:14Z,1241,211436,1811760,206.5,0.0
2026-03-22T22:36:15Z,1242,211436,1811760,206.5,0.0
2026-03-22T22:36:16Z,1243,211436,1811760,206.5,0.0
2026-03-22T22:36:17Z,1244,211436,1811760,206.5,0.0
2026-03-22T22:36:18Z,1245,211436,1811760,206.5,0.0
2026-03-22T22:36:19Z,1246,211436,1811760,206.5,0.0
2026-03-22T22:36:20Z,1247,211436,1811760,206.5,0.0
2026-03-22T22:36:21Z,1248,211436,1811760,206.5,0.0
2026-03-22T22:36:22Z,1249,211436,1811760,206.5,0.0
2026-03-22T22:36:23Z,1250,211436,1811760,206.5,0.0
2026-03-22T22:36:24Z,1251,211436,1811760,206.5,0.0
2026-03-22T22:36:25Z,1252,211436,1811760,206.5,0.0
2026-03-22T22:36:26Z,1253,211436,1811760,206.5,0.0
2026-03-22T22:36:27Z,1254,211436,1811760,206.5,0.0
2026-03-22T22:36:29Z,1255,211436,1811760,206.5,0.0
2026-03-22T22:36:30Z,1256,211436,1811760,206.5,0.0
2026-03-22T22:36:31Z,1257,211436,1811760,206.5,0.0
2026-03-22T22:36:32Z,1258,211436,1811760,206.5,0.0
2026-03-22T22:36:33Z,1259,211436,1811760,206.5,0.9
2026-03-22T22:36:34Z,1260,211436,1811760,206.5,0.0
2026-03-22T22:36:35Z,1261,211436,1811760,206.5,0.0
2026-03-22T22:36:36Z,1262,211436,1811760,206.5,0.0
2026-03-22T22:36:37Z,1263,211436,1811760,206.5,0.0
2026-03-22T22:36:38Z,1264,211436,1811760,206.5,0.0
2026-03-22T22:36:39Z,1265,211436,1811760,206.5,0.0
2026-03-22T22:36:40Z,1266,211436,1811760,206.5,0.0
2026-03-22T22:36:41Z,1267,211436,1811760,206.5,0.0
2026-03-22T22:36:43Z,1268,211436,1811760,206.5,0.0
2026-03-22T22:36:44Z,1269,211436,1811760,206.5,0.0
2026-03-22T22:36:45Z,1270,211436,1811760,206.5,0.0
2026-03-22T22:36:46Z,1271,211436,1811760,206.5,0.0
2026-03-22T22:36:47Z,1272,211436,1811760,206.5,0.0
2026-03-22T22:36:48Z,1273,211436,1811760,206.5,0.0
2026-03-22T22:36:49Z,1274,211436,1811760,206.5,0.0
2026-03-22T22:36:50Z,1275,211436,1811760,206.5,0.0
2026-03-22T22:36:51Z,1276,211436,1811760,206.5,0.0
2026-03-22T22:36:52Z,1277,211436,1811760,206.5,0.0
2026-03-22T22:36:53Z,1278,211436,1811760,206.5,0.0
2026-03-22T22:36:54Z,1279,211436,1811760,206.5,0.0
2026-03-22T22:36:55Z,1280,211436,1811760,206.5,0.0
2026-03-22T22:36:56Z,1281,211436,1811760,206.5,0.0
2026-03-22T22:36:58Z,1282,211436,1811760,206.5,0.0
2026-03-22T22:36:59Z,1283,211436,1811760,206.5,0.0
2026-03-22T22:37:00Z,1284,211436,1811760,206.5,0.0
2026-03-22T22:37:01Z,1285,211436,1811760,206.5,0.0
2026-03-22T22:37:02Z,1286,211436,1811760,206.5,0.0
2026-03-22T22:37:03Z,1287,211436,1811760,206.5,0.0
2026-03-22T22:37:04Z,1288,211436,1811760,206.5,0.0
2026-03-22T22:37:05Z,1289,211436,1811760,206.5,0.0
2026-03-22T22:37:06Z,1290,211436,1811760,206.5,0.0
2026-03-22T22:37:07Z,1291,211436,1811760,206.5,0.0
2026-03-22T22:37:08Z,1292,211436,1811760,206.5,0.0
2026-03-22T22:37:09Z,1293,211436,1811760,206.5,0.0
2026-03-22T22:37:10Z,1294,211436,1811760,206.5,0.0
2026-03-22T22:37:12Z,1295,211436,1811760,206.5,0.0
2026-03-22T22:37:13Z,1296,211436,1811760,206.5,0.0
2026-03-22T22:37:14Z,1297,211436,1811760,206.5,0.0
2026-03-22T22:37:15Z,1298,211436,1811760,206.5,0.0
2026-03-22T22:37:16Z,1299,211436,1811760,206.5,0.9
2026-03-22T22:37:17Z,1300,211436,1811760,206.5,0.0
2026-03-22T22:37:18Z,1301,211436,1811760,206.5,0.0
2026-03-22T22:37:19Z,1302,211436,1811760,206.5,0.0
2026-03-22T22:37:20Z,1303,211436,1811760,206.5,0.0
2026-03-22T22:37:21Z,1304,211436,1811760,206.5,0.0
2026-03-22T22:37:22Z,1305,211436,1811760,206.5,0.0
2026-03-22T22:37:23Z,1306,211436,1811760,206.5,0.0
2026-03-22T22:37:24Z,1307,211436,1811760,206.5,0.0
2026-03-22T22:37:25Z,1308,211436,1811760,206.5,0.0
2026-03-22T22:37:27Z,1309,211436,1811760,206.5,0.0
2026-03-22T22:37:28Z,1310,211436,1811760,206.5,0.0
2026-03-22T22:37:29Z,1311,211436,1811760,206.5,0.0
2026-03-22T22:37:30Z,1312,211436,1811760,206.5,0.0
2026-03-22T22:37:31Z,1313,211436,1811760,206.5,0.0
2026-03-22T22:37:32Z,1314,211436,1811760,206.5,0.0
2026-03-22T22:37:33Z,1315,211436,1811760,206.5,0.0
2026-03-22T22:37:34Z,1316,211436,1811760,206.5,0.0
2026-03-22T22:37:35Z,1317,211436,1811760,206.5,0.0
2026-03-22T22:37:36Z,1318,211436,1811760,206.5,0.0
2026-03-22T22:37:37Z,1319,211436,1811760,206.5,0.0
