# run_id: rest-api_accounts_staking_info_20260322_201924_442109 | service: rest-api | endpoint: accounts_staking_info | process: polkadot-rest-a (PID 122969)
timestamp,elapsed_s,rss_kb,vsz_kb,rss_mb,cpu_pct
2026-03-22T20:19:25Z,0,28612,1263920,27.9,0.0
2026-03-22T20:19:26Z,1,28612,1263920,27.9,0.0
2026-03-22T20:19:27Z,2,28612,1263920,27.9,0.0
2026-03-22T20:19:28Z,3,28636,1263920,28.0,0.0
2026-03-22T20:19:29Z,4,28636,1263920,28.0,0.0
2026-03-22T20:19:30Z,5,28636,1263920,28.0,0.0
2026-03-22T20:19:32Z,6,28644,1263920,28.0,0.0
2026-03-22T20:19:33Z,7,28644,1263920,28.0,0.0
2026-03-22T20:19:34Z,8,28644,1263920,28.0,0.0
2026-03-22T20:19:35Z,9,28644,1263920,28.0,0.0
2026-03-22T20:19:36Z,10,28668,1263920,28.0,0.0
2026-03-22T20:19:37Z,11,28672,1263920,28.0,0.0
2026-03-22T20:19:38Z,12,28672,1263920,28.0,0.0
2026-03-22T20:19:39Z,13,28672,1263920,28.0,0.0
2026-03-22T20:19:40Z,14,28672,1263920,28.0,0.0
2026-03-22T20:19:41Z,15,28672,1263920,28.0,0.0
2026-03-22T20:19:42Z,16,28672,1263920,28.0,0.0
2026-03-22T20:19:43Z,17,28672,1263920,28.0,0.0
2026-03-22T20:19:44Z,18,28672,1263920,28.0,0.0
2026-03-22T20:19:45Z,19,28672,1263920,28.0,0.0
2026-03-22T20:19:47Z,20,28672,1263920,28.0,0.0
2026-03-22T20:19:48Z,21,28672,1263920,28.0,0.0
2026-03-22T20:19:49Z,22,28672,1263920,28.0,0.9
2026-03-22T20:19:50Z,23,28672,1263920,28.0,0.0
2026-03-22T20:19:51Z,24,28672,1263920,28.0,0.0
2026-03-22T20:19:52Z,25,28672,1263920,28.0,0.0
2026-03-22T20:19:53Z,26,28680,1263920,28.0,0.0
2026-03-22T20:19:54Z,27,28680,1263920,28.0,0.0
2026-03-22T20:19:55Z,28,28680,1263920,28.0,0.0
2026-03-22T20:19:56Z,29,28680,1263920,28.0,0.0
2026-03-22T20:19:57Z,30,28680,1263920,28.0,0.0
2026-03-22T20:19:58Z,31,28680,1263920,28.0,0.0
2026-03-22T20:19:59Z,32,28680,1263920,28.0,0.0
2026-03-22T20:20:01Z,33,28680,1263920,28.0,0.0
2026-03-22T20:20:02Z,34,28680,1263920,28.0,0.0
2026-03-22T20:20:03Z,35,28680,1263920,28.0,0.0
2026-03-22T20:20:04Z,36,28680,1263920,28.0,0.0
2026-03-22T20:20:05Z,37,28680,1263920,28.0,0.0
2026-03-22T20:20:06Z,38,28680,1263920,28.0,0.0
2026-03-22T20:20:07Z,39,28680,1263920,28.0,0.0
2026-03-22T20:20:08Z,40,28680,1263920,28.0,0.0
2026-03-22T20:20:09Z,41,28680,1263920,28.0,0.0
2026-03-22T20:20:10Z,42,28680,1263920,28.0,0.0
2026-03-22T20:20:11Z,43,28680,1263920,28.0,0.0
2026-03-22T20:20:12Z,44,28680,1263920,28.0,0.0
2026-03-22T20:20:13Z,45,28680,1263920,28.0,0.0
2026-03-22T20:20:14Z,46,28680,1263920,28.0,0.0
2026-03-22T20:20:16Z,47,28680,1263920,28.0,0.0
2026-03-22T20:20:17Z,48,28680,1263920,28.0,0.0
2026-03-22T20:20:18Z,49,28680,1263920,28.0,0.0
2026-03-22T20:20:19Z,50,28680,1263920,28.0,0.0
2026-03-22T20:20:20Z,51,28680,1263920,28.0,0.0
2026-03-22T20:20:21Z,52,28680,1263920,28.0,0.0
2026-03-22T20:20:22Z,53,28680,1263920,28.0,0.0
2026-03-22T20:20:23Z,54,28680,1263920,28.0,0.0
2026-03-22T20:20:24Z,55,28680,1263920,28.0,0.0
2026-03-22T20:20:25Z,56,46972,1275184,45.9,9.4
2026-03-22T20:20:26Z,57,68976,1297712,67.4,13.1
2026-03-22T20:20:27Z,58,115024,1352496,112.3,37.3
2026-03-22T20:20:28Z,59,197972,1450800,193.3,57.8
2026-03-22T20:20:29Z,60,252728,1511216,246.8,78.3
2026-03-22T20:20:31Z,61,246764,1513776,241.0,104.5
2026-03-22T20:20:32Z,62,242812,1513776,237.1,199.2
2026-03-22T20:20:33Z,63,234604,1517872,229.1,192.7
2026-03-22T20:20:34Z,64,200948,1517872,196.2,169.1
2026-03-22T20:20:35Z,65,186416,1528624,182.0,176.0
2026-03-22T20:20:36Z,66,162540,1528624,158.7,171.6
2026-03-22T20:20:37Z,67,149468,1528624,146.0,186.1
2026-03-22T20:20:38Z,68,141396,1528624,138.1,168.1
2026-03-22T20:20:39Z,69,150684,1547056,147.2,162.4
2026-03-22T20:20:40Z,70,144552,1547056,141.2,179.7
2026-03-22T20:20:41Z,71,144276,1547056,140.9,180.5
2026-03-22T20:20:42Z,72,145132,1547056,141.7,182.3
2026-03-22T20:20:43Z,73,146072,1549616,142.6,127.2
2026-03-22T20:20:44Z,74,146732,1552176,143.3,173.8
2026-03-22T20:20:46Z,75,146452,1552176,143.0,160.4
2026-03-22T20:20:47Z,76,146344,1552176,142.9,145.1
2026-03-22T20:20:48Z,77,144960,1552176,141.6,157.7
2026-03-22T20:20:49Z,78,157268,1584944,153.6,123.1
2026-03-22T20:20:50Z,79,157696,1587504,154.0,170.4
2026-03-22T20:20:51Z,80,157172,1587504,153.5,175.7
2026-03-22T20:20:52Z,81,157112,1587504,153.4,164.4
2026-03-22T20:20:53Z,82,157764,1587504,154.1,184.0
2026-03-22T20:20:54Z,83,157904,1587504,154.2,193.8
2026-03-22T20:20:55Z,84,157972,1587504,154.3,199.8
2026-03-22T20:20:56Z,85,157724,1587504,154.0,172.7
2026-03-22T20:20:57Z,86,157756,1587504,154.1,167.0
2026-03-22T20:20:58Z,87,157416,1587504,153.7,184.9
2026-03-22T20:20:59Z,88,157604,1587504,153.9,179.9
2026-03-22T20:21:01Z,89,157692,1587504,154.0,173.7
2026-03-22T20:21:02Z,90,157748,1587504,154.1,181.2
2026-03-22T20:21:03Z,91,157372,1587504,153.7,160.6
2026-03-22T20:21:04Z,92,158076,1590064,154.4,171.9
2026-03-22T20:21:05Z,93,157784,1590064,154.1,164.8
2026-03-22T20:21:06Z,94,169944,1655600,166.0,176.1
2026-03-22T20:21:07Z,95,181824,1655600,177.6,164.4
2026-03-22T20:21:08Z,96,182392,1655600,178.1,190.4
2026-03-22T20:21:09Z,97,182608,1655600,178.3,203.1
2026-03-22T20:21:10Z,98,182628,1655600,178.3,170.8
2026-03-22T20:21:11Z,99,183168,1655600,178.9,180.4
2026-03-22T20:21:12Z,100,182488,1655600,178.2,182.6
2026-03-22T20:21:13Z,101,182636,1655600,178.4,163.9
2026-03-22T20:21:14Z,102,182524,1655600,178.2,166.1
2026-03-22T20:21:15Z,103,182856,1655600,178.6,173.6
2026-03-22T20:21:17Z,104,182664,1655600,178.4,178.0
2026-03-22T20:21:18Z,105,182660,1655600,178.4,181.3
2026-03-22T20:21:19Z,106,182596,1655600,178.3,164.6
2026-03-22T20:21:20Z,107,181352,1655600,177.1,177.6
2026-03-22T20:21:21Z,108,181584,1655600,177.3,163.7
2026-03-22T20:21:22Z,109,181972,1655600,177.7,159.0
2026-03-22T20:21:23Z,110,182232,1655600,178.0,150.3
2026-03-22T20:21:24Z,111,182136,1655600,177.9,183.6
2026-03-22T20:21:25Z,112,182664,1655600,178.4,168.5
2026-03-22T20:21:26Z,113,182564,1655600,178.3,152.7
2026-03-22T20:21:27Z,114,182204,1655600,177.9,146.2
2026-03-22T20:21:28Z,115,182108,1655600,177.8,154.3
2026-03-22T20:21:29Z,116,182288,1655600,178.0,174.6
2026-03-22T20:21:30Z,117,183012,1655600,178.7,156.5
2026-03-22T20:21:32Z,118,182924,1655600,178.6,180.3
2026-03-22T20:21:33Z,119,182468,1655600,178.2,156.6
2026-03-22T20:21:34Z,120,182288,1655600,178.0,156.9
2026-03-22T20:21:35Z,121,182792,1655600,178.5,162.3
2026-03-22T20:21:36Z,122,182872,1655600,178.6,164.4
2026-03-22T20:21:37Z,123,183000,1655600,178.7,174.6
2026-03-22T20:21:38Z,124,182444,1655600,178.2,173.8
2026-03-22T20:21:39Z,125,182484,1655600,178.2,162.7
2026-03-22T20:21:40Z,126,182492,1655600,178.2,165.3
2026-03-22T20:21:41Z,127,182412,1655600,178.1,146.3
2026-03-22T20:21:42Z,128,183304,1655600,179.0,165.4
2026-03-22T20:21:43Z,129,232764,1786672,227.3,164.6
2026-03-22T20:21:44Z,130,233036,1786672,227.6,171.4
2026-03-22T20:21:45Z,131,232620,1786672,227.2,154.5
2026-03-22T20:21:47Z,132,232276,1786672,226.8,165.6
2026-03-22T20:21:48Z,133,232308,1786672,226.9,149.3
2026-03-22T20:21:49Z,134,232080,1786672,226.6,149.8
2026-03-22T20:21:50Z,135,231984,1786672,226.5,180.5
2026-03-22T20:21:51Z,136,232076,1786672,226.6,180.4
2026-03-22T20:21:52Z,137,232004,1786672,226.6,168.0
2026-03-22T20:21:53Z,138,231788,1786672,226.4,185.2
2026-03-22T20:21:54Z,139,232144,1786672,226.7,189.1
2026-03-22T20:21:55Z,140,232096,1786672,226.7,200.6
2026-03-22T20:21:56Z,141,232284,1786672,226.8,188.5
2026-03-22T20:21:57Z,142,232468,1786672,227.0,179.3
2026-03-22T20:21:58Z,143,232540,1786672,227.1,178.7
2026-03-22T20:21:59Z,144,232124,1786672,226.7,179.2
2026-03-22T20:22:00Z,145,231860,1786672,226.4,188.0
2026-03-22T20:22:01Z,146,231596,1786672,226.2,192.0
2026-03-22T20:22:03Z,147,231864,1786672,226.4,186.8
2026-03-22T20:22:04Z,148,232004,1786672,226.6,184.9
2026-03-22T20:22:05Z,149,231744,1786672,226.3,199.6
2026-03-22T20:22:06Z,150,231908,1786672,226.5,180.8
2026-03-22T20:22:07Z,151,231952,1786672,226.5,172.4
2026-03-22T20:22:08Z,152,232528,1786672,227.1,164.6
2026-03-22T20:22:09Z,153,232364,1786672,226.9,186.6
2026-03-22T20:22:10Z,154,232532,1786672,227.1,177.9
2026-03-22T20:22:11Z,155,232244,1786672,226.8,171.9
2026-03-22T20:22:12Z,156,231912,1786672,226.5,171.5
2026-03-22T20:22:13Z,157,232648,1786672,227.2,188.2
2026-03-22T20:22:14Z,158,232764,1786672,227.3,174.2
2026-03-22T20:22:15Z,159,232836,1786672,227.4,166.6
2026-03-22T20:22:16Z,160,232912,1786672,227.5,180.0
2026-03-22T20:22:18Z,161,232912,1786672,227.5,170.7
2026-03-22T20:22:19Z,162,232660,1786672,227.2,157.5
2026-03-22T20:22:20Z,163,232724,1786672,227.3,175.6
2026-03-22T20:22:21Z,164,232472,1786672,227.0,167.4
2026-03-22T20:22:22Z,165,232192,1786672,226.8,168.1
2026-03-22T20:22:23Z,166,232260,1786672,226.8,161.8
2026-03-22T20:22:24Z,167,232108,1786672,226.7,173.9
2026-03-22T20:22:25Z,168,231732,1786672,226.3,118.1
2026-03-22T20:22:26Z,169,231732,1786672,226.3,0.0
2026-03-22T20:22:27Z,170,233260,1793328,227.8,28.1
2026-03-22T20:22:28Z,171,234596,1793328,229.1,183.1
2026-03-22T20:22:29Z,172,235080,1793328,229.6,195.2
2026-03-22T20:22:30Z,173,235404,1793328,229.9,180.1
2026-03-22T20:22:31Z,174,234016,1793328,228.5,165.6
2026-03-22T20:22:33Z,175,234284,1793328,228.8,183.2
2026-03-22T20:22:34Z,176,234072,1793328,228.6,181.3
2026-03-22T20:22:35Z,177,232540,1793328,227.1,189.7
2026-03-22T20:22:36Z,178,232212,1793328,226.8,196.1
2026-03-22T20:22:37Z,179,232296,1793328,226.9,181.3
2026-03-22T20:22:38Z,180,231976,1793328,226.5,189.8
2026-03-22T20:22:39Z,181,231680,1793328,226.2,179.4
2026-03-22T20:22:40Z,182,232184,1793328,226.7,156.3
2026-03-22T20:22:41Z,183,232444,1793328,227.0,174.8
2026-03-22T20:22:42Z,184,232236,1793328,226.8,187.4
2026-03-22T20:22:43Z,185,232348,1793328,226.9,185.8
2026-03-22T20:22:44Z,186,232496,1793328,227.0,186.0
2026-03-22T20:22:45Z,187,232668,1793328,227.2,167.4
2026-03-22T20:22:46Z,188,232220,1793328,226.8,161.2
2026-03-22T20:22:48Z,189,230868,1793328,225.5,185.1
2026-03-22T20:22:49Z,190,231352,1793328,225.9,171.7
2026-03-22T20:22:50Z,191,232344,1793328,226.9,192.8
2026-03-22T20:22:51Z,192,232272,1793328,226.8,191.5
2026-03-22T20:22:52Z,193,232212,1795888,226.8,177.3
2026-03-22T20:22:53Z,194,231816,1795888,226.4,196.4
2026-03-22T20:22:54Z,195,232288,1795888,226.8,182.4
2026-03-22T20:22:55Z,196,331684,2058032,323.9,164.5
2026-03-22T20:22:56Z,197,331644,2058032,323.9,167.6
2026-03-22T20:22:57Z,198,331720,2058032,323.9,186.5
2026-03-22T20:22:58Z,199,331680,2058032,323.9,202.1
2026-03-22T20:22:59Z,200,332052,2058032,324.3,183.9
2026-03-22T20:23:00Z,201,331804,2058032,324.0,164.9
2026-03-22T20:23:01Z,202,331748,2058032,324.0,179.3
2026-03-22T20:23:02Z,203,331644,2058032,323.9,189.6
2026-03-22T20:23:04Z,204,332084,2058032,324.3,197.8
2026-03-22T20:23:05Z,205,332212,2058032,324.4,202.0
2026-03-22T20:23:06Z,206,332532,2058032,324.7,205.4
2026-03-22T20:23:07Z,207,331944,2058032,324.2,207.7
2026-03-22T20:23:08Z,208,332272,2058032,324.5,206.9
2026-03-22T20:23:09Z,209,332116,2058032,324.3,200.9
2026-03-22T20:23:10Z,210,332136,2058032,324.4,191.7
2026-03-22T20:23:11Z,211,331924,2058032,324.1,201.0
2026-03-22T20:23:12Z,212,331840,2058032,324.1,187.2
2026-03-22T20:23:13Z,213,331540,2058032,323.8,196.6
2026-03-22T20:23:14Z,214,331564,2058032,323.8,190.0
2026-03-22T20:23:15Z,215,331944,2058032,324.2,174.7
2026-03-22T20:23:16Z,216,331488,2058032,323.7,180.5
2026-03-22T20:23:17Z,217,330644,2058032,322.9,177.0
2026-03-22T20:23:19Z,218,331028,2058032,323.3,173.5
2026-03-22T20:23:20Z,219,331176,2058032,323.4,171.7
2026-03-22T20:23:21Z,220,331040,2058032,323.3,165.3
2026-03-22T20:23:22Z,221,331116,2058032,323.4,175.6
2026-03-22T20:23:23Z,222,330948,2058032,323.2,183.2
2026-03-22T20:23:24Z,223,331576,2058032,323.8,195.4
2026-03-22T20:23:25Z,224,331972,2058032,324.2,199.3
2026-03-22T20:23:26Z,225,331920,2058032,324.1,147.9
2026-03-22T20:23:27Z,226,330676,2058032,322.9,154.9
2026-03-22T20:23:28Z,227,331504,2058032,323.7,182.8
2026-03-22T20:23:29Z,228,331912,2058032,324.1,187.3
2026-03-22T20:23:30Z,229,332400,2058032,324.6,176.5
2026-03-22T20:23:31Z,230,332164,2058032,324.4,159.6
2026-03-22T20:23:32Z,231,332292,2058032,324.5,180.5
2026-03-22T20:23:34Z,232,332152,2058032,324.4,192.6
2026-03-22T20:23:35Z,233,332572,2058032,324.8,179.3
2026-03-22T20:23:36Z,234,332300,2058032,324.5,188.2
2026-03-22T20:23:37Z,235,332132,2058032,324.3,177.6
2026-03-22T20:23:38Z,236,332220,2058032,324.4,177.8
2026-03-22T20:23:39Z,237,331772,2058032,324.0,176.4
2026-03-22T20:23:40Z,238,331804,2058032,324.0,163.5
2026-03-22T20:23:41Z,239,331904,2058032,324.1,156.0
2026-03-22T20:23:42Z,240,331900,2058032,324.1,183.8
2026-03-22T20:23:43Z,241,332112,2058032,324.3,195.3
2026-03-22T20:23:44Z,242,332364,2058032,324.6,209.5
2026-03-22T20:23:45Z,243,330612,2058032,322.9,185.9
2026-03-22T20:23:46Z,244,330856,2058032,323.1,198.2
2026-03-22T20:23:47Z,245,331792,2058032,324.0,191.6
2026-03-22T20:23:49Z,246,332024,2058032,324.2,187.5
2026-03-22T20:23:50Z,247,331600,2058032,323.8,185.5
2026-03-22T20:23:51Z,248,331488,2058032,323.7,185.7
2026-03-22T20:23:52Z,249,330256,2058032,322.5,164.4
2026-03-22T20:23:53Z,250,330236,2058032,322.5,159.3
2026-03-22T20:23:54Z,251,330224,2058032,322.5,187.0
2026-03-22T20:23:55Z,252,330476,2058032,322.7,184.3
2026-03-22T20:23:56Z,253,330944,2058032,323.2,199.7
2026-03-22T20:23:57Z,254,331028,2058032,323.3,204.5
2026-03-22T20:23:58Z,255,331232,2058032,323.5,215.9
2026-03-22T20:23:59Z,256,330616,2058032,322.9,181.4
2026-03-22T20:24:00Z,257,330864,2058032,323.1,171.2
2026-03-22T20:24:01Z,258,331008,2058032,323.2,163.6
2026-03-22T20:24:02Z,259,331164,2058032,323.4,192.2
2026-03-22T20:24:04Z,260,331092,2058032,323.3,187.0
2026-03-22T20:24:05Z,261,330496,2058032,322.8,204.9
2026-03-22T20:24:06Z,262,330588,2058032,322.8,192.9
2026-03-22T20:24:07Z,263,331244,2058032,323.5,191.7
2026-03-22T20:24:08Z,264,331372,2058032,323.6,210.1
2026-03-22T20:24:09Z,265,331248,2058032,323.5,202.3
2026-03-22T20:24:10Z,266,330988,2058032,323.2,211.0
2026-03-22T20:24:11Z,267,331360,2058032,323.6,198.1
2026-03-22T20:24:12Z,268,331000,2058032,323.2,189.7
2026-03-22T20:24:13Z,269,330768,2058032,323.0,206.4
2026-03-22T20:24:14Z,270,330640,2058032,322.9,201.7
2026-03-22T20:24:15Z,271,330476,2058032,322.7,215.0
2026-03-22T20:24:16Z,272,330228,2058032,322.5,192.2
2026-03-22T20:24:17Z,273,330704,2058032,323.0,181.5
2026-03-22T20:24:18Z,274,330720,2058032,323.0,192.3
2026-03-22T20:24:20Z,275,330528,2058032,322.8,194.0
2026-03-22T20:24:21Z,276,330692,2058032,322.9,182.0
2026-03-22T20:24:22Z,277,331712,2058032,323.9,191.4
2026-03-22T20:24:23Z,278,331364,2058032,323.6,193.8
2026-03-22T20:24:24Z,279,331096,2058032,323.3,207.3
2026-03-22T20:24:25Z,280,331376,2058032,323.6,195.8
2026-03-22T20:24:26Z,281,331440,2058032,323.7,204.9
2026-03-22T20:24:27Z,282,331424,2058032,323.7,214.0
2026-03-22T20:24:28Z,283,331408,2058032,323.6,3.7
2026-03-22T20:24:29Z,284,331416,2058032,323.6,0.0
2026-03-22T20:24:30Z,285,284724,2058032,278.1,171.8
2026-03-22T20:24:31Z,286,285456,2058032,278.8,207.7
2026-03-22T20:24:32Z,287,284252,2058032,277.6,200.1
2026-03-22T20:24:33Z,288,282828,2058032,276.2,196.6
2026-03-22T20:24:35Z,289,282448,2058032,275.8,196.6
2026-03-22T20:24:36Z,290,282840,2058032,276.2,182.6
2026-03-22T20:24:37Z,291,281448,2058032,274.9,178.2
2026-03-22T20:24:38Z,292,280948,2060592,274.4,168.5
2026-03-22T20:24:39Z,293,280876,2060592,274.3,180.5
2026-03-22T20:24:40Z,294,281516,2060592,274.9,191.7
2026-03-22T20:24:41Z,295,281836,2060592,275.2,194.8
2026-03-22T20:24:42Z,296,282152,2060592,275.5,197.7
2026-03-22T20:24:43Z,297,282164,2060592,275.6,201.8
2026-03-22T20:24:44Z,298,282380,2060592,275.8,200.1
2026-03-22T20:24:45Z,299,282248,2060592,275.6,206.8
2026-03-22T20:24:46Z,300,281920,2060592,275.3,216.6
2026-03-22T20:24:47Z,301,281736,2060592,275.1,207.2
2026-03-22T20:24:48Z,302,282024,2060592,275.4,193.4
2026-03-22T20:24:50Z,303,282136,2060592,275.5,214.9
2026-03-22T20:24:51Z,304,281552,2060592,275.0,212.3
2026-03-22T20:24:52Z,305,281496,2060592,274.9,199.8
2026-03-22T20:24:53Z,306,281168,2060592,274.6,211.0
2026-03-22T20:24:54Z,307,281780,2060592,275.2,206.0
2026-03-22T20:24:55Z,308,281584,2060592,275.0,210.4
2026-03-22T20:24:56Z,309,281372,2060592,274.8,200.4
2026-03-22T20:24:57Z,310,281592,2060592,275.0,197.3
2026-03-22T20:24:58Z,311,281356,2060592,274.8,204.1
2026-03-22T20:24:59Z,312,281208,2060592,274.6,201.7
2026-03-22T20:25:00Z,313,281348,2060592,274.8,202.2
2026-03-22T20:25:01Z,314,281932,2060592,275.3,203.9
2026-03-22T20:25:02Z,315,282272,2060592,275.7,217.7
2026-03-22T20:25:03Z,316,282308,2060592,275.7,208.8
2026-03-22T20:25:05Z,317,282268,2060592,275.7,189.8
2026-03-22T20:25:06Z,318,281916,2060592,275.3,180.5
2026-03-22T20:25:07Z,319,282168,2060592,275.6,185.7
2026-03-22T20:25:08Z,320,282080,2060592,275.5,192.5
2026-03-22T20:25:09Z,321,479700,2584880,468.5,164.3
2026-03-22T20:25:10Z,322,480268,2584880,469.0,194.4
2026-03-22T20:25:11Z,323,480276,2584880,469.0,192.5
2026-03-22T20:25:12Z,324,480212,2584880,469.0,198.0
2026-03-22T20:25:13Z,325,480132,2584880,468.9,205.3
2026-03-22T20:25:14Z,326,480732,2584880,469.5,206.2
2026-03-22T20:25:15Z,327,480372,2584880,469.1,211.9
2026-03-22T20:25:16Z,328,480996,2584880,469.7,198.7
2026-03-22T20:25:17Z,329,481068,2584880,469.8,194.2
2026-03-22T20:25:18Z,330,480648,2584880,469.4,165.1
2026-03-22T20:25:19Z,331,480872,2584880,469.6,177.6
2026-03-22T20:25:21Z,332,480784,2584880,469.5,191.5
2026-03-22T20:25:22Z,333,480260,2584880,469.0,194.2
2026-03-22T20:25:23Z,334,479984,2584880,468.7,189.2
2026-03-22T20:25:24Z,335,480452,2584880,469.2,192.5
2026-03-22T20:25:25Z,336,480708,2584880,469.4,192.9
2026-03-22T20:25:26Z,337,480564,2584880,469.3,185.0
2026-03-22T20:25:27Z,338,480688,2584880,469.4,188.8
2026-03-22T20:25:28Z,339,480612,2584880,469.3,205.0
2026-03-22T20:25:29Z,340,480748,2584880,469.5,178.5
2026-03-22T20:25:30Z,341,480624,2584880,469.4,181.7
2026-03-22T20:25:31Z,342,480572,2584880,469.3,189.8
2026-03-22T20:25:32Z,343,480652,2584880,469.4,204.2
2026-03-22T20:25:33Z,344,480996,2584880,469.7,218.5
2026-03-22T20:25:34Z,345,480784,2584880,469.5,214.4
2026-03-22T20:25:36Z,346,480772,2584880,469.5,201.7
2026-03-22T20:25:37Z,347,479972,2584880,468.7,183.9
2026-03-22T20:25:38Z,348,479932,2584880,468.7,192.1
2026-03-22T20:25:39Z,349,479976,2584880,468.7,198.0
2026-03-22T20:25:40Z,350,480388,2584880,469.1,190.6
2026-03-22T20:25:41Z,351,480548,2584880,469.3,191.3
2026-03-22T20:25:42Z,352,480412,2584880,469.2,179.0
2026-03-22T20:25:43Z,353,480308,2584880,469.1,182.9
2026-03-22T20:25:44Z,354,480464,2584880,469.2,189.2
2026-03-22T20:25:45Z,355,479240,2584880,468.0,189.7
2026-03-22T20:25:46Z,356,479124,2584880,467.9,200.5
2026-03-22T20:25:47Z,357,479444,2584880,468.2,221.1
2026-03-22T20:25:48Z,358,479504,2584880,468.3,196.4
2026-03-22T20:25:49Z,359,480000,2584880,468.8,182.6
2026-03-22T20:25:51Z,360,480460,2584880,469.2,185.6
2026-03-22T20:25:52Z,361,480712,2584880,469.4,190.3
2026-03-22T20:25:53Z,362,480808,2584880,469.5,161.6
2026-03-22T20:25:54Z,363,480560,2584880,469.3,192.3
2026-03-22T20:25:55Z,364,480128,2584880,468.9,193.4
2026-03-22T20:25:56Z,365,480240,2584880,469.0,201.8
2026-03-22T20:25:57Z,366,480300,2584880,469.0,185.5
2026-03-22T20:25:58Z,367,480680,2584880,469.4,196.2
2026-03-22T20:25:59Z,368,480740,2584880,469.5,199.9
2026-03-22T20:26:00Z,369,479096,2584880,467.9,187.7
2026-03-22T20:26:01Z,370,480088,2584880,468.8,184.1
2026-03-22T20:26:02Z,371,480848,2584880,469.6,182.3
2026-03-22T20:26:03Z,372,480852,2584880,469.6,196.9
2026-03-22T20:26:04Z,373,481008,2584880,469.7,211.3
2026-03-22T20:26:06Z,374,481148,2584880,469.9,204.6
2026-03-22T20:26:07Z,375,481500,2584880,470.2,190.0
2026-03-22T20:26:08Z,376,481392,2584880,470.1,197.3
2026-03-22T20:26:09Z,377,480316,2584880,469.1,192.9
2026-03-22T20:26:10Z,378,480336,2584880,469.1,199.9
2026-03-22T20:26:11Z,379,480972,2584880,469.7,202.7
2026-03-22T20:26:12Z,380,481364,2584880,470.1,200.2
2026-03-22T20:26:13Z,381,480852,2584880,469.6,198.6
2026-03-22T20:26:14Z,382,480928,2584880,469.7,184.7
2026-03-22T20:26:15Z,383,480348,2584880,469.1,193.5
2026-03-22T20:26:16Z,384,479716,2584880,468.5,185.8
2026-03-22T20:26:17Z,385,479740,2584880,468.5,195.8
2026-03-22T20:26:18Z,386,479748,2584880,468.5,204.8
2026-03-22T20:26:19Z,387,479672,2584880,468.4,212.0
2026-03-22T20:26:20Z,388,479868,2584880,468.6,221.7
2026-03-22T20:26:22Z,389,480180,2584880,468.9,210.6
2026-03-22T20:26:23Z,390,479756,2584880,468.5,199.4
2026-03-22T20:26:24Z,391,480012,2584880,468.8,184.7
2026-03-22T20:26:25Z,392,480120,2584880,468.9,199.1
2026-03-22T20:26:26Z,393,480688,2584880,469.4,197.2
2026-03-22T20:26:27Z,394,481004,2584880,469.7,180.8
2026-03-22T20:26:28Z,395,480884,2584880,469.6,199.4
2026-03-22T20:26:29Z,396,480824,2584880,469.6,212.9
2026-03-22T20:26:30Z,397,481000,2584880,469.7,76.3
2026-03-22T20:26:31Z,398,481000,2584880,469.7,0.0
2026-03-22T20:26:32Z,399,476476,2584880,465.3,106.4
2026-03-22T20:26:33Z,400,477108,2584880,465.9,198.2
2026-03-22T20:26:34Z,401,475384,2584880,464.2,193.8
2026-03-22T20:26:35Z,402,475992,2584880,464.8,196.8
2026-03-22T20:26:37Z,403,475456,2584880,464.3,192.0
2026-03-22T20:26:38Z,404,475728,2584880,464.6,191.0
2026-03-22T20:26:39Z,405,475628,2584880,464.5,188.7
2026-03-22T20:26:40Z,406,475408,2587440,464.3,161.7
2026-03-22T20:26:41Z,407,475504,2587440,464.4,184.2
2026-03-22T20:26:42Z,408,475140,2587440,464.0,194.2
2026-03-22T20:26:43Z,409,475208,2587440,464.1,195.3
2026-03-22T20:26:44Z,410,475644,2587440,464.5,213.2
2026-03-22T20:26:45Z,411,475896,2587440,464.7,214.2
2026-03-22T20:26:46Z,412,475740,2587440,464.6,211.9
2026-03-22T20:26:47Z,413,476200,2587440,465.0,198.4
2026-03-22T20:26:48Z,414,475588,2587440,464.4,196.1
2026-03-22T20:26:49Z,415,475964,2587440,464.8,199.8
2026-03-22T20:26:50Z,416,476028,2587440,464.9,210.5
2026-03-22T20:26:52Z,417,476456,2587440,465.3,218.1
2026-03-22T20:26:53Z,418,476880,2587440,465.7,225.7
2026-03-22T20:26:54Z,419,476780,2587440,465.6,197.8
2026-03-22T20:26:55Z,420,476236,2587440,465.1,192.6
2026-03-22T20:26:56Z,421,476004,2587440,464.8,175.1
2026-03-22T20:26:57Z,422,476168,2587440,465.0,177.6
2026-03-22T20:26:58Z,423,476168,2587440,465.0,187.0
2026-03-22T20:26:59Z,424,476372,2587440,465.2,197.4
2026-03-22T20:27:00Z,425,475924,2587440,464.8,191.6
2026-03-22T20:27:01Z,426,475664,2587440,464.5,186.2
2026-03-22T20:27:02Z,427,476176,2587440,465.0,170.0
2026-03-22T20:27:03Z,428,476120,2587440,465.0,191.1
2026-03-22T20:27:04Z,429,476420,2587440,465.3,198.1
2026-03-22T20:27:05Z,430,476676,2587440,465.5,198.0
2026-03-22T20:27:06Z,431,476216,2587440,465.1,184.6
2026-03-22T20:27:08Z,432,476780,2587440,465.6,199.4
2026-03-22T20:27:09Z,433,476092,2587440,464.9,213.2
2026-03-22T20:27:10Z,434,476968,2587440,465.8,199.5
2026-03-22T20:27:11Z,435,475956,2587440,464.8,190.6
2026-03-22T20:27:12Z,436,476788,2587440,465.6,177.4
2026-03-22T20:27:13Z,437,477532,2587440,466.3,190.8
2026-03-22T20:27:14Z,438,477624,2587440,466.4,202.6
2026-03-22T20:27:15Z,439,477360,2587440,466.2,215.6
2026-03-22T20:27:16Z,440,477612,2587440,466.4,197.0
2026-03-22T20:27:17Z,441,476428,2587440,465.3,175.8
2026-03-22T20:27:18Z,442,476860,2587440,465.7,188.0
2026-03-22T20:27:19Z,443,477200,2587440,466.0,182.1
2026-03-22T20:27:20Z,444,477132,2587440,465.9,191.7
2026-03-22T20:27:21Z,445,476796,2587440,465.6,179.1
2026-03-22T20:27:23Z,446,476996,2587440,465.8,189.8
2026-03-22T20:27:24Z,447,477324,2587440,466.1,198.3
2026-03-22T20:27:25Z,448,476988,2587440,465.8,213.9
2026-03-22T20:27:26Z,449,476712,2587440,465.5,195.3
2026-03-22T20:27:27Z,450,476168,2587440,465.0,174.5
2026-03-22T20:27:28Z,451,476660,2587440,465.5,188.0
2026-03-22T20:27:29Z,452,476780,2587440,465.6,202.3
2026-03-22T20:27:30Z,453,476672,2587440,465.5,191.2
2026-03-22T20:27:31Z,454,476960,2587440,465.8,198.3
2026-03-22T20:27:32Z,455,477396,2587440,466.2,201.8
2026-03-22T20:27:33Z,456,477204,2587440,466.0,192.8
2026-03-22T20:27:34Z,457,477112,2587440,465.9,191.3
2026-03-22T20:27:35Z,458,476948,2587440,465.8,208.5
2026-03-22T20:27:36Z,459,476828,2587440,465.7,210.4
2026-03-22T20:27:38Z,460,476188,2587440,465.0,190.1
2026-03-22T20:27:39Z,461,476280,2587440,465.1,183.2
2026-03-22T20:27:40Z,462,476676,2587440,465.5,190.6
2026-03-22T20:27:41Z,463,475808,2587440,464.7,184.0
2026-03-22T20:27:42Z,464,476680,2587440,465.5,176.1
2026-03-22T20:27:43Z,465,476384,2587440,465.2,195.7
2026-03-22T20:27:44Z,466,476256,2587440,465.1,200.7
2026-03-22T20:27:45Z,467,476412,2587440,465.2,207.3
2026-03-22T20:27:46Z,468,476544,2587440,465.4,199.1
2026-03-22T20:27:47Z,469,476244,2587440,465.1,179.1
2026-03-22T20:27:48Z,470,476828,2587440,465.7,187.7
2026-03-22T20:27:49Z,471,476484,2587440,465.3,182.9
2026-03-22T20:27:50Z,472,476640,2587440,465.5,190.9
2026-03-22T20:27:51Z,473,476400,2587440,465.2,184.3
2026-03-22T20:27:53Z,474,476468,2587440,465.3,200.2
2026-03-22T20:27:54Z,475,476184,2587440,465.0,197.1
2026-03-22T20:27:55Z,476,476392,2587440,465.2,178.5
2026-03-22T20:27:56Z,477,476548,2587440,465.4,154.5
2026-03-22T20:27:57Z,478,476580,2587440,465.4,131.6
2026-03-22T20:27:58Z,479,475812,2587440,464.7,43.9
2026-03-22T20:27:59Z,480,474188,2587440,463.1,60.7
2026-03-22T20:28:00Z,481,473800,2587440,462.7,165.7
2026-03-22T20:28:01Z,482,474472,2587440,463.4,182.3
2026-03-22T20:28:02Z,483,474760,2587440,463.6,194.5
2026-03-22T20:28:03Z,484,474888,2587440,463.8,199.4
2026-03-22T20:28:04Z,485,475624,2587440,464.5,220.0
2026-03-22T20:28:05Z,486,475820,2587440,464.7,225.2
2026-03-22T20:28:06Z,487,475548,2587440,464.4,168.2
2026-03-22T20:28:07Z,488,475604,2587440,464.5,210.7
2026-03-22T20:28:09Z,489,475748,2587440,464.6,211.1
2026-03-22T20:28:10Z,490,475252,2587440,464.1,224.4
2026-03-22T20:28:11Z,491,474928,2587440,463.8,213.9
2026-03-22T20:28:12Z,492,475188,2587440,464.1,210.0
2026-03-22T20:28:13Z,493,474580,2587440,463.5,201.8
2026-03-22T20:28:14Z,494,475260,2587440,464.1,213.9
2026-03-22T20:28:15Z,495,475148,2587440,464.0,196.1
2026-03-22T20:28:16Z,496,475312,2587440,464.2,196.3
2026-03-22T20:28:17Z,497,475528,2587440,464.4,198.6
2026-03-22T20:28:18Z,498,474912,2587440,463.8,202.0
2026-03-22T20:28:19Z,499,474972,2587440,463.8,203.2
2026-03-22T20:28:20Z,500,475276,2587440,464.1,208.4
2026-03-22T20:28:21Z,501,475128,2587440,464.0,190.7
2026-03-22T20:28:22Z,502,475412,2587440,464.3,187.0
2026-03-22T20:28:24Z,503,475452,2587440,464.3,183.6
2026-03-22T20:28:25Z,504,475156,2587440,464.0,184.2
2026-03-22T20:28:26Z,505,475600,2587440,464.5,199.5
2026-03-22T20:28:27Z,506,473708,2587440,462.6,181.3
2026-03-22T20:28:28Z,507,474112,2587440,463.0,181.9
2026-03-22T20:28:29Z,508,474488,2587440,463.4,176.6
2026-03-22T20:28:30Z,509,474860,2587440,463.7,195.6
2026-03-22T20:28:31Z,510,474956,2587440,463.8,206.0
2026-03-22T20:28:32Z,511,474824,2587440,463.7,132.1
2026-03-22T20:28:33Z,512,474824,2587440,463.7,0.0
2026-03-22T20:28:34Z,513,474620,2587440,463.5,35.5
2026-03-22T20:28:35Z,514,476336,2587440,465.2,196.0
2026-03-22T20:28:36Z,515,476920,2587440,465.7,196.6
2026-03-22T20:28:37Z,516,476884,2587440,465.7,186.1
2026-03-22T20:28:39Z,517,476192,2587440,465.0,183.7
2026-03-22T20:28:40Z,518,475836,2587440,464.7,194.1
2026-03-22T20:28:41Z,519,476084,2587440,464.9,205.8
2026-03-22T20:28:42Z,520,475384,2587440,464.2,212.3
2026-03-22T20:28:43Z,521,475140,2587440,464.0,219.4
2026-03-22T20:28:44Z,522,475068,2587440,463.9,203.3
2026-03-22T20:28:45Z,523,474396,2587440,463.3,186.8
2026-03-22T20:28:46Z,524,475664,2587440,464.5,187.4
2026-03-22T20:28:47Z,525,475500,2587440,464.4,177.7
2026-03-22T20:28:48Z,526,475288,2587440,464.1,201.2
2026-03-22T20:28:49Z,527,474484,2587440,463.4,181.6
2026-03-22T20:28:50Z,528,474604,2587440,463.5,217.7
2026-03-22T20:28:51Z,529,475268,2587440,464.1,209.0
2026-03-22T20:28:52Z,530,475400,2587440,464.3,206.2
2026-03-22T20:28:54Z,531,475588,2587440,464.4,194.2
2026-03-22T20:28:55Z,532,475668,2587440,464.5,175.9
2026-03-22T20:28:56Z,533,475588,2587440,464.4,171.0
2026-03-22T20:28:57Z,534,475476,2587440,464.3,159.7
2026-03-22T20:28:58Z,535,475808,2587440,464.7,191.9
2026-03-22T20:28:59Z,536,475664,2587440,464.5,203.6
2026-03-22T20:29:00Z,537,475996,2587440,464.8,201.7
2026-03-22T20:29:01Z,538,475820,2587440,464.7,166.8
2026-03-22T20:29:02Z,539,475864,2587440,464.7,180.0
2026-03-22T20:29:03Z,540,475972,2587440,464.8,183.2
2026-03-22T20:29:04Z,541,476512,2587440,465.3,201.8
2026-03-22T20:29:05Z,542,476304,2587440,465.1,185.8
2026-03-22T20:29:06Z,543,476040,2587440,464.9,185.7
2026-03-22T20:29:07Z,544,476496,2587440,465.3,189.1
2026-03-22T20:29:09Z,545,476952,2587440,465.8,197.2
2026-03-22T20:29:10Z,546,476840,2587440,465.7,195.4
2026-03-22T20:29:11Z,547,476744,2587440,465.6,206.7
2026-03-22T20:29:12Z,548,476352,2587440,465.2,213.5
2026-03-22T20:29:13Z,549,476244,2587440,465.1,198.8
2026-03-22T20:29:14Z,550,475280,2587440,464.1,205.0
2026-03-22T20:29:15Z,551,475584,2587440,464.4,216.8
2026-03-22T20:29:16Z,552,475576,2587440,464.4,215.3
2026-03-22T20:29:17Z,553,475052,2587440,463.9,198.0
2026-03-22T20:29:18Z,554,474944,2587440,463.8,191.8
2026-03-22T20:29:19Z,555,474804,2587440,463.7,184.5
2026-03-22T20:29:20Z,556,475080,2587440,463.9,193.9
2026-03-22T20:29:21Z,557,475536,2587440,464.4,208.5
2026-03-22T20:29:22Z,558,476092,2587440,464.9,201.3
2026-03-22T20:29:23Z,559,476140,2587440,465.0,201.3
2026-03-22T20:29:25Z,560,476404,2587440,465.2,197.0
2026-03-22T20:29:26Z,561,475756,2587440,464.6,189.5
2026-03-22T20:29:27Z,562,475620,2587440,464.5,184.2
2026-03-22T20:29:28Z,563,475724,2587440,464.6,191.8
2026-03-22T20:29:29Z,564,475580,2587440,464.4,203.9
2026-03-22T20:29:30Z,565,475356,2587440,464.2,193.3
2026-03-22T20:29:31Z,566,475624,2587440,464.5,196.2
2026-03-22T20:29:32Z,567,475548,2587440,464.4,196.4
2026-03-22T20:29:33Z,568,475188,2587440,464.1,184.0
2026-03-22T20:29:34Z,569,475660,2587440,464.5,190.3
2026-03-22T20:29:35Z,570,475328,2587440,464.2,181.5
2026-03-22T20:29:36Z,571,475432,2587440,464.3,178.5
2026-03-22T20:29:37Z,572,475512,2587440,464.4,193.3
2026-03-22T20:29:38Z,573,476012,2587440,464.9,203.6
2026-03-22T20:29:40Z,574,872224,3642160,851.8,161.6
2026-03-22T20:29:41Z,575,872404,3642160,852.0,207.8
2026-03-22T20:29:42Z,576,872544,3642160,852.1,208.1
2026-03-22T20:29:43Z,577,872636,3642160,852.2,194.1
2026-03-22T20:29:44Z,578,872564,3642160,852.1,189.4
2026-03-22T20:29:45Z,579,872964,3642160,852.5,197.4
2026-03-22T20:29:46Z,580,872284,3642160,851.8,188.9
2026-03-22T20:29:47Z,581,872872,3642160,852.4,196.5
2026-03-22T20:29:48Z,582,873300,3642160,852.8,195.6
2026-03-22T20:29:49Z,583,873436,3642160,853.0,183.8
2026-03-22T20:29:50Z,584,873476,3642160,853.0,178.3
2026-03-22T20:29:51Z,585,873508,3642160,853.0,168.3
2026-03-22T20:29:52Z,586,872984,3642160,852.5,179.9
2026-03-22T20:29:53Z,587,873124,3642160,852.7,188.2
2026-03-22T20:29:55Z,588,873148,3642160,852.7,205.0
2026-03-22T20:29:56Z,589,872992,3642160,852.5,191.6
2026-03-22T20:29:57Z,590,873300,3642160,852.8,200.0
2026-03-22T20:29:58Z,591,873332,3642160,852.9,203.3
2026-03-22T20:29:59Z,592,873132,3642160,852.7,211.8
2026-03-22T20:30:00Z,593,872988,3642160,852.5,189.9
2026-03-22T20:30:01Z,594,872312,3642160,851.9,187.5
2026-03-22T20:30:02Z,595,872712,3642160,852.3,179.0
2026-03-22T20:30:03Z,596,872728,3642160,852.3,184.6
2026-03-22T20:30:04Z,597,872960,3642160,852.5,179.3
2026-03-22T20:30:05Z,598,872928,3642160,852.5,174.7
2026-03-22T20:30:06Z,599,872844,3642160,852.4,158.1
2026-03-22T20:30:07Z,600,873012,3642160,852.6,177.7
2026-03-22T20:30:08Z,601,872792,3642160,852.3,186.8
2026-03-22T20:30:10Z,602,873016,3642160,852.6,187.5
2026-03-22T20:30:11Z,603,873240,3642160,852.8,189.1
2026-03-22T20:30:12Z,604,872508,3642160,852.1,183.5
2026-03-22T20:30:13Z,605,872620,3642160,852.2,176.2
2026-03-22T20:30:14Z,606,872444,3642160,852.0,192.6
2026-03-22T20:30:15Z,607,872780,3642160,852.3,197.1
2026-03-22T20:30:16Z,608,872416,3642160,852.0,189.7
2026-03-22T20:30:17Z,609,872364,3642160,851.9,187.8
2026-03-22T20:30:18Z,610,872540,3642160,852.1,198.0
2026-03-22T20:30:19Z,611,872324,3642160,851.9,188.6
2026-03-22T20:30:20Z,612,872276,3642160,851.8,190.9
2026-03-22T20:30:21Z,613,872740,3642160,852.3,196.1
2026-03-22T20:30:22Z,614,873268,3642160,852.8,193.8
2026-03-22T20:30:23Z,615,872848,3642160,852.4,188.1
2026-03-22T20:30:24Z,616,872848,3642160,852.4,189.8
2026-03-22T20:30:26Z,617,872936,3642160,852.5,189.2
2026-03-22T20:30:27Z,618,872816,3642160,852.4,202.3
2026-03-22T20:30:28Z,619,873080,3642160,852.6,197.0
2026-03-22T20:30:29Z,620,872588,3642160,852.1,206.2
2026-03-22T20:30:30Z,621,872896,3642160,852.4,193.0
2026-03-22T20:30:31Z,622,871544,3642160,851.1,197.9
2026-03-22T20:30:32Z,623,871640,3642160,851.2,192.8
2026-03-22T20:30:33Z,624,872264,3642160,851.8,211.8
2026-03-22T20:30:34Z,625,872332,3642160,851.9,206.3
2026-03-22T20:30:35Z,626,872324,3642160,851.9,1.9
2026-03-22T20:30:36Z,627,872336,3642160,851.9,0.0
2026-03-22T20:30:37Z,628,874604,3648816,854.1,165.8
2026-03-22T20:30:38Z,629,876092,3648816,855.6,202.9
2026-03-22T20:30:39Z,630,876624,3648816,856.1,211.7
2026-03-22T20:30:41Z,631,876332,3648816,855.8,212.4
2026-03-22T20:30:42Z,632,874908,3648816,854.4,162.8
2026-03-22T20:30:43Z,633,873688,3648816,853.2,188.0
2026-03-22T20:30:44Z,634,873468,3648816,853.0,201.1
2026-03-22T20:30:45Z,635,873260,3648816,852.8,188.9
2026-03-22T20:30:46Z,636,872764,3648816,852.3,202.9
2026-03-22T20:30:47Z,637,873380,3648816,852.9,196.7
2026-03-22T20:30:48Z,638,873684,3648816,853.2,192.2
2026-03-22T20:30:49Z,639,873652,3648816,853.2,193.3
2026-03-22T20:30:50Z,640,873164,3648816,852.7,193.8
2026-03-22T20:30:51Z,641,873948,3648816,853.5,204.8
2026-03-22T20:30:52Z,642,873320,3648816,852.9,189.3
2026-03-22T20:30:53Z,643,873496,3648816,853.0,167.9
2026-03-22T20:30:54Z,644,873108,3648816,852.6,147.0
2026-03-22T20:30:56Z,645,873056,3648816,852.6,148.7
2026-03-22T20:30:57Z,646,872768,3648816,852.3,86.8
2026-03-22T20:30:58Z,647,871124,3648816,850.7,42.0
2026-03-22T20:30:59Z,648,870904,3648816,850.5,63.5
2026-03-22T20:31:00Z,649,871588,3648816,851.2,126.9
2026-03-22T20:31:01Z,650,872408,3648816,852.0,155.3
2026-03-22T20:31:02Z,651,873308,3648816,852.8,183.9
2026-03-22T20:31:03Z,652,873508,3648816,853.0,178.2
2026-03-22T20:31:04Z,653,873348,3648816,852.9,166.2
2026-03-22T20:31:05Z,654,872960,3648816,852.5,168.1
2026-03-22T20:31:06Z,655,873132,3648816,852.7,192.7
2026-03-22T20:31:07Z,656,873140,3648816,852.7,186.2
2026-03-22T20:31:08Z,657,872828,3648816,852.4,188.1
2026-03-22T20:31:09Z,658,872816,3648816,852.4,194.4
2026-03-22T20:31:10Z,659,873068,3648816,852.6,193.0
2026-03-22T20:31:12Z,660,872648,3648816,852.2,181.6
2026-03-22T20:31:13Z,661,872900,3648816,852.4,178.3
2026-03-22T20:31:14Z,662,873508,3648816,853.0,184.6
2026-03-22T20:31:15Z,663,873636,3648816,853.2,177.9
2026-03-22T20:31:16Z,664,872284,3648816,851.8,162.6
2026-03-22T20:31:17Z,665,872760,3648816,852.3,158.9
2026-03-22T20:31:18Z,666,873300,3648816,852.8,154.1
2026-03-22T20:31:19Z,667,873184,3648816,852.7,173.8
2026-03-22T20:31:20Z,668,873420,3648816,852.9,165.1
2026-03-22T20:31:21Z,669,873512,3648816,853.0,172.7
2026-03-22T20:31:22Z,670,873432,3648816,853.0,145.8
2026-03-22T20:31:23Z,671,873508,3648816,853.0,164.5
2026-03-22T20:31:24Z,672,873448,3648816,853.0,147.2
2026-03-22T20:31:25Z,673,873564,3648816,853.1,162.9
2026-03-22T20:31:27Z,674,873692,3648816,853.2,180.4
2026-03-22T20:31:28Z,675,873428,3648816,853.0,192.5
2026-03-22T20:31:29Z,676,873692,3648816,853.2,177.9
2026-03-22T20:31:30Z,677,873720,3648816,853.2,186.0
2026-03-22T20:31:31Z,678,873624,3648816,853.1,179.9
2026-03-22T20:31:32Z,679,873728,3648816,853.2,172.6
2026-03-22T20:31:33Z,680,873644,3648816,853.2,194.4
2026-03-22T20:31:34Z,681,873612,3648816,853.1,201.7
2026-03-22T20:31:35Z,682,873316,3648816,852.8,193.3
2026-03-22T20:31:36Z,683,872904,3648816,852.4,196.8
2026-03-22T20:31:37Z,684,873124,3648816,852.7,200.7
2026-03-22T20:31:38Z,685,873436,3648816,853.0,204.8
2026-03-22T20:31:39Z,686,873488,3648816,853.0,212.6
2026-03-22T20:31:40Z,687,874076,3648816,853.6,220.0
2026-03-22T20:31:42Z,688,873508,3648816,853.0,203.8
2026-03-22T20:31:43Z,689,874000,3648816,853.5,197.5
2026-03-22T20:31:44Z,690,874224,3648816,853.7,186.5
2026-03-22T20:31:45Z,691,873804,3648816,853.3,182.8
2026-03-22T20:31:46Z,692,871912,3648816,851.5,176.5
2026-03-22T20:31:47Z,693,872320,3648816,851.9,181.9
2026-03-22T20:31:48Z,694,872744,3648816,852.3,163.1
2026-03-22T20:31:49Z,695,872932,3648816,852.5,169.1
2026-03-22T20:31:50Z,696,872944,3648816,852.5,167.1
2026-03-22T20:31:51Z,697,873076,3648816,852.6,149.4
2026-03-22T20:31:52Z,698,873132,3648816,852.7,187.6
2026-03-22T20:31:53Z,699,873188,3648816,852.7,175.9
2026-03-22T20:31:54Z,700,873128,3648816,852.7,168.2
2026-03-22T20:31:55Z,701,872664,3648816,852.2,167.4
2026-03-22T20:31:57Z,702,872528,3648816,852.1,167.3
2026-03-22T20:31:58Z,703,872624,3648816,852.2,183.1
2026-03-22T20:31:59Z,704,872420,3648816,852.0,198.3
2026-03-22T20:32:00Z,705,872716,3648816,852.3,171.0
2026-03-22T20:32:01Z,706,872584,3648816,852.1,186.3
2026-03-22T20:32:02Z,707,872428,3648816,852.0,189.4
2026-03-22T20:32:03Z,708,872624,3648816,852.2,196.4
2026-03-22T20:32:04Z,709,872252,3648816,851.8,185.1
2026-03-22T20:32:05Z,710,872492,3648816,852.0,163.6
2026-03-22T20:32:06Z,711,872504,3648816,852.1,174.0
2026-03-22T20:32:07Z,712,872912,3648816,852.5,189.4
2026-03-22T20:32:08Z,713,872304,3648816,851.9,187.5
2026-03-22T20:32:09Z,714,872548,3648816,852.1,174.2
2026-03-22T20:32:10Z,715,872596,3648816,852.1,199.8
2026-03-22T20:32:11Z,716,872500,3648816,852.1,182.7
2026-03-22T20:32:13Z,717,872500,3648816,852.1,176.4
2026-03-22T20:32:14Z,718,872468,3648816,852.0,168.2
2026-03-22T20:32:15Z,719,872436,3648816,852.0,181.0
2026-03-22T20:32:16Z,720,871984,3648816,851.5,189.9
2026-03-22T20:32:17Z,721,872428,3648816,852.0,149.1
2026-03-22T20:32:18Z,722,873044,3648816,852.6,166.4
2026-03-22T20:32:19Z,723,872400,3648816,852.0,125.8
2026-03-22T20:32:20Z,724,872576,3648816,852.1,176.5
2026-03-22T20:32:21Z,725,873108,3648816,852.6,175.6
2026-03-22T20:32:22Z,726,873120,3648816,852.7,195.7
2026-03-22T20:32:23Z,727,873000,3648816,852.5,163.6
2026-03-22T20:32:24Z,728,872924,3648816,852.5,153.1
2026-03-22T20:32:25Z,729,873536,3648816,853.1,151.5
2026-03-22T20:32:26Z,730,873472,3648816,853.0,158.2
2026-03-22T20:32:28Z,731,873692,3648816,853.2,179.5
2026-03-22T20:32:29Z,732,873628,3648816,853.2,177.2
2026-03-22T20:32:30Z,733,874236,3648816,853.7,166.6
2026-03-22T20:32:31Z,734,874104,3648816,853.6,156.7
2026-03-22T20:32:32Z,735,874364,3648816,853.9,177.0
2026-03-22T20:32:33Z,736,873968,3648816,853.5,153.3
2026-03-22T20:32:34Z,737,873936,3648816,853.5,180.3
2026-03-22T20:32:35Z,738,873608,3648816,853.1,175.6
2026-03-22T20:32:36Z,739,873216,3648816,852.8,186.5
2026-03-22T20:32:37Z,740,873004,3648816,852.5,66.1
2026-03-22T20:32:38Z,741,873004,3648816,852.5,0.0
2026-03-22T20:32:39Z,742,874688,3648816,854.2,84.9
2026-03-22T20:32:40Z,743,875828,3648816,855.3,176.0
2026-03-22T20:32:41Z,744,876100,3648816,855.6,186.8
2026-03-22T20:32:43Z,745,876624,3648816,856.1,184.1
2026-03-22T20:32:44Z,746,875456,3648816,854.9,181.7
2026-03-22T20:32:45Z,747,874492,3648816,854.0,176.3
2026-03-22T20:32:46Z,748,874384,3648816,853.9,192.4
2026-03-22T20:32:47Z,749,873916,3648816,853.4,183.1
2026-03-22T20:32:48Z,750,874012,3648816,853.5,194.8
2026-03-22T20:32:49Z,751,873712,3648816,853.2,186.8
2026-03-22T20:32:50Z,752,873064,3648816,852.6,153.1
2026-03-22T20:32:51Z,753,872812,3648816,852.4,172.5
2026-03-22T20:32:52Z,754,873028,3648816,852.6,175.2
2026-03-22T20:32:53Z,755,872504,3648816,852.1,180.1
2026-03-22T20:32:54Z,756,873020,3648816,852.6,187.0
2026-03-22T20:32:55Z,757,872788,3648816,852.3,196.9
2026-03-22T20:32:56Z,758,872928,3648816,852.5,185.0
2026-03-22T20:32:58Z,759,873128,3648816,852.7,178.4
2026-03-22T20:32:59Z,760,873148,3648816,852.7,196.8
2026-03-22T20:33:00Z,761,872736,3648816,852.3,167.2
2026-03-22T20:33:01Z,762,873416,3648816,852.9,189.3
2026-03-22T20:33:02Z,763,873128,3648816,852.7,160.2
2026-03-22T20:33:03Z,764,873188,3648816,852.7,174.4
2026-03-22T20:33:04Z,765,873060,3648816,852.6,169.1
2026-03-22T20:33:05Z,766,873372,3648816,852.9,170.0
2026-03-22T20:33:06Z,767,873104,3648816,852.6,171.0
2026-03-22T20:33:07Z,768,873400,3648816,852.9,182.0
2026-03-22T20:33:08Z,769,872936,3648816,852.5,151.3
2026-03-22T20:33:09Z,770,873376,3648816,852.9,130.2
2026-03-22T20:33:10Z,771,873264,3648816,852.8,180.4
2026-03-22T20:33:11Z,772,873292,3648816,852.8,185.4
2026-03-22T20:33:13Z,773,873748,3648816,853.3,166.3
2026-03-22T20:33:14Z,774,873224,3648816,852.8,185.1
2026-03-22T20:33:15Z,775,873232,3648816,852.8,182.0
2026-03-22T20:33:16Z,776,873324,3648816,852.9,162.3
2026-03-22T20:33:17Z,777,873204,3648816,852.7,167.9
2026-03-22T20:33:18Z,778,873212,3648816,852.7,193.9
2026-03-22T20:33:19Z,779,873388,3648816,852.9,198.1
2026-03-22T20:33:20Z,780,873140,3648816,852.7,187.8
2026-03-22T20:33:21Z,781,873708,3648816,853.2,184.5
2026-03-22T20:33:22Z,782,873684,3648816,853.2,179.1
2026-03-22T20:33:23Z,783,873720,3648816,853.2,184.2
2026-03-22T20:33:24Z,784,873776,3648816,853.3,180.2
2026-03-22T20:33:25Z,785,873684,3648816,853.2,178.9
2026-03-22T20:33:26Z,786,873584,3648816,853.1,167.3
2026-03-22T20:33:28Z,787,873552,3648816,853.1,190.6
2026-03-22T20:33:29Z,788,874072,3648816,853.6,202.2
2026-03-22T20:33:30Z,789,874008,3648816,853.5,195.9
2026-03-22T20:33:31Z,790,874272,3648816,853.8,188.7
2026-03-22T20:33:32Z,791,874464,3648816,854.0,185.9
2026-03-22T20:33:33Z,792,874360,3648816,853.9,188.8
2026-03-22T20:33:34Z,793,873852,3648816,853.4,185.4
2026-03-22T20:33:35Z,794,873700,3648816,853.2,186.6
2026-03-22T20:33:36Z,795,873412,3648816,852.9,174.7
2026-03-22T20:33:37Z,796,873784,3648816,853.3,163.2
2026-03-22T20:33:38Z,797,874224,3648816,853.7,168.5
2026-03-22T20:33:39Z,798,873976,3648816,853.5,166.9
2026-03-22T20:33:40Z,799,873804,3648816,853.3,180.3
2026-03-22T20:33:41Z,800,874236,3648816,853.7,174.3
2026-03-22T20:33:43Z,801,874584,3648816,854.1,174.6
2026-03-22T20:33:44Z,802,874036,3648816,853.6,156.9
2026-03-22T20:33:45Z,803,874068,3648816,853.6,170.3
2026-03-22T20:33:46Z,804,873880,3648816,853.4,155.9
2026-03-22T20:33:47Z,805,873980,3648816,853.5,170.8
2026-03-22T20:33:48Z,806,874064,3648816,853.6,167.7
2026-03-22T20:33:49Z,807,874336,3648816,853.8,162.3
2026-03-22T20:33:50Z,808,875056,3648816,854.5,168.3
2026-03-22T20:33:51Z,809,874936,3648816,854.4,168.7
2026-03-22T20:33:52Z,810,874784,3648816,854.3,167.0
2026-03-22T20:33:53Z,811,873352,3648816,852.9,192.1
2026-03-22T20:33:54Z,812,873552,3648816,853.1,184.8
2026-03-22T20:33:55Z,813,873612,3648816,853.1,202.6
2026-03-22T20:33:56Z,814,873696,3648816,853.2,185.8
2026-03-22T20:33:58Z,815,873844,3648816,853.4,189.0
2026-03-22T20:33:59Z,816,873388,3648816,852.9,193.4
2026-03-22T20:34:00Z,817,873492,3648816,853.0,197.6
2026-03-22T20:34:01Z,818,873440,3648816,853.0,202.9
2026-03-22T20:34:02Z,819,873604,3648816,853.1,213.7
2026-03-22T20:34:03Z,820,873772,3648816,853.3,210.2
2026-03-22T20:34:04Z,821,873324,3648816,852.9,181.1
2026-03-22T20:34:05Z,822,873196,3648816,852.7,194.6
2026-03-22T20:34:06Z,823,873780,3648816,853.3,175.4
2026-03-22T20:34:07Z,824,874416,3648816,853.9,194.1
2026-03-22T20:34:08Z,825,874416,3648816,853.9,210.8
2026-03-22T20:34:09Z,826,874164,3648816,853.7,221.6
2026-03-22T20:34:10Z,827,874596,3648816,854.1,217.3
2026-03-22T20:34:11Z,828,874184,3648816,853.7,211.2
2026-03-22T20:34:12Z,829,874048,3648816,853.6,180.7
2026-03-22T20:34:14Z,830,873740,3648816,853.3,189.0
2026-03-22T20:34:15Z,831,873396,3648816,852.9,183.2
2026-03-22T20:34:16Z,832,873696,3648816,853.2,196.1
2026-03-22T20:34:17Z,833,873648,3648816,853.2,200.3
2026-03-22T20:34:18Z,834,874120,3648816,853.6,215.0
2026-03-22T20:34:19Z,835,873952,3648816,853.5,189.7
2026-03-22T20:34:20Z,836,873644,3648816,853.2,200.2
2026-03-22T20:34:21Z,837,873796,3648816,853.3,180.9
2026-03-22T20:34:22Z,838,874240,3648816,853.8,183.3
2026-03-22T20:34:23Z,839,874840,3648816,854.3,181.9
2026-03-22T20:34:24Z,840,874692,3648816,854.2,183.6
2026-03-22T20:34:25Z,841,874532,3648816,854.0,174.9
2026-03-22T20:34:26Z,842,874636,3648816,854.1,178.6
2026-03-22T20:34:27Z,843,874208,3648816,853.7,195.6
2026-03-22T20:34:29Z,844,874000,3648816,853.5,178.5
2026-03-22T20:34:30Z,845,872888,3648816,852.4,199.1
2026-03-22T20:34:31Z,846,873516,3648816,853.0,198.5
2026-03-22T20:34:32Z,847,873328,3648816,852.9,176.7
2026-03-22T20:34:33Z,848,873904,3648816,853.4,166.1
2026-03-22T20:34:34Z,849,874020,3648816,853.5,182.8
2026-03-22T20:34:35Z,850,874036,3648816,853.6,185.8
2026-03-22T20:34:36Z,851,874492,3648816,854.0,175.7
2026-03-22T20:34:37Z,852,874404,3648816,853.9,186.7
2026-03-22T20:34:38Z,853,873900,3648816,853.4,182.4
2026-03-22T20:34:39Z,854,874372,3648816,853.9,112.8
2026-03-22T20:34:40Z,855,874372,3648816,853.9,0.0
2026-03-22T20:34:41Z,856,873964,3648816,853.5,36.4
2026-03-22T20:34:42Z,857,874712,3648816,854.2,189.8
2026-03-22T20:34:44Z,858,875956,3648816,855.4,173.2
2026-03-22T20:34:45Z,859,876608,3648816,856.1,186.3
2026-03-22T20:34:46Z,860,876568,3648816,856.0,156.2
2026-03-22T20:34:47Z,861,876108,3648816,855.6,173.0
2026-03-22T20:34:48Z,862,876196,3648816,855.7,155.8
2026-03-22T20:34:49Z,863,876380,3648816,855.8,187.2
2026-03-22T20:34:50Z,864,875704,3648816,855.2,186.5
2026-03-22T20:34:51Z,865,875644,3648816,855.1,186.7
2026-03-22T20:34:52Z,866,875616,3648816,855.1,200.0
2026-03-22T20:34:53Z,867,875724,3648816,855.2,213.1
2026-03-22T20:34:54Z,868,875408,3648816,854.9,206.9
2026-03-22T20:34:55Z,869,875516,3648816,855.0,192.8
2026-03-22T20:34:56Z,870,875540,3648816,855.0,174.9
2026-03-22T20:34:57Z,871,875416,3648816,854.9,196.0
2026-03-22T20:34:59Z,872,875620,3648816,855.1,167.9
2026-03-22T20:35:00Z,873,875736,3648816,855.2,190.0
2026-03-22T20:35:01Z,874,875728,3648816,855.2,199.5
2026-03-22T20:35:02Z,875,876108,3648816,855.6,189.7
2026-03-22T20:35:03Z,876,877180,3648816,856.6,194.3
2026-03-22T20:35:04Z,877,877084,3648816,856.5,162.0
2026-03-22T20:35:05Z,878,876468,3648816,855.9,184.4
2026-03-22T20:35:06Z,879,876848,3648816,856.3,190.6
2026-03-22T20:35:07Z,880,876584,3648816,856.0,188.2
2026-03-22T20:35:08Z,881,876052,3648816,855.5,171.2
2026-03-22T20:35:09Z,882,876124,3648816,855.6,183.3
2026-03-22T20:35:10Z,883,875916,3648816,855.4,171.2
2026-03-22T20:35:11Z,884,876124,3648816,855.6,167.0
2026-03-22T20:35:12Z,885,876440,3648816,855.9,158.7
2026-03-22T20:35:14Z,886,876948,3648816,856.4,170.9
2026-03-22T20:35:15Z,887,876428,3648816,855.9,192.1
2026-03-22T20:35:16Z,888,876380,3648816,855.8,194.7
2026-03-22T20:35:17Z,889,876852,3648816,856.3,203.1
2026-03-22T20:35:18Z,890,876592,3648816,856.0,218.6
2026-03-22T20:35:19Z,891,876256,3648816,855.7,219.6
2026-03-22T20:35:20Z,892,875856,3648816,855.3,224.8
2026-03-22T20:35:21Z,893,874556,3648816,854.1,215.3
2026-03-22T20:35:22Z,894,875796,3648816,855.3,213.8
2026-03-22T20:35:23Z,895,876032,3648816,855.5,207.8
2026-03-22T20:35:24Z,896,876148,3648816,855.6,188.1
2026-03-22T20:35:25Z,897,875716,3648816,855.2,191.2
2026-03-22T20:35:26Z,898,875932,3648816,855.4,203.0
2026-03-22T20:35:27Z,899,875176,3648816,854.7,187.5
2026-03-22T20:35:28Z,900,875144,3648816,854.6,192.2
2026-03-22T20:35:30Z,901,874900,3648816,854.4,179.5
2026-03-22T20:35:31Z,902,875084,3648816,854.6,187.9
2026-03-22T20:35:32Z,903,875592,3648816,855.1,179.3
2026-03-22T20:35:33Z,904,876316,3648816,855.8,168.1
2026-03-22T20:35:34Z,905,876504,3648816,856.0,178.4
2026-03-22T20:35:35Z,906,876044,3648816,855.5,191.2
2026-03-22T20:35:36Z,907,875732,3648816,855.2,185.0
2026-03-22T20:35:37Z,908,876408,3648816,855.9,202.3
2026-03-22T20:35:38Z,909,876504,3648816,856.0,216.1
2026-03-22T20:35:39Z,910,876428,3648816,855.9,201.2
2026-03-22T20:35:40Z,911,876712,3648816,856.2,213.0
2026-03-22T20:35:41Z,912,876700,3648816,856.2,217.8
2026-03-22T20:35:42Z,913,876404,3648816,855.9,197.9
2026-03-22T20:35:43Z,914,876660,3648816,856.1,194.8
2026-03-22T20:35:45Z,915,876720,3648816,856.2,204.9
2026-03-22T20:35:46Z,916,876744,3648816,856.2,207.6
2026-03-22T20:35:47Z,917,875488,3648816,855.0,186.9
2026-03-22T20:35:48Z,918,876280,3648816,855.7,192.0
2026-03-22T20:35:49Z,919,876288,3648816,855.8,169.0
2026-03-22T20:35:50Z,920,876584,3648816,856.0,179.6
2026-03-22T20:35:51Z,921,876480,3648816,855.9,185.5
2026-03-22T20:35:52Z,922,876168,3648816,855.6,188.5
2026-03-22T20:35:53Z,923,875792,3648816,855.3,182.3
2026-03-22T20:35:54Z,924,876512,3648816,856.0,196.9
2026-03-22T20:35:55Z,925,876096,3648816,855.6,180.5
2026-03-22T20:35:56Z,926,876332,3648816,855.8,158.0
2026-03-22T20:35:57Z,927,875744,3648816,855.2,58.1
2026-03-22T20:35:58Z,928,875260,3648816,854.7,53.4
2026-03-22T20:36:00Z,929,871620,3648816,851.2,65.5
2026-03-22T20:36:01Z,930,872776,3648816,852.3,184.9
2026-03-22T20:36:02Z,931,873240,3648816,852.8,190.4
2026-03-22T20:36:03Z,932,873668,3648816,853.2,163.4
2026-03-22T20:36:04Z,933,873608,3648816,853.1,160.1
2026-03-22T20:36:05Z,934,874376,3648816,853.9,171.5
2026-03-22T20:36:06Z,935,874480,3648816,854.0,193.0
2026-03-22T20:36:07Z,936,874060,3648816,853.6,187.0
2026-03-22T20:36:08Z,937,873592,3648816,853.1,205.0
2026-03-22T20:36:09Z,938,873260,3648816,852.8,188.4
2026-03-22T20:36:10Z,939,873404,3648816,852.9,196.7
2026-03-22T20:36:11Z,940,873360,3648816,852.9,194.3
2026-03-22T20:36:12Z,941,873364,3648816,852.9,172.9
2026-03-22T20:36:13Z,942,873520,3648816,853.0,176.7
2026-03-22T20:36:14Z,943,874376,3648816,853.9,161.7
2026-03-22T20:36:16Z,944,874928,3648816,854.4,180.6
2026-03-22T20:36:17Z,945,874700,3648816,854.2,172.0
2026-03-22T20:36:18Z,946,874628,3648816,854.1,167.5
2026-03-22T20:36:19Z,947,874032,3648816,853.5,168.5
2026-03-22T20:36:20Z,948,873856,3648816,853.4,192.8
2026-03-22T20:36:21Z,949,873896,3648816,853.4,168.5
2026-03-22T20:36:22Z,950,873848,3648816,853.4,158.6
2026-03-22T20:36:23Z,951,873912,3648816,853.4,184.5
2026-03-22T20:36:24Z,952,874160,3648816,853.7,188.8
2026-03-22T20:36:25Z,953,874352,3648816,853.9,185.8
2026-03-22T20:36:26Z,954,874220,3648816,853.7,160.0
2026-03-22T20:36:27Z,955,873640,3648816,853.2,86.1
2026-03-22T20:36:28Z,956,872092,3648816,851.7,99.2
2026-03-22T20:36:29Z,957,872576,3648816,852.1,178.6
2026-03-22T20:36:31Z,958,873772,3648816,853.3,190.7
2026-03-22T20:36:32Z,959,873980,3648816,853.5,184.7
2026-03-22T20:36:33Z,960,874280,3648816,853.8,187.1
2026-03-22T20:36:34Z,961,874024,3648816,853.5,163.3
2026-03-22T20:36:35Z,962,873856,3648816,853.4,158.5
2026-03-22T20:36:36Z,963,873128,3648816,852.7,165.1
2026-03-22T20:36:37Z,964,874196,3648816,853.7,175.9
2026-03-22T20:36:38Z,965,874372,3648816,853.9,167.8
2026-03-22T20:36:39Z,966,874460,3648816,854.0,193.2
2026-03-22T20:36:40Z,967,874428,3648816,853.9,159.5
2026-03-22T20:36:41Z,968,873980,3648816,853.5,191.1
2026-03-22T20:36:42Z,969,873608,3648816,853.1,6.5
2026-03-22T20:36:43Z,970,873612,3648816,853.1,0.0
2026-03-22T20:36:44Z,971,876236,3655472,855.7,153.2
2026-03-22T20:36:45Z,972,877096,3655472,856.5,189.4
2026-03-22T20:36:47Z,973,877012,3655472,856.5,192.5
2026-03-22T20:36:48Z,974,877204,3655472,856.6,191.3
2026-03-22T20:36:49Z,975,876896,3655472,856.3,198.4
2026-03-22T20:36:50Z,976,875952,3655472,855.4,202.7
2026-03-22T20:36:51Z,977,874836,3655472,854.3,184.0
2026-03-22T20:36:52Z,978,874824,3655472,854.3,192.7
2026-03-22T20:36:53Z,979,874872,3655472,854.4,188.7
2026-03-22T20:36:54Z,980,874128,3655472,853.6,182.1
2026-03-22T20:36:55Z,981,873888,3655472,853.4,186.0
2026-03-22T20:36:56Z,982,874304,3655472,853.8,192.0
2026-03-22T20:36:57Z,983,874680,3655472,854.2,199.3
2026-03-22T20:36:58Z,984,874184,3655472,853.7,192.5
2026-03-22T20:36:59Z,985,872344,3655472,851.9,189.7
2026-03-22T20:37:00Z,986,873504,3655472,853.0,194.0
2026-03-22T20:37:02Z,987,874180,3655472,853.7,193.1
2026-03-22T20:37:03Z,988,873808,3655472,853.3,160.8
2026-03-22T20:37:04Z,989,873764,3655472,853.3,149.3
2026-03-22T20:37:05Z,990,874196,3655472,853.7,167.7
2026-03-22T20:37:06Z,991,874340,3655472,853.8,192.2
2026-03-22T20:37:07Z,992,874296,3655472,853.8,181.3
2026-03-22T20:37:08Z,993,874500,3655472,854.0,193.3
2026-03-22T20:37:09Z,994,874428,3655472,853.9,184.1
2026-03-22T20:37:10Z,995,873720,3655472,853.2,179.1
2026-03-22T20:37:11Z,996,873608,3655472,853.1,194.5
2026-03-22T20:37:12Z,997,874000,3655472,853.5,167.3
2026-03-22T20:37:13Z,998,874020,3655472,853.5,187.5
2026-03-22T20:37:14Z,999,873932,3655472,853.4,176.6
2026-03-22T20:37:15Z,1000,872984,3655472,852.5,175.7
2026-03-22T20:37:17Z,1001,873920,3655472,853.4,179.1
2026-03-22T20:37:18Z,1002,874288,3655472,853.8,182.4
2026-03-22T20:37:19Z,1003,874632,3655472,854.1,201.0
2026-03-22T20:37:20Z,1004,874668,3655472,854.2,186.2
2026-03-22T20:37:21Z,1005,874460,3655472,854.0,163.5
2026-03-22T20:37:22Z,1006,874524,3655472,854.0,181.5
2026-03-22T20:37:23Z,1007,874232,3655472,853.7,198.3
2026-03-22T20:37:24Z,1008,874332,3655472,853.8,208.4
2026-03-22T20:37:25Z,1009,873952,3655472,853.5,201.4
2026-03-22T20:37:26Z,1010,874028,3655472,853.5,199.7
2026-03-22T20:37:27Z,1011,874264,3655472,853.8,179.1
2026-03-22T20:37:28Z,1012,874056,3655472,853.6,200.3
2026-03-22T20:37:29Z,1013,874308,3655472,853.8,191.4
2026-03-22T20:37:30Z,1014,873924,3655472,853.4,196.3
2026-03-22T20:37:32Z,1015,874152,3655472,853.7,183.6
2026-03-22T20:37:33Z,1016,873732,3655472,853.3,174.9
2026-03-22T20:37:34Z,1017,873844,3655472,853.4,172.3
2026-03-22T20:37:35Z,1018,874100,3655472,853.6,178.8
2026-03-22T20:37:36Z,1019,873636,3655472,853.2,145.8
2026-03-22T20:37:37Z,1020,873684,3655472,853.2,151.7
2026-03-22T20:37:38Z,1021,874200,3655472,853.7,174.8
2026-03-22T20:37:39Z,1022,874244,3655472,853.8,164.9
2026-03-22T20:37:40Z,1023,873864,3655472,853.4,184.1
2026-03-22T20:37:41Z,1024,874436,3655472,853.9,197.0
2026-03-22T20:37:42Z,1025,874784,3655472,854.3,185.2
2026-03-22T20:37:43Z,1026,874388,3655472,853.9,194.4
2026-03-22T20:37:44Z,1027,874072,3655472,853.6,209.7
2026-03-22T20:37:45Z,1028,874352,3655472,853.9,211.5
2026-03-22T20:37:46Z,1029,874376,3655472,853.9,200.6
2026-03-22T20:37:48Z,1030,874148,3655472,853.7,196.0
2026-03-22T20:37:49Z,1031,874484,3655472,854.0,188.9
2026-03-22T20:37:50Z,1032,874456,3655472,854.0,179.5
2026-03-22T20:37:51Z,1033,874484,3655472,854.0,175.6
2026-03-22T20:37:52Z,1034,873448,3655472,853.0,135.3
2026-03-22T20:37:53Z,1035,873876,3655472,853.4,147.6
2026-03-22T20:37:54Z,1036,874616,3655472,854.1,178.5
2026-03-22T20:37:55Z,1037,874416,3655472,853.9,164.2
2026-03-22T20:37:56Z,1038,874704,3655472,854.2,176.1
2026-03-22T20:37:57Z,1039,874600,3655472,854.1,168.3
2026-03-22T20:37:58Z,1040,874808,3655472,854.3,185.3
2026-03-22T20:37:59Z,1041,874716,3655472,854.2,157.6
2026-03-22T20:38:00Z,1042,874896,3655472,854.4,156.8
2026-03-22T20:38:01Z,1043,874160,3655472,853.7,177.3
2026-03-22T20:38:03Z,1044,874472,3655472,854.0,178.4
2026-03-22T20:38:04Z,1045,874180,3655472,853.7,189.3
2026-03-22T20:38:05Z,1046,874064,3655472,853.6,178.7
2026-03-22T20:38:06Z,1047,873752,3655472,853.3,188.6
2026-03-22T20:38:07Z,1048,874468,3655472,854.0,158.2
2026-03-22T20:38:08Z,1049,873880,3655472,853.4,169.0
2026-03-22T20:38:09Z,1050,874016,3655472,853.5,186.0
2026-03-22T20:38:10Z,1051,874168,3655472,853.7,178.7
2026-03-22T20:38:11Z,1052,874244,3655472,853.8,198.2
2026-03-22T20:38:12Z,1053,875328,3655472,854.8,173.8
2026-03-22T20:38:13Z,1054,874648,3655472,854.1,187.3
2026-03-22T20:38:14Z,1055,874424,3655472,853.9,195.4
2026-03-22T20:38:15Z,1056,874572,3655472,854.1,201.9
2026-03-22T20:38:16Z,1057,874684,3655472,854.2,215.2
2026-03-22T20:38:18Z,1058,874832,3655472,854.3,197.1
2026-03-22T20:38:19Z,1059,873856,3655472,853.4,201.2
2026-03-22T20:38:20Z,1060,873860,3655472,853.4,209.6
2026-03-22T20:38:21Z,1061,873776,3655472,853.3,205.8
2026-03-22T20:38:22Z,1062,874112,3655472,853.6,193.0
2026-03-22T20:38:23Z,1063,874192,3655472,853.7,189.5
2026-03-22T20:38:24Z,1064,874196,3655472,853.7,183.5
2026-03-22T20:38:25Z,1065,874444,3655472,853.9,182.9
2026-03-22T20:38:26Z,1066,873980,3655472,853.5,181.8
2026-03-22T20:38:27Z,1067,874444,3655472,853.9,191.9
2026-03-22T20:38:28Z,1068,875152,3655472,854.6,183.5
2026-03-22T20:38:29Z,1069,874796,3655472,854.3,190.3
2026-03-22T20:38:30Z,1070,874900,3655472,854.4,181.5
2026-03-22T20:38:31Z,1071,874848,3655472,854.3,201.6
2026-03-22T20:38:32Z,1072,875228,3655472,854.7,194.3
2026-03-22T20:38:34Z,1073,874724,3655472,854.2,181.1
2026-03-22T20:38:35Z,1074,874124,3655472,853.6,197.2
2026-03-22T20:38:36Z,1075,874024,3655472,853.5,193.8
2026-03-22T20:38:37Z,1076,874172,3655472,853.7,190.8
2026-03-22T20:38:38Z,1077,874524,3655472,854.0,188.1
2026-03-22T20:38:39Z,1078,874372,3655472,853.9,181.7
2026-03-22T20:38:40Z,1079,874548,3655472,854.1,202.0
2026-03-22T20:38:41Z,1080,874244,3655472,853.8,175.7
2026-03-22T20:38:42Z,1081,874272,3655472,853.8,184.8
2026-03-22T20:38:43Z,1082,874244,3655472,853.8,179.6
2026-03-22T20:38:44Z,1083,874452,3655472,854.0,73.8
2026-03-22T20:38:45Z,1084,874452,3655472,854.0,0.0
2026-03-22T20:38:46Z,1085,874752,3662128,854.2,80.5
2026-03-22T20:38:47Z,1086,875104,3662128,854.6,187.5
2026-03-22T20:38:49Z,1087,875304,3662128,854.8,196.9
2026-03-22T20:38:50Z,1088,875856,3662128,855.3,182.9
2026-03-22T20:38:51Z,1089,874812,3662128,854.3,173.6
2026-03-22T20:38:52Z,1090,875280,3662128,854.8,196.5
2026-03-22T20:38:53Z,1091,874864,3662128,854.4,187.3
2026-03-22T20:38:54Z,1092,874956,3662128,854.4,184.3
2026-03-22T20:38:55Z,1093,874700,3662128,854.2,182.3
2026-03-22T20:38:56Z,1094,874536,3662128,854.0,198.5
2026-03-22T20:38:57Z,1095,874996,3662128,854.5,202.8
2026-03-22T20:38:58Z,1096,1332104,5759280,1300.9,167.2
2026-03-22T20:38:59Z,1097,1669036,5759280,1629.9,138.3
2026-03-22T20:39:00Z,1098,1669120,5759280,1630.0,194.3
2026-03-22T20:39:01Z,1099,1669752,5759280,1630.6,186.9
2026-03-22T20:39:02Z,1100,1669388,5759280,1630.3,190.3
2026-03-22T20:39:03Z,1101,1669100,5759280,1630.0,175.6
2026-03-22T20:39:05Z,1102,1668580,5759280,1629.5,172.1
2026-03-22T20:39:06Z,1103,1669152,5759280,1630.0,164.6
2026-03-22T20:39:07Z,1104,1669272,5759280,1630.1,147.7
2026-03-22T20:39:08Z,1105,1669320,5759280,1630.2,163.4
2026-03-22T20:39:09Z,1106,1669640,5759280,1630.5,178.4
2026-03-22T20:39:10Z,1107,1669760,5759280,1630.6,169.9
2026-03-22T20:39:11Z,1108,1668896,5759280,1629.8,187.7
2026-03-22T20:39:12Z,1109,1669308,5759280,1630.2,180.3
2026-03-22T20:39:13Z,1110,1669328,5759280,1630.2,197.2
2026-03-22T20:39:14Z,1111,1669228,5759280,1630.1,206.7
2026-03-22T20:39:15Z,1112,1669132,5759280,1630.0,219.4
2026-03-22T20:39:16Z,1113,1669284,5759280,1630.2,200.6
2026-03-22T20:39:17Z,1114,1668084,5759280,1629.0,197.2
2026-03-22T20:39:18Z,1115,1668072,5759280,1629.0,181.5
2026-03-22T20:39:20Z,1116,1668652,5759280,1629.5,172.7
2026-03-22T20:39:21Z,1117,1669396,5759280,1630.3,179.3
2026-03-22T20:39:22Z,1118,1669552,5759280,1630.4,159.9
2026-03-22T20:39:23Z,1119,1669288,5759280,1630.2,178.3
2026-03-22T20:39:24Z,1120,1669268,5759280,1630.1,183.0
2026-03-22T20:39:25Z,1121,1669672,5759280,1630.5,190.3
2026-03-22T20:39:26Z,1122,1668356,5759280,1629.3,183.9
2026-03-22T20:39:27Z,1123,1668328,5759280,1629.2,182.7
2026-03-22T20:39:28Z,1124,1668592,5759280,1629.5,192.9
2026-03-22T20:39:29Z,1125,1668996,5759280,1629.9,202.6
2026-03-22T20:39:30Z,1126,1668904,5759280,1629.8,184.7
2026-03-22T20:39:31Z,1127,1668888,5759280,1629.8,184.9
2026-03-22T20:39:32Z,1128,1669092,5759280,1630.0,175.0
2026-03-22T20:39:33Z,1129,1669412,5759280,1630.3,183.8
2026-03-22T20:39:35Z,1130,1669364,5759280,1630.2,181.3
2026-03-22T20:39:36Z,1131,1669300,5759280,1630.2,181.6
2026-03-22T20:39:37Z,1132,1668076,5759280,1629.0,184.1
2026-03-22T20:39:38Z,1133,1668548,5759280,1629.4,199.0
2026-03-22T20:39:39Z,1134,1668720,5759280,1629.6,164.4
2026-03-22T20:39:40Z,1135,1668204,5759280,1629.1,165.3
2026-03-22T20:39:41Z,1136,1668420,5759280,1629.3,172.4
2026-03-22T20:39:42Z,1137,1668900,5759280,1629.8,162.8
2026-03-22T20:39:43Z,1138,1668932,5759280,1629.8,156.9
2026-03-22T20:39:44Z,1139,1668564,5759280,1629.5,183.2
2026-03-22T20:39:45Z,1140,1668652,5759280,1629.5,186.2
2026-03-22T20:39:46Z,1141,1668784,5759280,1629.7,173.2
2026-03-22T20:39:47Z,1142,1668736,5759280,1629.6,158.0
2026-03-22T20:39:48Z,1143,1668380,5759280,1629.3,170.7
2026-03-22T20:39:50Z,1144,1668368,5759280,1629.3,184.3
2026-03-22T20:39:51Z,1145,1667872,5759280,1628.8,145.9
2026-03-22T20:39:52Z,1146,1667940,5759280,1628.8,155.1
2026-03-22T20:39:53Z,1147,1668548,5759280,1629.4,163.1
2026-03-22T20:39:54Z,1148,1668548,5759280,1629.4,189.5
2026-03-22T20:39:55Z,1149,1669396,5759280,1630.3,184.9
2026-03-22T20:39:56Z,1150,1669696,5759280,1630.6,115.6
2026-03-22T20:39:57Z,1151,1668724,5759280,1629.6,59.8
2026-03-22T20:39:58Z,1152,1667992,5759280,1628.9,66.4
2026-03-22T20:39:59Z,1153,1668360,5759280,1629.3,181.3
2026-03-22T20:40:00Z,1154,1667712,5759280,1628.6,180.4
2026-03-22T20:40:01Z,1155,1668476,5759280,1629.4,176.5
2026-03-22T20:40:02Z,1156,1669044,5759280,1629.9,170.8
2026-03-22T20:40:03Z,1157,1669372,5759280,1630.2,143.8
2026-03-22T20:40:05Z,1158,1669544,5759280,1630.4,157.5
2026-03-22T20:40:06Z,1159,1669912,5759280,1630.8,188.8
2026-03-22T20:40:07Z,1160,1669716,5759280,1630.6,199.8
2026-03-22T20:40:08Z,1161,1669512,5759280,1630.4,175.0
2026-03-22T20:40:09Z,1162,1669328,5759280,1630.2,189.5
2026-03-22T20:40:10Z,1163,1669160,5759280,1630.0,153.2
2026-03-22T20:40:11Z,1164,1669768,5759280,1630.6,171.1
2026-03-22T20:40:12Z,1165,1669004,5759280,1629.9,183.0
2026-03-22T20:40:13Z,1166,1669284,5759280,1630.2,177.5
2026-03-22T20:40:14Z,1167,1669364,5759280,1630.2,166.2
2026-03-22T20:40:15Z,1168,1669584,5759280,1630.5,187.5
2026-03-22T20:40:16Z,1169,1669284,5759280,1630.2,198.4
2026-03-22T20:40:17Z,1170,1669552,5759280,1630.4,181.4
2026-03-22T20:40:18Z,1171,1669764,5759280,1630.6,171.8
2026-03-22T20:40:19Z,1172,1669996,5759280,1630.9,162.4
2026-03-22T20:40:21Z,1173,1669244,5759280,1630.1,177.0
2026-03-22T20:40:22Z,1174,1669384,5759280,1630.3,169.0
2026-03-22T20:40:23Z,1175,1669472,5759280,1630.3,186.7
2026-03-22T20:40:24Z,1176,1669048,5759280,1629.9,174.8
2026-03-22T20:40:25Z,1177,1669428,5759280,1630.3,163.4
2026-03-22T20:40:26Z,1178,1669688,5759280,1630.6,157.9
2026-03-22T20:40:27Z,1179,1669304,5759280,1630.2,167.3
2026-03-22T20:40:28Z,1180,1669776,5759280,1630.6,147.2
2026-03-22T20:40:29Z,1181,1669788,5759280,1630.7,156.7
2026-03-22T20:40:30Z,1182,1669980,5759280,1630.8,169.9
2026-03-22T20:40:31Z,1183,1670076,5759280,1630.9,161.2
2026-03-22T20:40:32Z,1184,1669668,5759280,1630.5,152.6
2026-03-22T20:40:33Z,1185,1669788,5759280,1630.7,139.3
2026-03-22T20:40:34Z,1186,1669836,5759280,1630.7,174.0
2026-03-22T20:40:36Z,1187,1669632,5759280,1630.5,176.0
2026-03-22T20:40:37Z,1188,1668932,5759280,1629.8,156.7
2026-03-22T20:40:38Z,1189,1668948,5759280,1629.8,159.6
2026-03-22T20:40:39Z,1190,1668756,5759280,1629.6,122.6
2026-03-22T20:40:40Z,1191,1668680,5759280,1629.6,127.9
2026-03-22T20:40:41Z,1192,1669176,5759280,1630.1,148.8
2026-03-22T20:40:42Z,1193,1669276,5759280,1630.2,155.3
2026-03-22T20:40:43Z,1194,1669332,5759280,1630.2,164.3
2026-03-22T20:40:44Z,1195,1669232,5759280,1630.1,169.9
2026-03-22T20:40:45Z,1196,1668600,5759280,1629.5,185.8
2026-03-22T20:40:46Z,1197,1668996,5759280,1629.9,126.7
2026-03-22T20:40:47Z,1198,1668996,5759280,1629.9,0.0
2026-03-22T20:40:48Z,1199,1668996,5759280,1629.9,0.0
2026-03-22T20:40:49Z,1200,1668996,5759280,1629.9,0.0
2026-03-22T20:40:51Z,1201,1668996,5759280,1629.9,0.0
2026-03-22T20:40:52Z,1202,1668996,5759280,1629.9,0.0
2026-03-22T20:40:53Z,1203,1668996,5759280,1629.9,0.0
2026-03-22T20:40:54Z,1204,1668996,5759280,1629.9,0.0
2026-03-22T20:40:55Z,1205,1668996,5759280,1629.9,0.0
2026-03-22T20:40:56Z,1206,1668996,5759280,1629.9,0.0
2026-03-22T20:40:57Z,1207,1668996,5759280,1629.9,0.0
2026-03-22T20:40:58Z,1208,1668996,5759280,1629.9,0.0
2026-03-22T20:40:59Z,1209,1668996,5759280,1629.9,0.0
2026-03-22T20:41:00Z,1210,1668996,5759280,1629.9,0.0
2026-03-22T20:41:01Z,1211,1668996,5759280,1629.9,0.0
2026-03-22T20:41:02Z,1212,1668996,5759280,1629.9,0.0
2026-03-22T20:41:03Z,1213,1668996,5759280,1629.9,0.0
2026-03-22T20:41:05Z,1214,1668996,5759280,1629.9,0.0
2026-03-22T20:41:06Z,1215,1668996,5759280,1629.9,0.0
2026-03-22T20:41:07Z,1216,1668996,5759280,1629.9,0.0
2026-03-22T20:41:08Z,1217,1668996,5759280,1629.9,0.0
2026-03-22T20:41:09Z,1218,1668996,5759280,1629.9,0.0
2026-03-22T20:41:10Z,1219,1668996,5759280,1629.9,0.0
2026-03-22T20:41:11Z,1220,1668996,5759280,1629.9,0.0
2026-03-22T20:41:12Z,1221,1668996,5759280,1629.9,0.0
2026-03-22T20:41:13Z,1222,1668996,5759280,1629.9,0.0
2026-03-22T20:41:14Z,1223,1668996,5759280,1629.9,0.0
2026-03-22T20:41:15Z,1224,1668996,5759280,1629.9,0.0
2026-03-22T20:41:16Z,1225,1668996,5759280,1629.9,0.0
2026-03-22T20:41:17Z,1226,1668996,5759280,1629.9,0.0
2026-03-22T20:41:18Z,1227,1668996,5759280,1629.9,0.0
2026-03-22T20:41:20Z,1228,1668996,5759280,1629.9,0.0
2026-03-22T20:41:21Z,1229,1668996,5759280,1629.9,0.0
2026-03-22T20:41:22Z,1230,1668996,5759280,1629.9,0.0
2026-03-22T20:41:23Z,1231,1668996,5759280,1629.9,0.0
2026-03-22T20:41:24Z,1232,1668996,5759280,1629.9,0.0
2026-03-22T20:41:25Z,1233,1668996,5759280,1629.9,0.0
2026-03-22T20:41:26Z,1234,1668996,5759280,1629.9,0.0
2026-03-22T20:41:27Z,1235,1668996,5759280,1629.9,0.0
2026-03-22T20:41:28Z,1236,1668996,5759280,1629.9,0.9
2026-03-22T20:41:29Z,1237,1668996,5759280,1629.9,0.0
2026-03-22T20:41:30Z,1238,1668996,5759280,1629.9,0.0
2026-03-22T20:41:31Z,1239,1668996,5759280,1629.9,0.0
2026-03-22T20:41:32Z,1240,1668996,5759280,1629.9,0.0
2026-03-22T20:41:33Z,1241,1668996,5759280,1629.9,0.0
2026-03-22T20:41:35Z,1242,1668996,5759280,1629.9,0.0
2026-03-22T20:41:36Z,1243,1668996,5759280,1629.9,0.0
2026-03-22T20:41:37Z,1244,1668996,5759280,1629.9,0.0
2026-03-22T20:41:38Z,1245,1668996,5759280,1629.9,0.0
2026-03-22T20:41:39Z,1246,1668996,5759280,1629.9,0.0
2026-03-22T20:41:40Z,1247,1668996,5759280,1629.9,0.0
2026-03-22T20:41:41Z,1248,1668996,5759280,1629.9,0.0
2026-03-22T20:41:42Z,1249,1668996,5759280,1629.9,0.0
2026-03-22T20:41:43Z,1250,1668996,5759280,1629.9,0.0
2026-03-22T20:41:44Z,1251,1668996,5759280,1629.9,0.0
2026-03-22T20:41:45Z,1252,1668996,5759280,1629.9,0.0
2026-03-22T20:41:46Z,1253,1668996,5759280,1629.9,0.0
2026-03-22T20:41:47Z,1254,1668996,5759280,1629.9,0.0
2026-03-22T20:41:49Z,1255,1668996,5759280,1629.9,0.0
2026-03-22T20:41:50Z,1256,1668996,5759280,1629.9,0.0
2026-03-22T20:41:51Z,1257,1668996,5759280,1629.9,0.0
2026-03-22T20:41:52Z,1258,1668996,5759280,1629.9,0.0
2026-03-22T20:41:53Z,1259,1668996,5759280,1629.9,0.0
2026-03-22T20:41:54Z,1260,1668996,5759280,1629.9,0.0
2026-03-22T20:41:55Z,1261,1668996,5759280,1629.9,0.0
2026-03-22T20:41:56Z,1262,1668996,5759280,1629.9,0.0
2026-03-22T20:41:57Z,1263,1668996,5759280,1629.9,0.0
2026-03-22T20:41:58Z,1264,1668996,5759280,1629.9,0.0
2026-03-22T20:41:59Z,1265,1668996,5759280,1629.9,0.0
2026-03-22T20:42:00Z,1266,1668996,5759280,1629.9,0.0
2026-03-22T20:42:01Z,1267,1668996,5759280,1629.9,0.0
2026-03-22T20:42:02Z,1268,1668996,5759280,1629.9,0.0
2026-03-22T20:42:04Z,1269,1668996,5759280,1629.9,0.0
2026-03-22T20:42:05Z,1270,1668996,5759280,1629.9,0.0
2026-03-22T20:42:06Z,1271,1668996,5759280,1629.9,0.0
2026-03-22T20:42:07Z,1272,1668996,5759280,1629.9,0.0
2026-03-22T20:42:08Z,1273,1668996,5759280,1629.9,0.0
2026-03-22T20:42:09Z,1274,1668996,5759280,1629.9,0.0
2026-03-22T20:42:10Z,1275,1668996,5759280,1629.9,0.0
2026-03-22T20:42:11Z,1276,1668996,5759280,1629.9,0.0
2026-03-22T20:42:12Z,1277,1668996,5759280,1629.9,0.0
2026-03-22T20:42:13Z,1278,1668996,5759280,1629.9,0.0
2026-03-22T20:42:14Z,1279,1668996,5759280,1629.9,0.0
2026-03-22T20:42:15Z,1280,1668996,5759280,1629.9,0.0
2026-03-22T20:42:16Z,1281,1668996,5759280,1629.9,0.0
2026-03-22T20:42:17Z,1282,1668996,5759280,1629.9,0.0
2026-03-22T20:42:19Z,1283,1668996,5759280,1629.9,0.0
2026-03-22T20:42:20Z,1284,1668996,5759280,1629.9,0.0
2026-03-22T20:42:21Z,1285,1668996,5759280,1629.9,0.0
2026-03-22T20:42:22Z,1286,1668996,5759280,1629.9,0.0
2026-03-22T20:42:23Z,1287,1668996,5759280,1629.9,0.0
2026-03-22T20:42:24Z,1288,1668996,5759280,1629.9,0.0
2026-03-22T20:42:25Z,1289,1668996,5759280,1629.9,0.0
2026-03-22T20:42:26Z,1290,1668996,5759280,1629.9,0.0
2026-03-22T20:42:27Z,1291,1668996,5759280,1629.9,0.9
2026-03-22T20:42:28Z,1292,1668996,5759280,1629.9,0.0
2026-03-22T20:42:29Z,1293,1668996,5759280,1629.9,0.0
2026-03-22T20:42:30Z,1294,1668996,5759280,1629.9,0.0
2026-03-22T20:42:31Z,1295,1668996,5759280,1629.9,0.0
2026-03-22T20:42:33Z,1296,1668996,5759280,1629.9,0.0
2026-03-22T20:42:34Z,1297,1668996,5759280,1629.9,0.0
2026-03-22T20:42:35Z,1298,1668996,5759280,1629.9,0.0
2026-03-22T20:42:36Z,1299,1668996,5759280,1629.9,0.0
2026-03-22T20:42:37Z,1300,1668996,5759280,1629.9,0.0
2026-03-22T20:42:38Z,1301,1668996,5759280,1629.9,0.0
2026-03-22T20:42:39Z,1302,1668996,5759280,1629.9,0.0
2026-03-22T20:42:40Z,1303,1668996,5759280,1629.9,0.0
2026-03-22T20:42:41Z,1304,1668996,5759280,1629.9,0.0
2026-03-22T20:42:42Z,1305,1668996,5759280,1629.9,0.0
2026-03-22T20:42:43Z,1306,1668996,5759280,1629.9,0.0
2026-03-22T20:42:44Z,1307,1668996,5759280,1629.9,0.0
2026-03-22T20:42:45Z,1308,1668996,5759280,1629.9,0.0
2026-03-22T20:42:47Z,1309,1668996,5759280,1629.9,0.0
2026-03-22T20:42:48Z,1310,1668996,5759280,1629.9,0.0
2026-03-22T20:42:49Z,1311,1668996,5759280,1629.9,0.0
2026-03-22T20:42:50Z,1312,1668996,5759280,1629.9,0.0
2026-03-22T20:42:51Z,1313,1668996,5759280,1629.9,0.0
2026-03-22T20:42:52Z,1314,1668996,5759280,1629.9,0.0
2026-03-22T20:42:53Z,1315,1668996,5759280,1629.9,0.0
2026-03-22T20:42:54Z,1316,1668996,5759280,1629.9,0.0
2026-03-22T20:42:55Z,1317,1668996,5759280,1629.9,0.0
2026-03-22T20:42:56Z,1318,1668996,5759280,1629.9,0.0
2026-03-22T20:42:57Z,1319,1668996,5759280,1629.9,0.0
