# run_id: rest-api_accounts_staking_payouts_20260322_212005_496360 | service: rest-api | endpoint: accounts_staking_payouts | process: polkadot-rest-a (PID 131479)
timestamp,elapsed_s,rss_kb,vsz_kb,rss_mb,cpu_pct
2026-03-22T21:20:06Z,0,28404,1263920,27.7,0.0
2026-03-22T21:20:07Z,1,28412,1263920,27.7,0.0
2026-03-22T21:20:08Z,2,28412,1263920,27.7,0.0
2026-03-22T21:20:09Z,3,28412,1263920,27.7,0.0
2026-03-22T21:20:10Z,4,28412,1263920,27.7,0.0
2026-03-22T21:20:11Z,5,28412,1263920,27.7,0.0
2026-03-22T21:20:13Z,6,28412,1263920,27.7,0.0
2026-03-22T21:20:14Z,7,28436,1263920,27.8,0.0
2026-03-22T21:20:15Z,8,28436,1263920,27.8,0.0
2026-03-22T21:20:16Z,9,28436,1263920,27.8,0.0
2026-03-22T21:20:17Z,10,28436,1263920,27.8,0.0
2026-03-22T21:20:18Z,11,28436,1263920,27.8,0.0
2026-03-22T21:20:19Z,12,28436,1263920,27.8,0.0
2026-03-22T21:20:20Z,13,28436,1263920,27.8,0.0
2026-03-22T21:20:21Z,14,28436,1263920,27.8,0.0
2026-03-22T21:20:22Z,15,28436,1263920,27.8,0.0
2026-03-22T21:20:23Z,16,28436,1263920,27.8,0.0
2026-03-22T21:20:24Z,17,28436,1263920,27.8,0.0
2026-03-22T21:20:25Z,18,28436,1263920,27.8,0.0
2026-03-22T21:20:26Z,19,28436,1263920,27.8,0.0
2026-03-22T21:20:28Z,20,28436,1263920,27.8,0.0
2026-03-22T21:20:29Z,21,28436,1263920,27.8,0.0
2026-03-22T21:20:30Z,22,28436,1263920,27.8,0.0
2026-03-22T21:20:31Z,23,28436,1263920,27.8,0.0
2026-03-22T21:20:32Z,24,28436,1263920,27.8,0.0
2026-03-22T21:20:33Z,25,28436,1263920,27.8,0.0
2026-03-22T21:20:34Z,26,28436,1263920,27.8,0.0
2026-03-22T21:20:35Z,27,28436,1263920,27.8,0.0
2026-03-22T21:20:36Z,28,28436,1263920,27.8,0.0
2026-03-22T21:20:37Z,29,28436,1263920,27.8,0.0
2026-03-22T21:20:38Z,30,28436,1263920,27.8,0.0
2026-03-22T21:20:39Z,31,28440,1263920,27.8,0.0
2026-03-22T21:20:40Z,32,28440,1263920,27.8,0.0
2026-03-22T21:20:41Z,33,28440,1263920,27.8,0.0
2026-03-22T21:20:43Z,34,28440,1263920,27.8,0.0
2026-03-22T21:20:44Z,35,28440,1263920,27.8,0.0
2026-03-22T21:20:45Z,36,28440,1263920,27.8,0.0
2026-03-22T21:20:46Z,37,28440,1263920,27.8,0.0
2026-03-22T21:20:47Z,38,28440,1263920,27.8,0.9
2026-03-22T21:20:48Z,39,28444,1263920,27.8,0.0
2026-03-22T21:20:49Z,40,28444,1263920,27.8,0.0
2026-03-22T21:20:50Z,41,28444,1263920,27.8,0.0
2026-03-22T21:20:51Z,42,28444,1263920,27.8,0.0
2026-03-22T21:20:52Z,43,28444,1263920,27.8,0.0
2026-03-22T21:20:53Z,44,28444,1263920,27.8,0.0
2026-03-22T21:20:54Z,45,28444,1263920,27.8,0.0
2026-03-22T21:20:55Z,46,28444,1263920,27.8,0.9
2026-03-22T21:20:56Z,47,28444,1263920,27.8,0.0
2026-03-22T21:20:58Z,48,28444,1263920,27.8,0.0
2026-03-22T21:20:59Z,49,28444,1263920,27.8,0.0
2026-03-22T21:21:00Z,50,28448,1263920,27.8,0.0
2026-03-22T21:21:01Z,51,28448,1263920,27.8,0.0
2026-03-22T21:21:02Z,52,28448,1263920,27.8,0.0
2026-03-22T21:21:03Z,53,28448,1263920,27.8,0.0
2026-03-22T21:21:04Z,54,28448,1263920,27.8,0.0
2026-03-22T21:21:05Z,55,28448,1263920,27.8,0.0
2026-03-22T21:21:06Z,56,41344,1269552,40.4,6.5
2026-03-22T21:21:07Z,57,67516,1308464,65.9,14.0
2026-03-22T21:21:08Z,58,85460,1338672,83.5,14.9
2026-03-22T21:21:09Z,59,168328,1420592,164.4,60.6
2026-03-22T21:21:10Z,60,223908,1489200,218.7,43.8
2026-03-22T21:21:11Z,61,260632,1524528,254.5,50.3
2026-03-22T21:21:13Z,62,261200,1524528,255.1,40.1
2026-03-22T21:21:14Z,63,253100,1524528,247.2,44.7
2026-03-22T21:21:15Z,64,236684,1529648,231.1,133.4
2026-03-22T21:21:16Z,65,266828,1564464,260.6,108.8
2026-03-22T21:21:17Z,66,333876,1621808,326.1,138.4
2026-03-22T21:21:18Z,67,414884,1703728,405.2,115.3
2026-03-22T21:21:19Z,68,489372,1801008,477.9,108.2
2026-03-22T21:21:20Z,69,531524,1865008,519.1,162.2
2026-03-22T21:21:21Z,70,543144,1909040,530.4,177.1
2026-03-22T21:21:22Z,71,526440,1914160,514.1,189.2
2026-03-22T21:21:23Z,72,499288,1914160,487.6,180.9
2026-03-22T21:21:24Z,73,472732,1914160,461.7,187.9
2026-03-22T21:21:25Z,74,497768,1930544,486.1,194.3
2026-03-22T21:21:27Z,75,512356,1936688,500.3,177.8
2026-03-22T21:21:28Z,76,486716,1936688,475.3,32.7
2026-03-22T21:21:29Z,77,413980,1936688,404.3,78.1
2026-03-22T21:21:30Z,78,406268,1936688,396.7,116.1
2026-03-22T21:21:31Z,79,380768,1936688,371.8,120.2
2026-03-22T21:21:32Z,80,388512,1943856,379.4,144.2
2026-03-22T21:21:33Z,81,383552,1943856,374.6,65.3
2026-03-22T21:21:34Z,82,426636,1952048,416.6,80.3
2026-03-22T21:21:35Z,83,451564,1958192,441.0,98.6
2026-03-22T21:21:36Z,84,408516,1960752,398.9,128.5
2026-03-22T21:21:37Z,85,399120,1967408,389.8,88.6
2026-03-22T21:21:38Z,86,398208,1967408,388.9,112.8
2026-03-22T21:21:39Z,87,361344,1967408,352.9,112.8
2026-03-22T21:21:40Z,88,346944,1971504,338.8,133.9
2026-03-22T21:21:42Z,89,362048,1978672,353.6,130.6
2026-03-22T21:21:43Z,90,336584,1983792,328.7,105.3
2026-03-22T21:21:44Z,91,343772,2002224,335.7,113.1
2026-03-22T21:21:45Z,92,329892,2002224,322.2,122.4
2026-03-22T21:21:46Z,93,320676,2002224,313.2,94.1
2026-03-22T21:21:47Z,94,306140,2002224,299.0,112.8
2026-03-22T21:21:48Z,95,306740,2002224,299.6,126.9
2026-03-22T21:21:49Z,96,297892,2002224,290.9,109.9
2026-03-22T21:21:50Z,97,286952,2002224,280.2,137.6
2026-03-22T21:21:51Z,98,303348,2002224,296.2,90.4
2026-03-22T21:21:52Z,99,293048,2002224,286.2,152.4
2026-03-22T21:21:53Z,100,327112,2002224,319.4,152.7
2026-03-22T21:21:54Z,101,359940,2002224,351.5,141.7
2026-03-22T21:21:56Z,102,409300,2008368,399.7,109.0
2026-03-22T21:21:57Z,103,384152,2008368,375.1,127.6
2026-03-22T21:21:58Z,104,374384,2008368,365.6,89.4
2026-03-22T21:21:59Z,105,350396,2008368,342.2,97.0
2026-03-22T21:22:00Z,106,323280,2008368,315.7,77.4
2026-03-22T21:22:01Z,107,300908,2008368,293.9,75.5
2026-03-22T21:22:02Z,108,272336,2008368,266.0,94.9
2026-03-22T21:22:03Z,109,332220,2008368,324.4,94.8
2026-03-22T21:22:04Z,110,445732,2015536,435.3,114.3
2026-03-22T21:22:05Z,111,559024,2075952,545.9,114.3
2026-03-22T21:22:06Z,112,600080,2086192,586.0,81.1
2026-03-22T21:22:07Z,113,601612,2086192,587.5,92.1
2026-03-22T21:22:08Z,114,572144,2086192,558.7,118.4
2026-03-22T21:22:09Z,115,550672,2086192,537.8,162.3
2026-03-22T21:22:11Z,116,549316,2086192,536.4,125.8
2026-03-22T21:22:12Z,117,507936,2086192,496.0,124.6
2026-03-22T21:22:13Z,118,498924,2086192,487.2,103.2
2026-03-22T21:22:14Z,119,412824,2086192,403.1,128.6
2026-03-22T21:22:15Z,120,392992,2086192,383.8,74.5
2026-03-22T21:22:16Z,121,370676,2086192,362.0,137.6
2026-03-22T21:22:17Z,122,377796,2125104,368.9,139.8
2026-03-22T21:22:18Z,123,376804,2125104,368.0,57.8
2026-03-22T21:22:19Z,124,354368,2125104,346.1,63.6
2026-03-22T21:22:20Z,125,356548,2125104,348.2,55.1
2026-03-22T21:22:21Z,126,341292,2125104,333.3,89.3
2026-03-22T21:22:22Z,127,331376,2125104,323.6,126.7
2026-03-22T21:22:23Z,128,350584,2125104,342.4,106.4
2026-03-22T21:22:24Z,129,329504,2125104,321.8,116.8
2026-03-22T21:22:26Z,130,319132,2125104,311.7,112.2
2026-03-22T21:22:27Z,131,325128,2125104,317.5,122.1
2026-03-22T21:22:28Z,132,310924,2125104,303.6,136.5
2026-03-22T21:22:29Z,133,321048,2125104,313.5,153.9
2026-03-22T21:22:30Z,134,309312,2125104,302.1,168.4
2026-03-22T21:22:31Z,135,302784,2125104,295.7,125.7
2026-03-22T21:22:32Z,136,313488,2125104,306.1,151.3
2026-03-22T21:22:33Z,137,305872,2125104,298.7,163.7
2026-03-22T21:22:34Z,138,295724,2125104,288.8,168.0
2026-03-22T21:22:35Z,139,289700,2125104,282.9,121.8
2026-03-22T21:22:36Z,140,277864,2125104,271.4,146.2
2026-03-22T21:22:37Z,141,282564,2125104,275.9,169.8
2026-03-22T21:22:38Z,142,319548,2125104,312.1,154.7
2026-03-22T21:22:40Z,143,315896,2125104,308.5,144.9
2026-03-22T21:22:41Z,144,306416,2125104,299.2,158.5
2026-03-22T21:22:42Z,145,318048,2125104,310.6,149.5
2026-03-22T21:22:43Z,146,305436,2125104,298.3,136.1
2026-03-22T21:22:44Z,147,295620,2125104,288.7,143.8
2026-03-22T21:22:45Z,148,281320,2125104,274.7,154.3
2026-03-22T21:22:46Z,149,281544,2125104,274.9,156.6
2026-03-22T21:22:47Z,150,292696,2125104,285.8,199.5
2026-03-22T21:22:48Z,151,316460,2125104,309.0,183.1
2026-03-22T21:22:49Z,152,367912,2125104,359.3,200.5
2026-03-22T21:22:50Z,153,438976,2125104,428.7,203.0
2026-03-22T21:22:51Z,154,431892,2125104,421.8,206.3
2026-03-22T21:22:52Z,155,446688,2125104,436.2,215.6
2026-03-22T21:22:53Z,156,443164,2125104,432.8,211.8
2026-03-22T21:22:55Z,157,434256,2125104,424.1,190.2
2026-03-22T21:22:56Z,158,434300,2125104,424.1,189.8
2026-03-22T21:22:57Z,159,438244,2125104,428.0,215.1
2026-03-22T21:22:58Z,160,437420,2125104,427.2,221.8
2026-03-22T21:22:59Z,161,425796,2125104,415.8,219.3
2026-03-22T21:23:00Z,162,409312,2125104,399.7,197.6
2026-03-22T21:23:01Z,163,410560,2125104,400.9,148.2
2026-03-22T21:23:02Z,164,407032,2125104,397.5,150.8
2026-03-22T21:23:03Z,165,411460,2125104,401.8,190.1
2026-03-22T21:23:04Z,166,395968,2125104,386.7,211.2
2026-03-22T21:23:05Z,167,405224,2125104,395.7,199.0
2026-03-22T21:23:06Z,168,421452,2190640,411.6,110.2
2026-03-22T21:23:07Z,169,421452,2190640,411.6,0.0
2026-03-22T21:23:08Z,170,357324,2193200,348.9,66.0
2026-03-22T21:23:10Z,171,340644,2193200,332.7,169.1
2026-03-22T21:23:11Z,172,397536,2203952,388.2,181.8
2026-03-22T21:23:12Z,173,464036,2209072,453.2,126.4
2026-03-22T21:23:13Z,174,446716,2215216,436.2,108.2
2026-03-22T21:23:14Z,175,444364,2215216,433.9,100.8
2026-03-22T21:23:15Z,176,411064,2215216,401.4,155.5
2026-03-22T21:23:16Z,177,411116,2215216,401.5,138.2
2026-03-22T21:23:17Z,178,411224,2215216,401.6,108.9
2026-03-22T21:23:18Z,179,379364,2215216,370.5,122.0
2026-03-22T21:23:19Z,180,350360,2215216,342.1,113.7
2026-03-22T21:23:20Z,181,321096,2215216,313.6,120.2
2026-03-22T21:23:21Z,182,323756,2215216,316.2,123.5
2026-03-22T21:23:22Z,183,295500,2215216,288.6,118.3
2026-03-22T21:23:23Z,184,289396,2215216,282.6,137.6
2026-03-22T21:23:25Z,185,290880,2215216,284.1,137.7
2026-03-22T21:23:26Z,186,302408,2215216,295.3,142.4
2026-03-22T21:23:27Z,187,297952,2215216,291.0,201.3
2026-03-22T21:23:28Z,188,377344,2215216,368.5,197.8
2026-03-22T21:23:29Z,189,420252,2215216,410.4,199.3
2026-03-22T21:23:30Z,190,397676,2215216,388.4,223.2
2026-03-22T21:23:31Z,191,398356,2215216,389.0,162.4
2026-03-22T21:23:32Z,192,401108,2215216,391.7,121.6
2026-03-22T21:23:33Z,193,382412,2215216,373.4,138.6
2026-03-22T21:23:34Z,194,372084,2215216,363.4,157.0
2026-03-22T21:23:35Z,195,370196,2215216,361.5,166.8
2026-03-22T21:23:36Z,196,368368,2215216,359.7,197.0
2026-03-22T21:23:37Z,197,367548,2215216,358.9,142.1
2026-03-22T21:23:39Z,198,408012,2215216,398.4,95.0
2026-03-22T21:23:40Z,199,351488,2215216,343.2,97.9
2026-03-22T21:23:41Z,200,346572,2215216,338.4,101.5
2026-03-22T21:23:42Z,201,328100,2215216,320.4,146.4
2026-03-22T21:23:43Z,202,359376,2215216,351.0,141.6
2026-03-22T21:23:44Z,203,356088,2222384,347.7,74.8
2026-03-22T21:23:45Z,204,329212,2222384,321.5,99.6
2026-03-22T21:23:46Z,205,313244,2222384,305.9,128.4
2026-03-22T21:23:47Z,206,318472,2222384,311.0,130.1
2026-03-22T21:23:48Z,207,308552,2222384,301.3,139.3
2026-03-22T21:23:49Z,208,297248,2222384,290.3,175.3
2026-03-22T21:23:50Z,209,282084,2222384,275.5,159.5
2026-03-22T21:23:51Z,210,282972,2222384,276.3,161.0
2026-03-22T21:23:52Z,211,266756,2222384,260.5,123.2
2026-03-22T21:23:54Z,212,284796,2222384,278.1,114.5
2026-03-22T21:23:55Z,213,296176,2222384,289.2,151.2
2026-03-22T21:23:56Z,214,285112,2222384,278.4,182.6
2026-03-22T21:23:57Z,215,304560,2222384,297.4,204.9
2026-03-22T21:23:58Z,216,354240,2222384,345.9,189.9
2026-03-22T21:23:59Z,217,379308,2222384,370.4,205.2
2026-03-22T21:24:00Z,218,388992,2222384,379.9,206.2
2026-03-22T21:24:01Z,219,382676,2222384,373.7,185.4
2026-03-22T21:24:02Z,220,392812,2222384,383.6,207.0
2026-03-22T21:24:03Z,221,391568,2230576,382.4,192.9
2026-03-22T21:24:04Z,222,394316,2230576,385.1,218.0
2026-03-22T21:24:05Z,223,416796,2230576,407.0,185.3
2026-03-22T21:24:06Z,224,424740,2230576,414.8,172.0
2026-03-22T21:24:08Z,225,370908,2230576,362.2,134.8
2026-03-22T21:24:09Z,226,347420,2230576,339.3,157.8
2026-03-22T21:24:10Z,227,368904,2230576,360.3,197.4
2026-03-22T21:24:11Z,228,369332,2230576,360.7,196.9
2026-03-22T21:24:12Z,229,396620,2230576,387.3,213.8
2026-03-22T21:24:13Z,230,355128,2230576,346.8,219.3
2026-03-22T21:24:14Z,231,351404,2230576,343.2,181.0
2026-03-22T21:24:15Z,232,350152,2230576,341.9,117.3
2026-03-22T21:24:16Z,233,329908,2230576,322.2,132.8
2026-03-22T21:24:17Z,234,312272,2230576,305.0,161.5
2026-03-22T21:24:18Z,235,312084,2230576,304.8,149.9
2026-03-22T21:24:19Z,236,308180,2230576,301.0,138.9
2026-03-22T21:24:20Z,237,300284,2230576,293.2,180.2
2026-03-22T21:24:21Z,238,332924,2230576,325.1,179.1
2026-03-22T21:24:23Z,239,309976,2230576,302.7,170.2
2026-03-22T21:24:24Z,240,303572,2230576,296.5,194.1
2026-03-22T21:24:25Z,241,340452,2230576,332.5,198.3
2026-03-22T21:24:26Z,242,365624,2230576,357.1,111.6
2026-03-22T21:24:27Z,243,343180,2230576,335.1,103.7
2026-03-22T21:24:28Z,244,342348,2230576,334.3,78.3
2026-03-22T21:24:29Z,245,318408,2230576,310.9,125.0
2026-03-22T21:24:30Z,246,333256,2230576,325.4,102.4
2026-03-22T21:24:31Z,247,308536,2230576,301.3,97.0
2026-03-22T21:24:32Z,248,292180,2230576,285.3,119.2
2026-03-22T21:24:33Z,249,321756,2230576,314.2,125.7
2026-03-22T21:24:34Z,250,290240,2230576,283.4,131.3
2026-03-22T21:24:35Z,251,293848,2230576,287.0,158.3
2026-03-22T21:24:36Z,252,274668,2230576,268.2,168.6
2026-03-22T21:24:38Z,253,286472,2230576,279.8,188.4
2026-03-22T21:24:39Z,254,295832,2230576,288.9,158.4
2026-03-22T21:24:40Z,255,284640,2230576,278.0,140.9
2026-03-22T21:24:41Z,256,267744,2230576,261.5,185.8
2026-03-22T21:24:42Z,257,274008,2230576,267.6,165.7
2026-03-22T21:24:43Z,258,270592,2230576,264.2,104.5
2026-03-22T21:24:44Z,259,263436,2230576,257.3,111.1
2026-03-22T21:24:45Z,260,253932,2230576,248.0,130.4
2026-03-22T21:24:46Z,261,270816,2230576,264.5,141.7
2026-03-22T21:24:47Z,262,302776,2361648,295.7,121.2
2026-03-22T21:24:48Z,263,307776,2361648,300.6,127.8
2026-03-22T21:24:49Z,264,306200,2361648,299.0,116.3
2026-03-22T21:24:50Z,265,299748,2361648,292.7,130.0
2026-03-22T21:24:52Z,266,295992,2361648,289.1,132.3
2026-03-22T21:24:53Z,267,307684,2361648,300.5,111.8
2026-03-22T21:24:54Z,268,308616,2361648,301.4,128.4
2026-03-22T21:24:55Z,269,307720,2361648,300.5,144.9
2026-03-22T21:24:56Z,270,312788,2361648,305.5,125.9
2026-03-22T21:24:57Z,271,312196,2361648,304.9,116.4
2026-03-22T21:24:58Z,272,328408,2361648,320.7,139.7
2026-03-22T21:24:59Z,273,323056,2361648,315.5,108.9
2026-03-22T21:25:00Z,274,307692,2361648,300.5,121.0
2026-03-22T21:25:01Z,275,340956,2361648,333.0,137.0
2026-03-22T21:25:02Z,276,330288,2361648,322.5,142.0
2026-03-22T21:25:03Z,277,329476,2361648,321.8,186.3
2026-03-22T21:25:04Z,278,367376,2361648,358.8,203.0
2026-03-22T21:25:05Z,279,388636,2361648,379.5,140.6
2026-03-22T21:25:07Z,280,365856,2361648,357.3,124.0
2026-03-22T21:25:08Z,281,352636,2361648,344.4,133.5
2026-03-22T21:25:09Z,282,353524,2361648,345.2,68.0
2026-03-22T21:25:10Z,283,353524,2361648,345.2,0.0
2026-03-22T21:25:11Z,284,275708,2361648,269.2,51.2
2026-03-22T21:25:12Z,285,259632,2361648,253.5,159.2
2026-03-22T21:25:13Z,286,326212,2361648,318.6,132.2
2026-03-22T21:25:14Z,287,446184,2361648,435.7,131.0
2026-03-22T21:25:15Z,288,426800,2361648,416.8,146.2
2026-03-22T21:25:16Z,289,482356,2361648,471.1,171.5
2026-03-22T21:25:17Z,290,461428,2361648,450.6,177.3
2026-03-22T21:25:18Z,291,447028,2361648,436.6,194.3
2026-03-22T21:25:19Z,292,472064,2361648,461.0,204.7
2026-03-22T21:25:20Z,293,486956,2361648,475.5,205.6
2026-03-22T21:25:22Z,294,490112,2361648,478.6,187.6
2026-03-22T21:25:23Z,295,477708,2361648,466.5,205.2
2026-03-22T21:25:24Z,296,471840,2361648,460.8,186.4
2026-03-22T21:25:25Z,297,478148,2361648,466.9,176.0
2026-03-22T21:25:26Z,298,498352,2361648,486.7,160.1
2026-03-22T21:25:27Z,299,461072,2371888,450.3,195.2
2026-03-22T21:25:28Z,300,467048,2371888,456.1,204.2
2026-03-22T21:25:29Z,301,474244,2371888,463.1,207.0
2026-03-22T21:25:30Z,302,473852,2371888,462.7,204.4
2026-03-22T21:25:31Z,303,497712,2371888,486.0,184.4
2026-03-22T21:25:32Z,304,496300,2371888,484.7,200.0
2026-03-22T21:25:33Z,305,500504,2371888,488.8,192.8
2026-03-22T21:25:34Z,306,473600,2371888,462.5,209.1
2026-03-22T21:25:36Z,307,463956,2371888,453.1,185.4
2026-03-22T21:25:37Z,308,482680,2371888,471.4,200.8
2026-03-22T21:25:38Z,309,509152,2371888,497.2,137.2
2026-03-22T21:25:39Z,310,499392,2371888,487.7,132.3
2026-03-22T21:25:40Z,311,461736,2371888,450.9,161.1
2026-03-22T21:25:41Z,312,451484,2371888,440.9,149.6
2026-03-22T21:25:42Z,313,443952,2371888,433.5,138.9
2026-03-22T21:25:43Z,314,443688,2371888,433.3,103.2
2026-03-22T21:25:44Z,315,428988,2371888,418.9,124.7
2026-03-22T21:25:45Z,316,399456,2371888,390.1,144.7
2026-03-22T21:25:46Z,317,392536,2371888,383.3,175.5
2026-03-22T21:25:47Z,318,376136,2371888,367.3,172.3
2026-03-22T21:25:48Z,319,395940,2371888,386.7,203.4
2026-03-22T21:25:49Z,320,399904,2371888,390.5,195.2
2026-03-22T21:25:51Z,321,458844,2371888,448.1,195.5
2026-03-22T21:25:52Z,322,455912,2371888,445.2,198.9
2026-03-22T21:25:53Z,323,488568,2371888,477.1,212.4
2026-03-22T21:25:54Z,324,491664,2371888,480.1,193.1
2026-03-22T21:25:55Z,325,492528,2371888,481.0,158.8
2026-03-22T21:25:56Z,326,465192,2371888,454.3,123.4
2026-03-22T21:25:57Z,327,446088,2371888,435.6,137.1
2026-03-22T21:25:58Z,328,440876,2371888,430.5,174.1
2026-03-22T21:25:59Z,329,436412,2371888,426.2,176.5
2026-03-22T21:26:00Z,330,405536,2371888,396.0,170.7
2026-03-22T21:26:01Z,331,387488,2371888,378.4,140.9
2026-03-22T21:26:02Z,332,386980,2371888,377.9,172.0
2026-03-22T21:26:03Z,333,385420,2371888,376.4,185.8
2026-03-22T21:26:04Z,334,375352,2371888,366.6,182.6
2026-03-22T21:26:06Z,335,376692,2371888,367.9,173.7
2026-03-22T21:26:07Z,336,384784,2371888,375.8,190.5
2026-03-22T21:26:08Z,337,365952,2371888,357.4,215.2
2026-03-22T21:26:09Z,338,382460,2371888,373.5,209.6
2026-03-22T21:26:10Z,339,441220,2371888,430.9,208.8
2026-03-22T21:26:11Z,340,465440,2371888,454.5,213.3
2026-03-22T21:26:12Z,341,484340,2371888,473.0,204.9
2026-03-22T21:26:13Z,342,478424,2371888,467.2,180.6
2026-03-22T21:26:14Z,343,483128,2371888,471.8,193.8
2026-03-22T21:26:15Z,344,488540,2371888,477.1,167.3
2026-03-22T21:26:16Z,345,492072,2371888,480.5,151.6
2026-03-22T21:26:17Z,346,449092,2371888,438.6,168.8
2026-03-22T21:26:18Z,347,438468,2371888,428.2,151.6
2026-03-22T21:26:19Z,348,446204,2371888,435.7,95.2
2026-03-22T21:26:21Z,349,410900,2371888,401.3,109.2
2026-03-22T21:26:22Z,350,389756,2371888,380.6,132.2
2026-03-22T21:26:23Z,351,374492,2371888,365.7,170.6
2026-03-22T21:26:24Z,352,382896,2371888,373.9,167.6
2026-03-22T21:26:25Z,353,367784,2371888,359.2,185.2
2026-03-22T21:26:26Z,354,383664,2371888,374.7,200.9
2026-03-22T21:26:27Z,355,439236,2371888,428.9,190.6
2026-03-22T21:26:28Z,356,455928,2371888,445.2,181.8
2026-03-22T21:26:29Z,357,475452,2371888,464.3,162.8
2026-03-22T21:26:30Z,358,438336,2371888,428.1,167.8
2026-03-22T21:26:31Z,359,452236,2371888,441.6,163.2
2026-03-22T21:26:32Z,360,468656,2371888,457.7,91.6
2026-03-22T21:26:33Z,361,441772,2371888,431.4,125.7
2026-03-22T21:26:35Z,362,411448,2371888,401.8,126.4
2026-03-22T21:26:36Z,363,413844,2371888,404.1,127.3
2026-03-22T21:26:37Z,364,393540,2371888,384.3,97.6
2026-03-22T21:26:38Z,365,365352,2371888,356.8,108.9
2026-03-22T21:26:39Z,366,370688,2371888,362.0,119.4
2026-03-22T21:26:40Z,367,365500,2371888,356.9,131.5
2026-03-22T21:26:41Z,368,353488,2371888,345.2,157.3
2026-03-22T21:26:42Z,369,352400,2371888,344.1,156.5
2026-03-22T21:26:43Z,370,345360,2371888,337.3,135.4
2026-03-22T21:26:44Z,371,358136,2371888,349.7,68.1
2026-03-22T21:26:45Z,372,337304,2371888,329.4,115.5
2026-03-22T21:26:46Z,373,348080,2371888,339.9,105.3
2026-03-22T21:26:47Z,374,358640,2371888,350.2,112.9
2026-03-22T21:26:48Z,375,345504,2371888,337.4,83.9
2026-03-22T21:26:50Z,376,343348,2371888,335.3,94.8
2026-03-22T21:26:51Z,377,339796,2371888,331.8,108.9
2026-03-22T21:26:52Z,378,328568,2371888,320.9,102.5
2026-03-22T21:26:53Z,379,355192,2371888,346.9,112.8
2026-03-22T21:26:54Z,380,341560,2371888,333.6,130.5
2026-03-22T21:26:55Z,381,338944,2371888,331.0,144.0
2026-03-22T21:26:56Z,382,328072,2371888,320.4,168.7
2026-03-22T21:26:57Z,383,338448,2371888,330.5,170.1
2026-03-22T21:26:58Z,384,328640,2371888,320.9,146.4
2026-03-22T21:26:59Z,385,339156,2371888,331.2,155.7
2026-03-22T21:27:00Z,386,349232,2371888,341.0,146.6
2026-03-22T21:27:01Z,387,348396,2371888,340.2,121.7
2026-03-22T21:27:02Z,388,348408,2371888,340.2,139.6
2026-03-22T21:27:04Z,389,354060,2371888,345.8,160.4
2026-03-22T21:27:05Z,390,349108,2371888,340.9,183.4
2026-03-22T21:27:06Z,391,354888,2371888,346.6,181.1
2026-03-22T21:27:07Z,392,364008,2371888,355.5,154.9
2026-03-22T21:27:08Z,393,357764,2371888,349.4,172.6
2026-03-22T21:27:09Z,394,355564,2371888,347.2,123.4
2026-03-22T21:27:10Z,395,336628,2371888,328.7,115.8
2026-03-22T21:27:11Z,396,335024,2371888,327.2,56.9
2026-03-22T21:27:12Z,397,335024,2371888,327.2,0.0
2026-03-22T21:27:13Z,398,286416,2371888,279.7,36.4
2026-03-22T21:27:14Z,399,225692,2371888,220.4,153.7
2026-03-22T21:27:15Z,400,351100,2371888,342.9,141.5
2026-03-22T21:27:16Z,401,400552,2371888,391.2,155.6
2026-03-22T21:27:17Z,402,372196,2371888,363.5,125.6
2026-03-22T21:27:19Z,403,366604,2371888,358.0,176.9
2026-03-22T21:27:20Z,404,382656,2371888,373.7,183.8
2026-03-22T21:27:21Z,405,424896,2371888,414.9,188.2
2026-03-22T21:27:22Z,406,425064,2371888,415.1,160.8
2026-03-22T21:27:23Z,407,407968,2371888,398.4,157.7
2026-03-22T21:27:24Z,408,383216,2371888,374.2,158.4
2026-03-22T21:27:25Z,409,395904,2371888,386.6,179.7
2026-03-22T21:27:26Z,410,433432,2371888,423.3,153.0
2026-03-22T21:27:27Z,411,389508,2371888,380.4,150.1
2026-03-22T21:27:28Z,412,379668,2371888,370.8,160.2
2026-03-22T21:27:29Z,413,374580,2371888,365.8,171.2
2026-03-22T21:27:30Z,414,361128,2371888,352.7,150.2
2026-03-22T21:27:31Z,415,342748,2371888,334.7,200.4
2026-03-22T21:27:32Z,416,349408,2371888,341.2,209.7
2026-03-22T21:27:34Z,417,346340,2371888,338.2,182.1
2026-03-22T21:27:35Z,418,351296,2371888,343.1,147.0
2026-03-22T21:27:36Z,419,332316,2371888,324.5,91.6
2026-03-22T21:27:37Z,420,320048,2371888,312.5,110.7
2026-03-22T21:27:38Z,421,328056,2371888,320.4,103.3
2026-03-22T21:27:39Z,422,321212,2371888,313.7,126.0
2026-03-22T21:27:40Z,423,307336,2371888,300.1,131.5
2026-03-22T21:27:41Z,424,297792,2371888,290.8,146.1
2026-03-22T21:27:42Z,425,290196,2371888,283.4,168.4
2026-03-22T21:27:43Z,426,308840,2371888,301.6,171.3
2026-03-22T21:27:44Z,427,306108,2371888,298.9,146.3
2026-03-22T21:27:45Z,428,307028,2371888,299.8,139.6
2026-03-22T21:27:46Z,429,297644,2371888,290.7,126.8
2026-03-22T21:27:47Z,430,320048,2371888,312.5,155.9
2026-03-22T21:27:49Z,431,311572,2371888,304.3,149.7
2026-03-22T21:27:50Z,432,302660,2371888,295.6,118.5
2026-03-22T21:27:51Z,433,289184,2371888,282.4,131.8
2026-03-22T21:27:52Z,434,282020,2371888,275.4,143.0
2026-03-22T21:27:53Z,435,302596,2371888,295.5,184.8
2026-03-22T21:27:54Z,436,298004,2371888,291.0,189.2
2026-03-22T21:27:55Z,437,315816,2371888,308.4,202.8
2026-03-22T21:27:56Z,438,376432,2371888,367.6,200.5
2026-03-22T21:27:57Z,439,388608,2371888,379.5,199.1
2026-03-22T21:27:58Z,440,376116,2371888,367.3,213.9
2026-03-22T21:27:59Z,441,507264,2634032,495.4,200.6
2026-03-22T21:28:00Z,442,510944,2634032,499.0,208.8
2026-03-22T21:28:01Z,443,533376,2634032,520.9,175.8
2026-03-22T21:28:03Z,444,515500,2634032,503.4,171.0
2026-03-22T21:28:04Z,445,497552,2634032,485.9,154.7
2026-03-22T21:28:05Z,446,490824,2634032,479.3,211.3
2026-03-22T21:28:06Z,447,508932,2634032,497.0,210.7
2026-03-22T21:28:07Z,448,528248,2634032,515.9,172.0
2026-03-22T21:28:08Z,449,521552,2634032,509.3,122.1
2026-03-22T21:28:09Z,450,475272,2634032,464.1,131.4
2026-03-22T21:28:10Z,451,468288,2634032,457.3,169.5
2026-03-22T21:28:11Z,452,478864,2634032,467.6,167.7
2026-03-22T21:28:12Z,453,516840,2634032,504.7,124.6
2026-03-22T21:28:13Z,454,484780,2634032,473.4,140.9
2026-03-22T21:28:14Z,455,495960,2634032,484.3,166.5
2026-03-22T21:28:15Z,456,478772,2634032,467.6,130.3
2026-03-22T21:28:16Z,457,461672,2634032,450.9,157.8
2026-03-22T21:28:18Z,458,463448,2634032,452.6,178.8
2026-03-22T21:28:19Z,459,445124,2634032,434.7,130.3
2026-03-22T21:28:20Z,460,426388,2634032,416.4,131.4
2026-03-22T21:28:21Z,461,406692,2634032,397.2,123.0
2026-03-22T21:28:22Z,462,406096,2634032,396.6,105.0
2026-03-22T21:28:23Z,463,395240,2634032,386.0,122.9
2026-03-22T21:28:24Z,464,387188,2634032,378.1,154.7
2026-03-22T21:28:25Z,465,363648,2634032,355.1,157.7
2026-03-22T21:28:26Z,466,373092,2634032,364.3,109.3
2026-03-22T21:28:27Z,467,369180,2634032,360.5,102.4
2026-03-22T21:28:28Z,468,364656,2634032,356.1,88.6
2026-03-22T21:28:29Z,469,364696,2634032,356.1,100.7
2026-03-22T21:28:30Z,470,367580,2634032,359.0,117.9
2026-03-22T21:28:31Z,471,371328,2634032,362.6,121.2
2026-03-22T21:28:33Z,472,359112,2634032,350.7,112.9
2026-03-22T21:28:34Z,473,362684,2634032,354.2,118.6
2026-03-22T21:28:35Z,474,374096,2634032,365.3,134.4
2026-03-22T21:28:36Z,475,370948,2634032,362.3,142.8
2026-03-22T21:28:37Z,476,368568,2634032,359.9,192.2
2026-03-22T21:28:38Z,477,433068,2634032,422.9,197.2
2026-03-22T21:28:39Z,478,462020,2634032,451.2,191.9
2026-03-22T21:28:40Z,479,492784,2634032,481.2,201.4
2026-03-22T21:28:41Z,480,487820,2634032,476.4,184.7
2026-03-22T21:28:42Z,481,512356,2634032,500.3,166.8
2026-03-22T21:28:43Z,482,519788,2634032,507.6,116.2
2026-03-22T21:28:44Z,483,485488,2634032,474.1,134.0
2026-03-22T21:28:45Z,484,475688,2634032,464.5,153.8
2026-03-22T21:28:47Z,485,478648,2634032,467.4,190.8
2026-03-22T21:28:48Z,486,458524,2634032,447.8,127.8
2026-03-22T21:28:49Z,487,430532,2634032,420.4,107.2
2026-03-22T21:28:50Z,488,414024,2634032,404.3,98.9
2026-03-22T21:28:51Z,489,404560,2634032,395.1,86.6
2026-03-22T21:28:52Z,490,390516,2634032,381.4,115.5
2026-03-22T21:28:53Z,491,387252,2634032,378.2,129.5
2026-03-22T21:28:54Z,492,368500,2634032,359.9,131.6
2026-03-22T21:28:55Z,493,374316,2634032,365.5,112.8
2026-03-22T21:28:56Z,494,375996,2634032,367.2,112.1
2026-03-22T21:28:57Z,495,366984,2634032,358.4,106.2
2026-03-22T21:28:58Z,496,368516,2634032,359.9,116.4
2026-03-22T21:28:59Z,497,362532,2634032,354.0,141.4
2026-03-22T21:29:00Z,498,375292,2634032,366.5,156.5
2026-03-22T21:29:02Z,499,381256,2634032,372.3,163.6
2026-03-22T21:29:03Z,500,381820,2634032,372.9,181.5
2026-03-22T21:29:04Z,501,380032,2634032,371.1,200.2
2026-03-22T21:29:05Z,502,376224,2634032,367.4,121.1
2026-03-22T21:29:06Z,503,368608,2634032,360.0,89.3
2026-03-22T21:29:07Z,504,363996,2634032,355.5,100.0
2026-03-22T21:29:08Z,505,369668,2634032,361.0,116.6
2026-03-22T21:29:09Z,506,359364,2634032,350.9,112.2
2026-03-22T21:29:10Z,507,361268,2634032,352.8,108.0
2026-03-22T21:29:11Z,508,364232,2634032,355.7,116.5
2026-03-22T21:29:12Z,509,363564,2634032,355.0,142.3
2026-03-22T21:29:13Z,510,363088,2634032,354.6,99.5
2026-03-22T21:29:14Z,511,363088,2634032,354.6,0.0
2026-03-22T21:29:16Z,512,341192,2634032,333.2,29.9
2026-03-22T21:29:17Z,513,325072,2634032,317.5,142.2
2026-03-22T21:29:18Z,514,436996,2634032,426.8,193.9
2026-03-22T21:29:19Z,515,511096,2634032,499.1,197.6
2026-03-22T21:29:20Z,516,536876,2634032,524.3,144.7
2026-03-22T21:29:21Z,517,517896,2634032,505.8,177.2
2026-03-22T21:29:22Z,518,518124,2634032,506.0,116.6
2026-03-22T21:29:23Z,519,522324,2634032,510.1,144.5
2026-03-22T21:29:24Z,520,511456,2634032,499.5,167.7
2026-03-22T21:29:25Z,521,486152,2634032,474.8,175.8
2026-03-22T21:29:26Z,522,483636,2634032,472.3,182.5
2026-03-22T21:29:27Z,523,450720,2634032,440.2,103.2
2026-03-22T21:29:28Z,524,417772,2634032,408.0,80.8
2026-03-22T21:29:29Z,525,401964,2634032,392.5,72.5
2026-03-22T21:29:31Z,526,387884,2634032,378.8,65.3
2026-03-22T21:29:32Z,527,396476,2634032,387.2,120.3
2026-03-22T21:29:33Z,528,553016,2634032,540.1,203.7
2026-03-22T21:29:34Z,529,753204,2634032,735.6,190.0
2026-03-22T21:29:35Z,530,712892,2668848,696.2,218.2
2026-03-22T21:29:36Z,531,707100,2668848,690.5,104.2
2026-03-22T21:29:37Z,532,685524,2668848,669.5,103.4
2026-03-22T21:29:38Z,533,672208,2668848,656.5,63.1
2026-03-22T21:29:39Z,534,622572,2668848,608.0,92.3
2026-03-22T21:29:40Z,535,607600,2668848,593.4,110.0
2026-03-22T21:29:41Z,536,552220,2668848,539.3,125.0
2026-03-22T21:29:42Z,537,482680,2668848,471.4,130.5
2026-03-22T21:29:43Z,538,480928,2668848,469.7,131.7
2026-03-22T21:29:44Z,539,461032,2668848,450.2,124.4
2026-03-22T21:29:46Z,540,447744,2668848,437.2,143.5
2026-03-22T21:29:47Z,541,438472,2668848,428.2,146.1
2026-03-22T21:29:48Z,542,423324,2668848,413.4,109.1
2026-03-22T21:29:49Z,543,419448,2668848,409.6,129.4
2026-03-22T21:29:50Z,544,416636,2668848,406.9,144.4
2026-03-22T21:29:51Z,545,391400,2668848,382.2,152.9
2026-03-22T21:29:52Z,546,414308,2668848,404.6,167.4
2026-03-22T21:29:53Z,547,413528,2668848,403.8,175.8
2026-03-22T21:29:54Z,548,410588,2668848,401.0,166.8
2026-03-22T21:29:55Z,549,441176,2668848,430.8,97.6
2026-03-22T21:29:56Z,550,424988,2668848,415.0,119.1
2026-03-22T21:29:57Z,551,405016,2668848,395.5,137.7
2026-03-22T21:29:58Z,552,417628,2668848,407.8,150.0
2026-03-22T21:30:00Z,553,414372,2668848,404.7,159.2
2026-03-22T21:30:01Z,554,418780,2668848,409.0,115.4
2026-03-22T21:30:02Z,555,414444,2668848,404.7,111.8
2026-03-22T21:30:03Z,556,400732,2668848,391.3,122.1
2026-03-22T21:30:04Z,557,416740,2668848,407.0,127.6
2026-03-22T21:30:05Z,558,431792,2668848,421.7,145.1
2026-03-22T21:30:06Z,559,419388,2668848,409.6,124.7
2026-03-22T21:30:07Z,560,399676,2668848,390.3,122.8
2026-03-22T21:30:08Z,561,409080,2668848,399.5,136.8
2026-03-22T21:30:09Z,562,428908,2668848,418.9,160.1
2026-03-22T21:30:10Z,563,406920,2668848,397.4,151.5
2026-03-22T21:30:11Z,564,387924,2668848,378.8,164.8
2026-03-22T21:30:12Z,565,473820,2668848,462.7,180.6
2026-03-22T21:30:13Z,566,456424,2668848,445.7,169.0
2026-03-22T21:30:15Z,567,448352,2668848,437.8,163.9
2026-03-22T21:30:16Z,568,466364,2668848,455.4,194.9
2026-03-22T21:30:17Z,569,557728,2668848,544.7,209.7
2026-03-22T21:30:18Z,570,537952,2668848,525.3,197.5
2026-03-22T21:30:19Z,571,515856,2668848,503.8,201.4
2026-03-22T21:30:20Z,572,537220,2668848,524.6,108.2
2026-03-22T21:30:21Z,573,536264,2668848,523.7,79.6
2026-03-22T21:30:22Z,574,502656,2668848,490.9,108.4
2026-03-22T21:30:23Z,575,495644,2668848,484.0,109.1
2026-03-22T21:30:24Z,576,482792,2668848,471.5,140.2
2026-03-22T21:30:25Z,577,469208,2668848,458.2,156.7
2026-03-22T21:30:26Z,578,470272,2668848,459.2,166.8
2026-03-22T21:30:27Z,579,439268,2668848,429.0,160.0
2026-03-22T21:30:28Z,580,428656,2668848,418.6,138.2
2026-03-22T21:30:30Z,581,428680,2668848,418.6,170.4
2026-03-22T21:30:31Z,582,420936,2668848,411.1,116.2
2026-03-22T21:30:32Z,583,404800,2668848,395.3,119.4
2026-03-22T21:30:33Z,584,401360,2668848,392.0,125.0
2026-03-22T21:30:34Z,585,434480,2668848,424.3,133.2
2026-03-22T21:30:35Z,586,426940,2668848,416.9,154.6
2026-03-22T21:30:36Z,587,412780,2668848,403.1,161.4
2026-03-22T21:30:37Z,588,411080,2668848,401.4,134.1
2026-03-22T21:30:38Z,589,430048,2668848,420.0,129.6
2026-03-22T21:30:39Z,590,426772,2668848,416.8,128.8
2026-03-22T21:30:40Z,591,424472,2668848,414.5,135.0
2026-03-22T21:30:41Z,592,407752,2668848,398.2,142.3
2026-03-22T21:30:42Z,593,389496,2668848,380.4,150.9
2026-03-22T21:30:44Z,594,407272,2668848,397.7,108.4
2026-03-22T21:30:45Z,595,410656,2668848,401.0,140.7
2026-03-22T21:30:46Z,596,425548,2668848,415.6,158.4
2026-03-22T21:30:47Z,597,430032,2668848,420.0,138.9
2026-03-22T21:30:48Z,598,413636,2668848,403.9,122.3
2026-03-22T21:30:49Z,599,429240,2668848,419.2,101.7
2026-03-22T21:30:50Z,600,417580,2668848,407.8,106.2
2026-03-22T21:30:51Z,601,415136,2668848,405.4,96.8
2026-03-22T21:30:52Z,602,406336,2668848,396.8,131.5
2026-03-22T21:30:53Z,603,428320,2668848,418.3,147.7
2026-03-22T21:30:54Z,604,419780,2668848,409.9,154.0
2026-03-22T21:30:55Z,605,418232,2668848,408.4,121.1
2026-03-22T21:30:56Z,606,439988,2668848,429.7,137.9
2026-03-22T21:30:57Z,607,434680,2668848,424.5,148.5
2026-03-22T21:30:59Z,608,421656,2668848,411.8,178.0
2026-03-22T21:31:00Z,609,417428,2668848,407.6,169.3
2026-03-22T21:31:01Z,610,409412,2668848,399.8,163.4
2026-03-22T21:31:02Z,611,415532,2668848,405.8,156.3
2026-03-22T21:31:03Z,612,417212,2668848,407.4,156.8
2026-03-22T21:31:04Z,613,438260,2668848,428.0,210.7
2026-03-22T21:31:05Z,614,458764,2668848,448.0,204.2
2026-03-22T21:31:06Z,615,491116,2668848,479.6,150.2
2026-03-22T21:31:07Z,616,501416,2668848,489.7,116.5
2026-03-22T21:31:08Z,617,470060,2668848,459.0,112.7
2026-03-22T21:31:09Z,618,456440,2668848,445.7,144.3
2026-03-22T21:31:10Z,619,452400,2668848,441.8,146.5
2026-03-22T21:31:11Z,620,444776,2668848,434.4,130.4
2026-03-22T21:31:12Z,621,433120,2668848,423.0,101.5
2026-03-22T21:31:14Z,622,415220,2668848,405.5,130.3
2026-03-22T21:31:15Z,623,398060,2668848,388.7,129.2
2026-03-22T21:31:16Z,624,397624,2668848,388.3,71.8
2026-03-22T21:31:17Z,625,397624,2668848,388.3,0.0
2026-03-22T21:31:18Z,626,373404,2668848,364.7,18.7
2026-03-22T21:31:19Z,627,342908,2668848,334.9,148.1
2026-03-22T21:31:20Z,628,437224,2668848,427.0,135.8
2026-03-22T21:31:21Z,629,516244,2668848,504.1,113.7
2026-03-22T21:31:22Z,630,499432,2668848,487.7,107.8
2026-03-22T21:31:23Z,631,470180,2668848,459.2,155.2
2026-03-22T21:31:24Z,632,476736,2668848,465.6,159.7
2026-03-22T21:31:25Z,633,515440,2668848,503.4,102.4
2026-03-22T21:31:26Z,634,513376,2668848,501.3,116.3
2026-03-22T21:31:28Z,635,475936,2668848,464.8,109.6
2026-03-22T21:31:29Z,636,434820,2668848,424.6,92.3
2026-03-22T21:31:30Z,637,411924,2668848,402.3,72.6
2026-03-22T21:31:31Z,638,398820,2668848,389.5,69.2
2026-03-22T21:31:32Z,639,396572,2668848,387.3,103.7
2026-03-22T21:31:33Z,640,483728,2668848,472.4,127.7
2026-03-22T21:31:34Z,641,624100,2668848,609.5,122.8
2026-03-22T21:31:35Z,642,719180,2681136,702.3,109.7
2026-03-22T21:31:36Z,643,719576,2681136,702.7,130.0
2026-03-22T21:31:37Z,644,684388,2681136,668.3,114.2
2026-03-22T21:31:38Z,645,679904,2681136,664.0,157.4
2026-03-22T21:31:39Z,646,690020,2681136,673.8,149.2
2026-03-22T21:31:40Z,647,714676,2681136,697.9,135.5
2026-03-22T21:31:41Z,648,611148,2681136,596.8,130.3
2026-03-22T21:31:43Z,649,589448,2681136,575.6,143.9
2026-03-22T21:31:44Z,650,580620,2681136,567.0,153.2
2026-03-22T21:31:45Z,651,533816,2681136,521.3,130.4
2026-03-22T21:31:46Z,652,536940,2681136,524.4,55.9
2026-03-22T21:31:47Z,653,485780,2681136,474.4,101.2
2026-03-22T21:31:48Z,654,505644,2681136,493.8,93.1
2026-03-22T21:31:49Z,655,489560,2681136,478.1,104.0
2026-03-22T21:31:50Z,656,455596,2681136,444.9,105.4
2026-03-22T21:31:51Z,657,461504,2681136,450.7,98.8
2026-03-22T21:31:52Z,658,431292,2681136,421.2,120.4
2026-03-22T21:31:53Z,659,450784,2681136,440.2,102.5
2026-03-22T21:31:54Z,660,440428,2681136,430.1,138.8
2026-03-22T21:31:55Z,661,422200,2681136,412.3,151.4
2026-03-22T21:31:57Z,662,435504,2681136,425.3,171.5
2026-03-22T21:31:58Z,663,428544,2681136,418.5,184.2
2026-03-22T21:31:59Z,664,427720,2681136,417.7,174.4
2026-03-22T21:32:00Z,665,448340,2681136,437.8,142.7
2026-03-22T21:32:01Z,666,428760,2681136,418.7,128.6
2026-03-22T21:32:02Z,667,434424,2681136,424.2,126.1
2026-03-22T21:32:03Z,668,428952,2681136,418.9,157.3
2026-03-22T21:32:04Z,669,418768,2681136,409.0,149.9
2026-03-22T21:32:05Z,670,402120,2681136,392.7,177.8
2026-03-22T21:32:06Z,671,463636,2681136,452.8,214.1
2026-03-22T21:32:07Z,672,505784,2681136,493.9,201.5
2026-03-22T21:32:08Z,673,507800,2681136,495.9,209.5
2026-03-22T21:32:09Z,674,496116,2681136,484.5,181.8
2026-03-22T21:32:10Z,675,510492,2681136,498.5,175.4
2026-03-22T21:32:12Z,676,524076,2681136,511.8,174.3
2026-03-22T21:32:13Z,677,524972,2681136,512.7,182.0
2026-03-22T21:32:14Z,678,551488,2681136,538.6,207.8
2026-03-22T21:32:15Z,679,520336,2681136,508.1,212.7
2026-03-22T21:32:16Z,680,496760,2681136,485.1,173.5
2026-03-22T21:32:17Z,681,505540,2681136,493.7,151.0
2026-03-22T21:32:18Z,682,477000,2681136,465.8,150.6
2026-03-22T21:32:19Z,683,451420,2681136,440.8,45.6
2026-03-22T21:32:20Z,684,435220,2681136,425.0,51.1
2026-03-22T21:32:21Z,685,408236,2681136,398.7,67.0
2026-03-22T21:32:22Z,686,411308,2681136,401.7,89.4
2026-03-22T21:32:23Z,687,383120,2681136,374.1,111.0
2026-03-22T21:32:24Z,688,377864,2681136,369.0,119.1
2026-03-22T21:32:25Z,689,396560,2681136,387.3,123.1
2026-03-22T21:32:27Z,690,394396,2681136,385.2,100.7
2026-03-22T21:32:28Z,691,392812,2681136,383.6,128.7
2026-03-22T21:32:29Z,692,395992,2681136,386.7,95.1
2026-03-22T21:32:30Z,693,396532,2681136,387.2,120.2
2026-03-22T21:32:31Z,694,384392,2681136,375.4,132.4
2026-03-22T21:32:32Z,695,388868,2681136,379.8,123.9
2026-03-22T21:32:33Z,696,395076,2681136,385.8,118.5
2026-03-22T21:32:34Z,697,390320,2681136,381.2,127.8
2026-03-22T21:32:35Z,698,373400,2681136,364.6,118.5
2026-03-22T21:32:36Z,699,383568,2681136,374.6,110.9
2026-03-22T21:32:37Z,700,383552,2681136,374.6,82.0
2026-03-22T21:32:38Z,701,377716,2681136,368.9,82.1
2026-03-22T21:32:39Z,702,383528,2681136,374.5,107.2
2026-03-22T21:32:40Z,703,381900,2681136,372.9,124.9
2026-03-22T21:32:42Z,704,379816,2681136,370.9,135.1
2026-03-22T21:32:43Z,705,382376,2681136,373.4,105.2
2026-03-22T21:32:44Z,706,387568,2681136,378.5,142.3
2026-03-22T21:32:45Z,707,399672,2681136,390.3,135.3
2026-03-22T21:32:46Z,708,388896,2681136,379.8,138.6
2026-03-22T21:32:47Z,709,383224,2681136,374.2,153.0
2026-03-22T21:32:48Z,710,404776,2681136,395.3,185.2
2026-03-22T21:32:49Z,711,398268,2681136,388.9,141.5
2026-03-22T21:32:50Z,712,442444,2681136,432.1,153.6
2026-03-22T21:32:51Z,713,431252,2681136,421.1,143.1
2026-03-22T21:32:52Z,714,424956,2681136,415.0,146.5
2026-03-22T21:32:53Z,715,407936,2681136,398.4,141.0
2026-03-22T21:32:54Z,716,405084,2681136,395.6,152.9
2026-03-22T21:32:56Z,717,408788,2681136,399.2,133.5
2026-03-22T21:32:57Z,718,437456,2681136,427.2,134.8
2026-03-22T21:32:58Z,719,414204,2681136,404.5,124.8
2026-03-22T21:32:59Z,720,402376,2681136,392.9,143.8
2026-03-22T21:33:00Z,721,420404,2681136,410.6,96.1
2026-03-22T21:33:01Z,722,396120,2681136,386.8,110.9
2026-03-22T21:33:02Z,723,387916,2681136,378.8,101.6
2026-03-22T21:33:03Z,724,394124,2681136,384.9,76.4
2026-03-22T21:33:04Z,725,384284,2681136,375.3,104.2
2026-03-22T21:33:05Z,726,368948,2681136,360.3,103.3
2026-03-22T21:33:06Z,727,385968,2681136,376.9,120.3
2026-03-22T21:33:07Z,728,379184,2681136,370.3,123.9
2026-03-22T21:33:08Z,729,413980,2681136,404.3,104.3
2026-03-22T21:33:09Z,730,419508,2681136,409.7,138.6
2026-03-22T21:33:11Z,731,422868,2681136,413.0,161.3
2026-03-22T21:33:12Z,732,410008,2681136,400.4,165.0
2026-03-22T21:33:13Z,733,422388,2681136,412.5,154.6
2026-03-22T21:33:14Z,734,415856,2681136,406.1,145.2
2026-03-22T21:33:15Z,735,440500,2681136,430.2,160.2
2026-03-22T21:33:16Z,736,431728,2681136,421.6,171.3
2026-03-22T21:33:17Z,737,423344,2681136,413.4,183.5
2026-03-22T21:33:18Z,738,419416,2681136,409.6,160.6
2026-03-22T21:33:19Z,739,419416,2681136,409.6,0.0
2026-03-22T21:33:20Z,740,412656,2681136,403.0,5.6
2026-03-22T21:33:21Z,741,336760,2681136,328.9,147.7
2026-03-22T21:33:22Z,742,383820,2681136,374.8,175.7
2026-03-22T21:33:23Z,743,534292,2681136,521.8,162.1
2026-03-22T21:33:24Z,744,545984,2681136,533.2,152.2
2026-03-22T21:33:26Z,745,536160,2681136,523.6,110.2
2026-03-22T21:33:27Z,746,520616,2681136,508.4,131.0
2026-03-22T21:33:28Z,747,508952,2681136,497.0,75.4
2026-03-22T21:33:29Z,748,479156,2681136,467.9,79.1
2026-03-22T21:33:30Z,749,459632,2681136,448.9,67.1
2026-03-22T21:33:31Z,750,429280,2681136,419.2,69.9
2026-03-22T21:33:32Z,751,447676,2681136,437.2,109.9
2026-03-22T21:33:33Z,752,515144,2681136,503.1,117.5
2026-03-22T21:33:34Z,753,635388,2681136,620.5,129.0
2026-03-22T21:33:35Z,754,673976,2681136,658.2,112.7
2026-03-22T21:33:36Z,755,639760,2681136,624.8,126.6
2026-03-22T21:33:37Z,756,621876,2681136,607.3,149.7
2026-03-22T21:33:38Z,757,625336,2681136,610.7,137.8
2026-03-22T21:33:40Z,758,631124,2681136,616.3,84.0
2026-03-22T21:33:41Z,759,576308,2681136,562.8,100.4
2026-03-22T21:33:42Z,760,506532,2681136,494.7,110.1
2026-03-22T21:33:43Z,761,480288,2681136,469.0,154.3
2026-03-22T21:33:44Z,762,532496,2681136,520.0,132.4
2026-03-22T21:33:45Z,763,482980,2681136,471.7,146.4
2026-03-22T21:33:46Z,764,491756,2681136,480.2,79.3
2026-03-22T21:33:47Z,765,482024,2681136,470.7,94.3
2026-03-22T21:33:48Z,766,448564,2681136,438.1,88.3
2026-03-22T21:33:49Z,767,442696,2681136,432.3,116.5
2026-03-22T21:33:50Z,768,435816,2681136,425.6,132.3
2026-03-22T21:33:51Z,769,449056,2681136,438.5,69.0
2026-03-22T21:33:52Z,770,426924,2681136,416.9,103.4
2026-03-22T21:33:53Z,771,413068,2681136,403.4,94.3
2026-03-22T21:33:55Z,772,420512,2681136,410.7,125.0
2026-03-22T21:33:56Z,773,417028,2681136,407.3,145.3
2026-03-22T21:33:57Z,774,405844,2681136,396.3,145.4
2026-03-22T21:33:58Z,775,410280,2681136,400.7,154.7
2026-03-22T21:33:59Z,776,441524,2681136,431.2,136.8
2026-03-22T21:34:00Z,777,416876,2681136,407.1,127.8
2026-03-22T21:34:01Z,778,405124,2681136,395.6,136.6
2026-03-22T21:34:02Z,779,410596,2681136,401.0,128.7
2026-03-22T21:34:03Z,780,415664,2681136,405.9,134.2
2026-03-22T21:34:04Z,781,431676,2681136,421.6,167.4
2026-03-22T21:34:05Z,782,417692,2681136,407.9,189.2
2026-03-22T21:34:06Z,783,467496,2681136,456.5,197.7
2026-03-22T21:34:07Z,784,496320,2681136,484.7,176.5
2026-03-22T21:34:08Z,785,514424,2681136,502.4,139.8
2026-03-22T21:34:10Z,786,480792,2681136,469.5,182.8
2026-03-22T21:34:11Z,787,476992,2681136,465.8,164.1
2026-03-22T21:34:12Z,788,473436,2681136,462.3,164.6
2026-03-22T21:34:13Z,789,468556,2681136,457.6,97.6
2026-03-22T21:34:14Z,790,446564,2681136,436.1,123.6
2026-03-22T21:34:15Z,791,445328,2681136,434.9,92.1
2026-03-22T21:34:16Z,792,432532,2681136,422.4,106.1
2026-03-22T21:34:17Z,793,430476,2681136,420.4,148.4
2026-03-22T21:34:18Z,794,426108,2681136,416.1,151.8
2026-03-22T21:34:19Z,795,405324,2681136,395.8,134.1
2026-03-22T21:34:20Z,796,418720,2681136,408.9,99.0
2026-03-22T21:34:21Z,797,403280,2681136,393.8,117.3
2026-03-22T21:34:22Z,798,390664,2681136,381.5,118.3
2026-03-22T21:34:24Z,799,376712,2681136,367.9,146.7
2026-03-22T21:34:25Z,800,377320,2681136,368.5,116.4
2026-03-22T21:34:26Z,801,380820,2681136,371.9,131.2
2026-03-22T21:34:27Z,802,369788,2681136,361.1,126.8
2026-03-22T21:34:28Z,803,382612,2681136,373.6,107.5
2026-03-22T21:34:29Z,804,388300,2681136,379.2,76.4
2026-03-22T21:34:30Z,805,377912,2681136,369.1,84.1
2026-03-22T21:34:31Z,806,378912,2681136,370.0,89.3
2026-03-22T21:34:32Z,807,388240,2681136,379.1,113.8
2026-03-22T21:34:33Z,808,437156,2681136,426.9,106.2
2026-03-22T21:34:34Z,809,422248,2681136,412.4,129.7
2026-03-22T21:34:35Z,810,411832,2681136,402.2,123.7
2026-03-22T21:34:36Z,811,433844,2681136,423.7,109.3
2026-03-22T21:34:37Z,812,422532,2681136,412.6,88.6
2026-03-22T21:34:39Z,813,411648,2681136,402.0,115.3
2026-03-22T21:34:40Z,814,411136,2681136,401.5,123.8
2026-03-22T21:34:41Z,815,419940,2681136,410.1,152.6
2026-03-22T21:34:42Z,816,410760,2681136,401.1,164.1
2026-03-22T21:34:43Z,817,411764,2681136,402.1,140.1
2026-03-22T21:34:44Z,818,391064,2681136,381.9,145.6
2026-03-22T21:34:45Z,819,414908,2681136,405.2,130.4
2026-03-22T21:34:46Z,820,414080,2681136,404.4,116.8
2026-03-22T21:34:47Z,821,412320,2681136,402.7,144.4
2026-03-22T21:34:48Z,822,401844,2681136,392.4,154.0
2026-03-22T21:34:49Z,823,402736,2681136,393.3,170.4
2026-03-22T21:34:50Z,824,402216,2681136,392.8,172.3
2026-03-22T21:34:51Z,825,391328,2681136,382.2,139.8
2026-03-22T21:34:52Z,826,387528,2681136,378.4,168.4
2026-03-22T21:34:54Z,827,381948,2681136,373.0,172.9
2026-03-22T21:34:55Z,828,401452,2681136,392.0,212.4
2026-03-22T21:34:56Z,829,451980,2681136,441.4,140.7
2026-03-22T21:34:57Z,830,483556,2681136,472.2,154.2
2026-03-22T21:34:58Z,831,471476,2681136,460.4,100.5
2026-03-22T21:34:59Z,832,464188,2681136,453.3,84.8
2026-03-22T21:35:00Z,833,451416,2681136,440.8,64.2
2026-03-22T21:35:01Z,834,421792,2681136,411.9,68.1
2026-03-22T21:35:02Z,835,422860,2681136,412.9,99.6
2026-03-22T21:35:03Z,836,483528,2681136,472.2,101.6
2026-03-22T21:35:04Z,837,611732,2681136,597.4,121.0
2026-03-22T21:35:05Z,838,694244,2681136,678.0,137.0
2026-03-22T21:35:06Z,839,677796,2681136,661.9,165.7
2026-03-22T21:35:08Z,840,658100,2681136,642.7,159.9
2026-03-22T21:35:09Z,841,657256,2681136,641.9,197.6
2026-03-22T21:35:10Z,842,672032,2681136,656.3,184.7
2026-03-22T21:35:11Z,843,671808,2681136,656.1,203.5
2026-03-22T21:35:12Z,844,638932,2681136,624.0,203.1
2026-03-22T21:35:13Z,845,587652,2681136,573.9,198.8
2026-03-22T21:35:14Z,846,560988,2681136,547.8,198.1
2026-03-22T21:35:15Z,847,739316,3205424,722.0,222.3
2026-03-22T21:35:16Z,848,735732,3205424,718.5,212.7
2026-03-22T21:35:17Z,849,722544,3205424,705.6,212.0
2026-03-22T21:35:18Z,850,745712,3205424,728.2,215.6
2026-03-22T21:35:19Z,851,751488,3205424,733.9,200.1
2026-03-22T21:35:20Z,852,725048,3205424,708.1,240.1
2026-03-22T21:35:21Z,853,725048,3205424,708.1,0.0
2026-03-22T21:35:23Z,854,725048,3205424,708.1,1.9
2026-03-22T21:35:24Z,855,659276,3205424,643.8,132.7
2026-03-22T21:35:25Z,856,665996,3205424,650.4,178.8
2026-03-22T21:35:26Z,857,757096,3205424,739.4,195.8
2026-03-22T21:35:27Z,858,794152,3205424,775.5,160.4
2026-03-22T21:35:28Z,859,760248,3205424,742.4,176.3
2026-03-22T21:35:29Z,860,762288,3205424,744.4,197.5
2026-03-22T21:35:30Z,861,754704,3205424,737.0,202.0
2026-03-22T21:35:31Z,862,725764,3205424,708.8,114.5
2026-03-22T21:35:32Z,863,705628,3205424,689.1,128.1
2026-03-22T21:35:33Z,864,687384,3205424,671.3,138.7
2026-03-22T21:35:34Z,865,632796,3205424,618.0,142.8
2026-03-22T21:35:35Z,866,668704,3205424,653.0,183.5
2026-03-22T21:35:36Z,867,659300,3205424,643.8,152.7
2026-03-22T21:35:38Z,868,645560,3205424,630.4,110.0
2026-03-22T21:35:39Z,869,636032,3205424,621.1,127.9
2026-03-22T21:35:40Z,870,631436,3205424,616.6,136.7
2026-03-22T21:35:41Z,871,611636,3205424,597.3,157.7
2026-03-22T21:35:42Z,872,623508,3205424,608.9,106.3
2026-03-22T21:35:43Z,873,611944,3205424,597.6,121.0
2026-03-22T21:35:44Z,874,598592,3205424,584.6,126.7
2026-03-22T21:35:45Z,875,603376,3205424,589.2,110.2
2026-03-22T21:35:46Z,876,609088,3205424,594.8,135.2
2026-03-22T21:35:47Z,877,603840,3205424,589.7,159.6
2026-03-22T21:35:48Z,878,602232,3205424,588.1,160.2
2026-03-22T21:35:49Z,879,602772,3205424,588.6,85.7
2026-03-22T21:35:50Z,880,602376,3205424,588.3,81.0
2026-03-22T21:35:51Z,881,600972,3205424,586.9,110.0
2026-03-22T21:35:53Z,882,591432,3205424,577.6,122.8
2026-03-22T21:35:54Z,883,588768,3205424,575.0,128.9
2026-03-22T21:35:55Z,884,599308,3205424,585.3,165.1
2026-03-22T21:35:56Z,885,610156,3205424,595.9,166.4
2026-03-22T21:35:57Z,886,611372,3205424,597.0,170.7
2026-03-22T21:35:58Z,887,596628,3205424,582.6,180.6
2026-03-22T21:35:59Z,888,622184,3205424,607.6,224.1
2026-03-22T21:36:00Z,889,670292,3205424,654.6,202.2
2026-03-22T21:36:01Z,890,710536,3205424,693.9,209.7
2026-03-22T21:36:02Z,891,724988,3205424,708.0,208.4
2026-03-22T21:36:03Z,892,744640,3205424,727.2,227.0
2026-03-22T21:36:04Z,893,709324,3205424,692.7,211.1
2026-03-22T21:36:05Z,894,711784,3205424,695.1,185.9
2026-03-22T21:36:06Z,895,719168,3205424,702.3,193.5
2026-03-22T21:36:08Z,896,730432,3205424,713.3,202.2
2026-03-22T21:36:09Z,897,727752,3205424,710.7,204.7
2026-03-22T21:36:10Z,898,719360,3205424,702.5,194.3
2026-03-22T21:36:11Z,899,718724,3205424,701.9,229.3
2026-03-22T21:36:12Z,900,726600,3205424,709.6,226.2
2026-03-22T21:36:13Z,901,734184,3205424,717.0,214.0
2026-03-22T21:36:14Z,902,730272,3205424,713.2,223.8
2026-03-22T21:36:15Z,903,717684,3205424,700.9,190.7
2026-03-22T21:36:16Z,904,716536,3205424,699.7,205.0
2026-03-22T21:36:17Z,905,731952,3205424,714.8,209.3
2026-03-22T21:36:18Z,906,739572,3205424,722.2,216.0
2026-03-22T21:36:19Z,907,729568,3205424,712.5,209.1
2026-03-22T21:36:20Z,908,724924,3205424,707.9,217.5
2026-03-22T21:36:22Z,909,731344,3205424,714.2,213.0
2026-03-22T21:36:23Z,910,729084,3205424,712.0,208.5
2026-03-22T21:36:24Z,911,736360,3205424,719.1,204.3
2026-03-22T21:36:25Z,912,730684,3205424,713.6,184.0
2026-03-22T21:36:26Z,913,734980,3205424,717.8,117.3
2026-03-22T21:36:27Z,914,688460,3205424,672.3,121.1
2026-03-22T21:36:28Z,915,681760,3205424,665.8,133.7
2026-03-22T21:36:29Z,916,680992,3205424,665.0,157.6
2026-03-22T21:36:30Z,917,666636,3205424,651.0,173.5
2026-03-22T21:36:31Z,918,653976,3205424,638.6,140.0
2026-03-22T21:36:32Z,919,628192,3205424,613.5,154.5
2026-03-22T21:36:33Z,920,614052,3205424,599.7,167.2
2026-03-22T21:36:34Z,921,610808,3205424,596.5,175.4
2026-03-22T21:36:35Z,922,605904,3205424,591.7,213.9
2026-03-22T21:36:37Z,923,604976,3205424,590.8,196.4
2026-03-22T21:36:38Z,924,664400,3205424,648.8,191.0
2026-03-22T21:36:39Z,925,719188,3205424,702.3,218.3
2026-03-22T21:36:40Z,926,732592,3205424,715.4,212.2
2026-03-22T21:36:41Z,927,724376,3205424,707.4,220.7
2026-03-22T21:36:42Z,928,729488,3205424,712.4,208.2
2026-03-22T21:36:43Z,929,738764,3205424,721.4,190.1
2026-03-22T21:36:44Z,930,745304,3205424,727.8,197.0
2026-03-22T21:36:45Z,931,733448,3205424,716.3,193.6
2026-03-22T21:36:46Z,932,728412,3205424,711.3,223.4
2026-03-22T21:36:47Z,933,738856,3205424,721.5,188.3
2026-03-22T21:36:48Z,934,737696,3205424,720.4,203.3
2026-03-22T21:36:49Z,935,731052,3205424,713.9,200.1
2026-03-22T21:36:50Z,936,731684,3205424,714.5,209.6
2026-03-22T21:36:52Z,937,735224,3205424,718.0,210.1
2026-03-22T21:36:53Z,938,742304,3205424,724.9,220.1
2026-03-22T21:36:54Z,939,732316,3205424,715.2,210.7
2026-03-22T21:36:55Z,940,738980,3205424,721.7,199.8
2026-03-22T21:36:56Z,941,732888,3205424,715.7,198.7
2026-03-22T21:36:57Z,942,728540,3205424,711.5,201.2
2026-03-22T21:36:58Z,943,738856,3205424,721.5,198.1
2026-03-22T21:36:59Z,944,733808,3205424,716.6,198.4
2026-03-22T21:37:00Z,945,730144,3205424,713.0,201.2
2026-03-22T21:37:01Z,946,724604,3205424,707.6,208.2
2026-03-22T21:37:02Z,947,720788,3205424,703.9,204.2
2026-03-22T21:37:03Z,948,719416,3205424,702.6,204.9
2026-03-22T21:37:04Z,949,732224,3205424,715.1,211.0
2026-03-22T21:37:05Z,950,723232,3205424,706.3,206.6
2026-03-22T21:37:07Z,951,728328,3205424,711.3,202.2
2026-03-22T21:37:08Z,952,719772,3205424,702.9,188.2
2026-03-22T21:37:09Z,953,720980,3205424,704.1,215.4
2026-03-22T21:37:10Z,954,718860,3205424,702.0,190.2
2026-03-22T21:37:11Z,955,705852,3205424,689.3,196.3
2026-03-22T21:37:12Z,956,714356,3205424,697.6,198.5
2026-03-22T21:37:13Z,957,722876,3205424,705.9,193.5
2026-03-22T21:37:14Z,958,724920,3205424,707.9,206.2
2026-03-22T21:37:15Z,959,733860,3205424,716.7,201.6
2026-03-22T21:37:16Z,960,733436,3205424,716.2,221.3
2026-03-22T21:37:17Z,961,722940,3205424,706.0,211.6
2026-03-22T21:37:18Z,962,718152,3205424,701.3,194.3
2026-03-22T21:37:19Z,963,723896,3205424,706.9,187.4
2026-03-22T21:37:21Z,964,726768,3205424,709.7,200.2
2026-03-22T21:37:22Z,965,732140,3215664,715.0,203.1
2026-03-22T21:37:23Z,966,749720,3215664,732.1,217.7
2026-03-22T21:37:24Z,967,744508,3215664,727.1,58.1
2026-03-22T21:37:25Z,968,744508,3215664,727.1,0.0
2026-03-22T21:37:26Z,969,692656,3215664,676.4,131.5
2026-03-22T21:37:27Z,970,712720,3215664,696.0,184.4
2026-03-22T21:37:28Z,971,801568,3230000,782.8,211.6
2026-03-22T21:37:29Z,972,779632,3230000,761.4,206.4
2026-03-22T21:37:30Z,973,791780,3230000,773.2,211.3
2026-03-22T21:37:31Z,974,785232,3230000,766.8,158.8
2026-03-22T21:37:32Z,975,745132,3230000,727.7,164.0
2026-03-22T21:37:33Z,976,754568,3230000,736.9,198.8
2026-03-22T21:37:34Z,977,765644,3230000,747.7,202.6
2026-03-22T21:37:36Z,978,786304,3230000,767.9,183.6
2026-03-22T21:37:37Z,979,788992,3230000,770.5,206.6
2026-03-22T21:37:38Z,980,790716,3230000,772.2,199.1
2026-03-22T21:37:39Z,981,785344,3230000,766.9,221.2
2026-03-22T21:37:40Z,982,782348,3230000,764.0,202.6
2026-03-22T21:37:41Z,983,777108,3230000,758.9,208.1
2026-03-22T21:37:42Z,984,780820,3230000,762.5,203.2
2026-03-22T21:37:43Z,985,784412,3230000,766.0,197.5
2026-03-22T21:37:44Z,986,779616,3230000,761.3,205.4
2026-03-22T21:37:45Z,987,779612,3230000,761.3,209.0
2026-03-22T21:37:46Z,988,782688,3230000,764.3,213.7
2026-03-22T21:37:47Z,989,785116,3230000,766.7,209.6
2026-03-22T21:37:48Z,990,787496,3230000,769.0,207.1
2026-03-22T21:37:49Z,991,787204,3230000,768.8,205.4
2026-03-22T21:37:51Z,992,789692,3230000,771.2,221.0
2026-03-22T21:37:52Z,993,795700,3230000,777.1,196.6
2026-03-22T21:37:53Z,994,788472,3230000,770.0,219.4
2026-03-22T21:37:54Z,995,792840,3240240,774.3,196.7
2026-03-22T21:37:55Z,996,780928,3240240,762.6,166.2
2026-03-22T21:37:56Z,997,778332,3240240,760.1,206.0
2026-03-22T21:37:57Z,998,821060,3240240,801.8,197.1
2026-03-22T21:37:58Z,999,800896,3240240,782.1,212.3
2026-03-22T21:37:59Z,1000,788328,3240240,769.9,198.1
2026-03-22T21:38:00Z,1001,794508,3240240,775.9,201.0
2026-03-22T21:38:01Z,1002,789764,3240240,771.3,155.6
2026-03-22T21:38:02Z,1003,774792,3240240,756.6,183.1
2026-03-22T21:38:03Z,1004,778860,3240240,760.6,188.6
2026-03-22T21:38:04Z,1005,778932,3240240,760.7,196.2
2026-03-22T21:38:06Z,1006,764384,3240240,746.5,187.1
2026-03-22T21:38:07Z,1007,761984,3240240,744.1,195.2
2026-03-22T21:38:08Z,1008,752340,3240240,734.7,187.2
2026-03-22T21:38:09Z,1009,754568,3240240,736.9,204.7
2026-03-22T21:38:10Z,1010,790368,3240240,771.8,206.7
2026-03-22T21:38:11Z,1011,782820,3240240,764.5,205.4
2026-03-22T21:38:12Z,1012,783000,3240240,764.6,213.5
2026-03-22T21:38:13Z,1013,806724,3240240,787.8,169.1
2026-03-22T21:38:14Z,1014,794000,3240240,775.4,172.5
2026-03-22T21:38:15Z,1015,749344,3240240,731.8,181.3
2026-03-22T21:38:16Z,1016,747580,3240240,730.1,207.7
2026-03-22T21:38:17Z,1017,772508,3240240,754.4,205.2
2026-03-22T21:38:18Z,1018,786732,3240240,768.3,198.8
2026-03-22T21:38:19Z,1019,807968,3240240,789.0,184.6
2026-03-22T21:38:21Z,1020,779944,3240240,761.7,194.3
2026-03-22T21:38:22Z,1021,786492,3240240,768.1,193.1
2026-03-22T21:38:23Z,1022,781752,3240240,763.4,197.4
2026-03-22T21:38:24Z,1023,781532,3240240,763.2,205.3
2026-03-22T21:38:25Z,1024,783904,3240240,765.5,200.0
2026-03-22T21:38:26Z,1025,764960,3240240,747.0,194.2
2026-03-22T21:38:27Z,1026,753848,3240240,736.2,189.4
2026-03-22T21:38:28Z,1027,767044,3240240,749.1,193.5
2026-03-22T21:38:29Z,1028,760680,3240240,742.9,86.7
2026-03-22T21:38:30Z,1029,752496,3240240,734.9,65.1
2026-03-22T21:38:31Z,1030,726284,3240240,709.3,77.1
2026-03-22T21:38:32Z,1031,731360,3240240,714.2,83.6
2026-03-22T21:38:33Z,1032,741272,3240240,723.9,120.8
2026-03-22T21:38:35Z,1033,747592,3240240,730.1,102.5
2026-03-22T21:38:36Z,1034,753256,3240240,735.6,98.6
2026-03-22T21:38:37Z,1035,701884,3240240,685.4,110.0
2026-03-22T21:38:38Z,1036,702320,3240240,685.9,124.7
2026-03-22T21:38:39Z,1037,710844,3240240,694.2,138.9
2026-03-22T21:38:40Z,1038,694976,3240240,678.7,140.1
2026-03-22T21:38:41Z,1039,679908,3240240,664.0,118.6
2026-03-22T21:38:42Z,1040,689836,3240240,673.7,138.7
2026-03-22T21:38:43Z,1041,670088,3240240,654.4,138.0
2026-03-22T21:38:44Z,1042,661616,3240240,646.1,113.1
2026-03-22T21:38:45Z,1043,644756,3240240,629.6,122.8
2026-03-22T21:38:46Z,1044,634632,3240240,619.8,137.1
2026-03-22T21:38:47Z,1045,633352,3240240,618.5,156.4
2026-03-22T21:38:48Z,1046,628212,3240240,613.5,122.5
2026-03-22T21:38:50Z,1047,628196,3240240,613.5,135.6
2026-03-22T21:38:51Z,1048,628168,3240240,613.4,113.9
2026-03-22T21:38:52Z,1049,619248,3240240,604.7,130.3
2026-03-22T21:38:53Z,1050,624988,3240240,610.3,149.2
2026-03-22T21:38:54Z,1051,621280,3240240,606.7,144.7
2026-03-22T21:38:55Z,1052,644600,3240240,629.5,103.4
2026-03-22T21:38:56Z,1053,638076,3240240,623.1,105.4
2026-03-22T21:38:57Z,1054,631852,3240240,617.0,117.0
2026-03-22T21:38:58Z,1055,631916,3240240,617.1,92.2
2026-03-22T21:38:59Z,1056,627408,3240240,612.7,78.3
2026-03-22T21:39:00Z,1057,609868,3240240,595.6,109.8
2026-03-22T21:39:01Z,1058,629480,3240240,614.7,121.6
2026-03-22T21:39:02Z,1059,629516,3240240,614.8,140.9
2026-03-22T21:39:03Z,1060,647448,3240240,632.3,107.7
2026-03-22T21:39:05Z,1061,645908,3240240,630.8,112.0
2026-03-22T21:39:06Z,1062,643316,3240240,628.2,105.4
2026-03-22T21:39:07Z,1063,631640,3240240,616.8,96.2
2026-03-22T21:39:08Z,1064,641340,3240240,626.3,111.2
2026-03-22T21:39:09Z,1065,625612,3240240,610.9,116.5
2026-03-22T21:39:10Z,1066,619492,3240240,605.0,144.4
2026-03-22T21:39:11Z,1067,639180,3240240,624.2,137.3
2026-03-22T21:39:12Z,1068,638164,3240240,623.2,155.9
2026-03-22T21:39:13Z,1069,634124,3240240,619.3,93.1
2026-03-22T21:39:14Z,1070,626260,3240240,611.6,104.4
2026-03-22T21:39:15Z,1071,617808,3240240,603.3,121.8
2026-03-22T21:39:16Z,1072,608892,3240240,594.6,133.4
2026-03-22T21:39:17Z,1073,609916,3240240,595.6,139.7
2026-03-22T21:39:18Z,1074,655496,3240240,640.1,185.8
2026-03-22T21:39:20Z,1075,653084,3240240,637.8,173.3
2026-03-22T21:39:21Z,1076,646100,3240240,631.0,132.1
2026-03-22T21:39:22Z,1077,641528,3240240,626.5,153.4
2026-03-22T21:39:23Z,1078,623108,3240240,608.5,124.0
2026-03-22T21:39:24Z,1079,614880,3240240,600.5,139.6
2026-03-22T21:39:25Z,1080,671596,3240240,655.9,103.8
2026-03-22T21:39:26Z,1081,664260,3240240,648.7,31.7
2026-03-22T21:39:27Z,1082,664260,3240240,648.7,0.0
2026-03-22T21:39:28Z,1083,600672,3240240,586.6,55.0
2026-03-22T21:39:29Z,1084,584304,3240240,570.6,103.4
2026-03-22T21:39:30Z,1085,640012,3240240,625.0,87.7
2026-03-22T21:39:31Z,1086,659936,3240240,644.5,95.1
2026-03-22T21:39:32Z,1087,637076,3240240,622.1,141.3
2026-03-22T21:39:34Z,1088,627908,3240240,613.2,140.9
2026-03-22T21:39:35Z,1089,625380,3240240,610.7,146.9
2026-03-22T21:39:36Z,1090,633564,3240240,618.7,108.2
2026-03-22T21:39:37Z,1091,616348,3240240,601.9,143.5
2026-03-22T21:39:38Z,1092,604952,3240240,590.8,121.3
2026-03-22T21:39:39Z,1093,607712,3240240,593.5,110.0
2026-03-22T21:39:40Z,1094,597868,3240240,583.9,109.0
2026-03-22T21:39:41Z,1095,591352,3240240,577.5,117.4
2026-03-22T21:39:42Z,1096,574148,3240240,560.7,121.0
2026-03-22T21:39:43Z,1097,593312,3240240,579.4,149.3
2026-03-22T21:39:44Z,1098,583776,3240240,570.1,121.0
2026-03-22T21:39:45Z,1099,573104,3240240,559.7,109.6
2026-03-22T21:39:46Z,1100,590780,3240240,576.9,101.5
2026-03-22T21:39:47Z,1101,596168,3240240,582.2,134.0
2026-03-22T21:39:49Z,1102,583520,3240240,569.8,146.5
2026-03-22T21:39:50Z,1103,590584,3240240,576.7,146.4
2026-03-22T21:39:51Z,1104,588700,3240240,574.9,158.0
2026-03-22T21:39:52Z,1105,605772,3240240,591.6,173.7
2026-03-22T21:39:53Z,1106,610368,3240240,596.1,198.7
2026-03-22T21:39:54Z,1107,634236,3240240,619.4,230.3
2026-03-22T21:39:55Z,1108,634052,3240240,619.2,202.9
2026-03-22T21:39:56Z,1109,674056,3240240,658.3,126.8
2026-03-22T21:39:57Z,1110,690876,3240240,674.7,86.7
2026-03-22T21:39:58Z,1111,656936,3240240,641.5,136.1
2026-03-22T21:39:59Z,1112,674460,3240240,658.7,120.2
2026-03-22T21:40:00Z,1113,663692,3240240,648.1,120.4
2026-03-22T21:40:01Z,1114,649776,3240240,634.5,127.0
2026-03-22T21:40:02Z,1115,648432,3240240,633.2,87.2
2026-03-22T21:40:04Z,1116,635004,3240240,620.1,110.8
2026-03-22T21:40:05Z,1117,618588,3240240,604.1,124.2
2026-03-22T21:40:06Z,1118,603472,3240240,589.3,112.8
2026-03-22T21:40:07Z,1119,598252,3240240,584.2,113.4
2026-03-22T21:40:08Z,1120,591432,3240240,577.6,119.3
2026-03-22T21:40:09Z,1121,583188,3240240,569.5,83.9
2026-03-22T21:40:10Z,1122,567820,3240240,554.5,90.2
2026-03-22T21:40:11Z,1123,561640,3240240,548.5,117.3
2026-03-22T21:40:12Z,1124,581920,3240240,568.3,110.9
2026-03-22T21:40:13Z,1125,579812,3240240,566.2,124.0
2026-03-22T21:40:14Z,1126,577904,3240240,564.4,147.9
2026-03-22T21:40:15Z,1127,564252,3240240,551.0,164.2
2026-03-22T21:40:16Z,1128,594892,3240240,580.9,175.9
2026-03-22T21:40:18Z,1129,586004,3240240,572.3,147.8
2026-03-22T21:40:19Z,1130,583616,3240240,569.9,144.8
2026-03-22T21:40:20Z,1131,589728,3240240,575.9,62.4
2026-03-22T21:40:21Z,1132,577308,3240240,563.8,88.6
2026-03-22T21:40:22Z,1133,587472,3240240,573.7,104.5
2026-03-22T21:40:23Z,1134,578532,3240240,565.0,100.7
2026-03-22T21:40:24Z,1135,601516,3240240,587.4,85.8
2026-03-22T21:40:25Z,1136,580820,3240240,567.2,135.3
2026-03-22T21:40:26Z,1137,639880,3240240,624.9,87.5
2026-03-22T21:40:27Z,1138,631932,3240240,617.1,95.8
2026-03-22T21:40:28Z,1139,618396,3240240,603.9,88.5
2026-03-22T21:40:29Z,1140,611316,3240240,597.0,93.9
2026-03-22T21:40:30Z,1141,602004,3240240,587.9,91.4
2026-03-22T21:40:31Z,1142,583488,3240240,569.8,127.5
2026-03-22T21:40:33Z,1143,675264,3240240,659.4,125.6
2026-03-22T21:40:34Z,1144,827980,3240240,808.6,148.0
2026-03-22T21:40:35Z,1145,823096,3240240,803.8,176.0
2026-03-22T21:40:36Z,1146,818616,3240240,799.4,211.2
2026-03-22T21:40:37Z,1147,838852,3240240,819.2,165.0
2026-03-22T21:40:38Z,1148,820628,3240240,801.4,154.6
2026-03-22T21:40:39Z,1149,784060,3240240,765.7,151.8
2026-03-22T21:40:40Z,1150,783472,3240240,765.1,194.4
2026-03-22T21:40:41Z,1151,773016,3240240,754.9,199.5
2026-03-22T21:40:42Z,1152,721928,3240240,705.0,159.5
2026-03-22T21:40:43Z,1153,726672,3240240,709.6,124.1
2026-03-22T21:40:44Z,1154,710304,3240240,693.7,111.1
2026-03-22T21:40:45Z,1155,691056,3240240,674.9,120.1
2026-03-22T21:40:46Z,1156,682440,3240240,666.4,115.3
2026-03-22T21:40:48Z,1157,662048,3240240,646.5,112.8
2026-03-22T21:40:49Z,1158,654428,3240240,639.1,89.3
2026-03-22T21:40:50Z,1159,644288,3240240,629.2,103.6
2026-03-22T21:40:51Z,1160,641704,3240240,626.7,100.7
2026-03-22T21:40:52Z,1161,638244,3240240,623.3,133.4
2026-03-22T21:40:53Z,1162,632620,3240240,617.8,152.1
2026-03-22T21:40:54Z,1163,645684,3240240,630.6,170.6
2026-03-22T21:40:55Z,1164,653660,3240240,638.3,164.0
2026-03-22T21:40:56Z,1165,677480,3240240,661.6,212.5
2026-03-22T21:40:57Z,1166,693436,3240240,677.2,212.1
2026-03-22T21:40:58Z,1167,727728,3240240,710.7,219.5
2026-03-22T21:40:59Z,1168,732272,3240240,715.1,205.7
2026-03-22T21:41:00Z,1169,725192,3240240,708.2,197.0
2026-03-22T21:41:02Z,1170,751956,3240240,734.3,204.1
2026-03-22T21:41:03Z,1171,744420,3240240,727.0,217.2
2026-03-22T21:41:04Z,1172,736608,3240240,719.3,203.8
2026-03-22T21:41:05Z,1173,730308,3240240,713.2,195.0
2026-03-22T21:41:06Z,1174,736420,3240240,719.2,185.3
2026-03-22T21:41:07Z,1175,750860,3240240,733.3,201.6
2026-03-22T21:41:08Z,1176,761516,3240240,743.7,210.4
2026-03-22T21:41:09Z,1177,757660,3240240,739.9,210.8
2026-03-22T21:41:10Z,1178,732396,3240240,715.2,206.7
2026-03-22T21:41:11Z,1179,747732,3240240,730.2,208.9
2026-03-22T21:41:12Z,1180,761472,3240240,743.6,211.9
2026-03-22T21:41:13Z,1181,752192,3240240,734.6,213.5
2026-03-22T21:41:14Z,1182,741332,3240240,724.0,214.6
2026-03-22T21:41:15Z,1183,728384,3240240,711.3,198.0
2026-03-22T21:41:17Z,1184,753184,3240240,735.5,224.9
2026-03-22T21:41:18Z,1185,764416,3240240,746.5,215.9
2026-03-22T21:41:19Z,1186,735156,3240240,717.9,167.0
2026-03-22T21:41:20Z,1187,734076,3240240,716.9,115.8
2026-03-22T21:41:21Z,1188,693920,3240240,677.7,117.3
2026-03-22T21:41:22Z,1189,688180,3240240,672.1,134.4
2026-03-22T21:41:23Z,1190,698348,3240240,682.0,135.8
2026-03-22T21:41:24Z,1191,668496,3240240,652.8,152.8
2026-03-22T21:41:25Z,1192,656536,3240240,641.1,124.5
2026-03-22T21:41:26Z,1193,641824,3240240,626.8,135.2
2026-03-22T21:41:27Z,1194,628252,3240240,613.5,132.9
2026-03-22T21:41:28Z,1195,621724,3240240,607.2,29.7
2026-03-22T21:41:29Z,1196,621724,3240240,607.2,0.0
2026-03-22T21:41:30Z,1197,621724,3240240,607.2,0.0
2026-03-22T21:41:32Z,1198,621724,3240240,607.2,0.0
2026-03-22T21:41:33Z,1199,621724,3240240,607.2,0.0
2026-03-22T21:41:34Z,1200,621724,3240240,607.2,0.0
2026-03-22T21:41:35Z,1201,621724,3240240,607.2,0.0
2026-03-22T21:41:36Z,1202,621724,3240240,607.2,0.0
2026-03-22T21:41:37Z,1203,621724,3240240,607.2,0.0
2026-03-22T21:41:38Z,1204,621724,3240240,607.2,0.0
2026-03-22T21:41:39Z,1205,621724,3240240,607.2,0.0
2026-03-22T21:41:40Z,1206,621724,3240240,607.2,0.0
2026-03-22T21:41:41Z,1207,621724,3240240,607.2,0.0
2026-03-22T21:41:42Z,1208,621724,3240240,607.2,0.0
2026-03-22T21:41:43Z,1209,621724,3240240,607.2,0.0
2026-03-22T21:41:44Z,1210,621724,3240240,607.2,0.0
2026-03-22T21:41:46Z,1211,621724,3240240,607.2,0.0
2026-03-22T21:41:47Z,1212,621724,3240240,607.2,0.0
2026-03-22T21:41:48Z,1213,621724,3240240,607.2,0.9
2026-03-22T21:41:49Z,1214,621724,3240240,607.2,0.0
2026-03-22T21:41:50Z,1215,621724,3240240,607.2,0.0
2026-03-22T21:41:51Z,1216,621724,3240240,607.2,0.0
2026-03-22T21:41:52Z,1217,621724,3240240,607.2,0.0
2026-03-22T21:41:53Z,1218,621724,3240240,607.2,0.0
2026-03-22T21:41:54Z,1219,621724,3240240,607.2,0.0
2026-03-22T21:41:55Z,1220,621724,3240240,607.2,0.0
2026-03-22T21:41:56Z,1221,621724,3240240,607.2,0.0
2026-03-22T21:41:57Z,1222,621724,3240240,607.2,0.0
2026-03-22T21:41:58Z,1223,621724,3240240,607.2,0.0
2026-03-22T21:41:59Z,1224,621724,3240240,607.2,0.0
2026-03-22T21:42:01Z,1225,621724,3240240,607.2,0.0
2026-03-22T21:42:02Z,1226,621724,3240240,607.2,0.0
2026-03-22T21:42:03Z,1227,621724,3240240,607.2,0.0
2026-03-22T21:42:04Z,1228,621724,3240240,607.2,0.0
2026-03-22T21:42:05Z,1229,621724,3240240,607.2,0.0
2026-03-22T21:42:06Z,1230,621724,3240240,607.2,0.0
2026-03-22T21:42:07Z,1231,621724,3240240,607.2,0.0
2026-03-22T21:42:08Z,1232,621724,3240240,607.2,0.0
2026-03-22T21:42:09Z,1233,621724,3240240,607.2,0.0
2026-03-22T21:42:10Z,1234,621724,3240240,607.2,0.0
2026-03-22T21:42:11Z,1235,621724,3240240,607.2,0.0
2026-03-22T21:42:12Z,1236,621724,3240240,607.2,0.0
2026-03-22T21:42:13Z,1237,621724,3240240,607.2,0.0
2026-03-22T21:42:15Z,1238,621724,3240240,607.2,0.0
2026-03-22T21:42:16Z,1239,621724,3240240,607.2,0.0
2026-03-22T21:42:17Z,1240,621724,3240240,607.2,0.0
2026-03-22T21:42:18Z,1241,621724,3240240,607.2,0.0
2026-03-22T21:42:19Z,1242,621724,3240240,607.2,0.0
2026-03-22T21:42:20Z,1243,621724,3240240,607.2,0.0
2026-03-22T21:42:21Z,1244,621724,3240240,607.2,0.0
2026-03-22T21:42:22Z,1245,621724,3240240,607.2,0.0
2026-03-22T21:42:23Z,1246,621724,3240240,607.2,0.0
2026-03-22T21:42:24Z,1247,621724,3240240,607.2,0.0
2026-03-22T21:42:25Z,1248,621724,3240240,607.2,0.0
2026-03-22T21:42:26Z,1249,621724,3240240,607.2,0.0
2026-03-22T21:42:27Z,1250,621724,3240240,607.2,0.0
2026-03-22T21:42:28Z,1251,621724,3240240,607.2,0.0
2026-03-22T21:42:30Z,1252,621724,3240240,607.2,0.0
2026-03-22T21:42:31Z,1253,621724,3240240,607.2,0.0
2026-03-22T21:42:32Z,1254,621724,3240240,607.2,0.0
2026-03-22T21:42:33Z,1255,621724,3240240,607.2,0.0
2026-03-22T21:42:34Z,1256,621724,3240240,607.2,0.0
2026-03-22T21:42:35Z,1257,621724,3240240,607.2,0.0
2026-03-22T21:42:36Z,1258,621724,3240240,607.2,0.0
2026-03-22T21:42:37Z,1259,621724,3240240,607.2,0.0
2026-03-22T21:42:38Z,1260,621724,3240240,607.2,0.0
2026-03-22T21:42:39Z,1261,621724,3240240,607.2,0.0
2026-03-22T21:42:40Z,1262,621724,3240240,607.2,0.0
2026-03-22T21:42:41Z,1263,621724,3240240,607.2,0.0
2026-03-22T21:42:42Z,1264,621724,3240240,607.2,0.0
2026-03-22T21:42:43Z,1265,621724,3240240,607.2,0.0
2026-03-22T21:42:45Z,1266,621724,3240240,607.2,0.9
2026-03-22T21:42:46Z,1267,621724,3240240,607.2,0.0
2026-03-22T21:42:47Z,1268,621724,3240240,607.2,0.0
2026-03-22T21:42:48Z,1269,621724,3240240,607.2,0.0
2026-03-22T21:42:49Z,1270,621724,3240240,607.2,0.0
2026-03-22T21:42:50Z,1271,621724,3240240,607.2,0.0
2026-03-22T21:42:51Z,1272,621724,3240240,607.2,0.0
2026-03-22T21:42:52Z,1273,621724,3240240,607.2,0.0
2026-03-22T21:42:53Z,1274,621724,3240240,607.2,0.0
2026-03-22T21:42:54Z,1275,621724,3240240,607.2,0.0
2026-03-22T21:42:55Z,1276,621724,3240240,607.2,0.0
2026-03-22T21:42:56Z,1277,621724,3240240,607.2,0.0
2026-03-22T21:42:57Z,1278,621724,3240240,607.2,0.0
2026-03-22T21:42:59Z,1279,621724,3240240,607.2,0.0
2026-03-22T21:43:00Z,1280,621724,3240240,607.2,0.0
2026-03-22T21:43:01Z,1281,621724,3240240,607.2,0.0
2026-03-22T21:43:02Z,1282,621724,3240240,607.2,0.0
2026-03-22T21:43:03Z,1283,621724,3240240,607.2,0.0
2026-03-22T21:43:04Z,1284,621724,3240240,607.2,0.0
2026-03-22T21:43:05Z,1285,611676,3240240,597.3,0.9
2026-03-22T21:43:06Z,1286,611676,3240240,597.3,0.0
2026-03-22T21:43:07Z,1287,611676,3240240,597.3,0.0
2026-03-22T21:43:08Z,1288,611676,3240240,597.3,0.0
2026-03-22T21:43:09Z,1289,611676,3240240,597.3,0.0
2026-03-22T21:43:10Z,1290,611676,3240240,597.3,0.0
2026-03-22T21:43:11Z,1291,611676,3240240,597.3,0.0
2026-03-22T21:43:12Z,1292,611676,3240240,597.3,0.0
2026-03-22T21:43:14Z,1293,611676,3240240,597.3,0.0
2026-03-22T21:43:15Z,1294,611676,3240240,597.3,0.0
2026-03-22T21:43:16Z,1295,611676,3240240,597.3,0.0
2026-03-22T21:43:17Z,1296,611676,3240240,597.3,0.0
2026-03-22T21:43:18Z,1297,611676,3240240,597.3,0.0
2026-03-22T21:43:19Z,1298,611676,3240240,597.3,0.0
2026-03-22T21:43:20Z,1299,611676,3240240,597.3,0.0
2026-03-22T21:43:21Z,1300,611676,3240240,597.3,0.0
2026-03-22T21:43:22Z,1301,611676,3240240,597.3,0.0
2026-03-22T21:43:23Z,1302,611676,3240240,597.3,0.0
2026-03-22T21:43:24Z,1303,611676,3240240,597.3,0.0
2026-03-22T21:43:25Z,1304,611676,3240240,597.3,0.0
2026-03-22T21:43:26Z,1305,611676,3240240,597.3,0.0
2026-03-22T21:43:28Z,1306,611676,3240240,597.3,0.0
2026-03-22T21:43:29Z,1307,611676,3240240,597.3,0.0
2026-03-22T21:43:30Z,1308,611676,3240240,597.3,0.0
2026-03-22T21:43:31Z,1309,611676,3240240,597.3,0.0
2026-03-22T21:43:32Z,1310,611676,3240240,597.3,0.0
2026-03-22T21:43:33Z,1311,611676,3240240,597.3,0.0
2026-03-22T21:43:34Z,1312,611676,3240240,597.3,0.0
2026-03-22T21:43:35Z,1313,611676,3240240,597.3,0.0
2026-03-22T21:43:36Z,1314,611676,3240240,597.3,0.0
2026-03-22T21:43:37Z,1315,611676,3240240,597.3,0.0
2026-03-22T21:43:38Z,1316,611676,3240240,597.3,0.0
2026-03-22T21:43:39Z,1317,611676,3240240,597.3,0.0
2026-03-22T21:43:40Z,1318,611676,3240240,597.3,0.0
2026-03-22T21:43:41Z,1319,611676,3240240,597.3,0.0
