# run_id: sidecar_pallets_storage_20260324_145700_1625554 | service: sidecar | endpoint: pallets_storage | process: node (PID 319879)
timestamp,elapsed_s,rss_kb,vsz_kb,rss_mb,cpu_pct
2026-03-24T14:57:01Z,0,126904,22124300,123.9,0.0
2026-03-24T14:57:02Z,1,126904,22124300,123.9,0.0
2026-03-24T14:57:03Z,2,126904,22124300,123.9,0.0
2026-03-24T14:57:04Z,3,126904,22124300,123.9,0.0
2026-03-24T14:57:05Z,4,126904,22124300,123.9,0.0
2026-03-24T14:57:07Z,5,126904,22124300,123.9,0.0
2026-03-24T14:57:08Z,6,126904,22124300,123.9,0.0
2026-03-24T14:57:09Z,7,126904,22124300,123.9,0.0
2026-03-24T14:57:10Z,8,126904,22124300,123.9,0.0
2026-03-24T14:57:11Z,9,126904,22124300,123.9,0.9
2026-03-24T14:57:12Z,10,126904,22124300,123.9,0.0
2026-03-24T14:57:13Z,11,126904,22124300,123.9,0.0
2026-03-24T14:57:14Z,12,126904,22124300,123.9,0.0
2026-03-24T14:57:15Z,13,126904,22124300,123.9,0.0
2026-03-24T14:57:16Z,14,126904,22124300,123.9,0.0
2026-03-24T14:57:17Z,15,126904,22124300,123.9,0.0
2026-03-24T14:57:18Z,16,126904,22124300,123.9,0.0
2026-03-24T14:57:19Z,17,126904,22124300,123.9,0.0
2026-03-24T14:57:21Z,18,126904,22124300,123.9,0.0
2026-03-24T14:57:22Z,19,126904,22124300,123.9,0.0
2026-03-24T14:57:23Z,20,126904,22124300,123.9,0.0
2026-03-24T14:57:24Z,21,126904,22124300,123.9,0.0
2026-03-24T14:57:25Z,22,126904,22124300,123.9,0.0
2026-03-24T14:57:26Z,23,126904,22124300,123.9,0.0
2026-03-24T14:57:27Z,24,126904,22124300,123.9,0.0
2026-03-24T14:57:28Z,25,126904,22124300,123.9,0.0
2026-03-24T14:57:29Z,26,126904,22124300,123.9,0.0
2026-03-24T14:57:30Z,27,126904,22124300,123.9,0.0
2026-03-24T14:57:31Z,28,126904,22124300,123.9,0.0
2026-03-24T14:57:32Z,29,126904,22124300,123.9,0.0
2026-03-24T14:57:33Z,30,126904,22124300,123.9,0.0
2026-03-24T14:57:34Z,31,126904,22124300,123.9,0.0
2026-03-24T14:57:36Z,32,126904,22124300,123.9,0.0
2026-03-24T14:57:37Z,33,126904,22124300,123.9,0.0
2026-03-24T14:57:38Z,34,126904,22124300,123.9,0.0
2026-03-24T14:57:39Z,35,126904,22124300,123.9,0.0
2026-03-24T14:57:40Z,36,126904,22124300,123.9,0.0
2026-03-24T14:57:41Z,37,126904,22124300,123.9,0.0
2026-03-24T14:57:42Z,38,126904,22124300,123.9,0.0
2026-03-24T14:57:43Z,39,126904,22124300,123.9,0.0
2026-03-24T14:57:44Z,40,126904,22124300,123.9,0.0
2026-03-24T14:57:45Z,41,126904,22124300,123.9,0.0
2026-03-24T14:57:46Z,42,126904,22124300,123.9,0.0
2026-03-24T14:57:47Z,43,126904,22124300,123.9,0.0
2026-03-24T14:57:48Z,44,126904,22124300,123.9,0.0
2026-03-24T14:57:50Z,45,126904,22124300,123.9,0.0
2026-03-24T14:57:51Z,46,126904,22124300,123.9,0.0
2026-03-24T14:57:52Z,47,126904,22124300,123.9,0.0
2026-03-24T14:57:53Z,48,126904,22124300,123.9,0.0
2026-03-24T14:57:54Z,49,126904,22124300,123.9,0.0
2026-03-24T14:57:55Z,50,126904,22124300,123.9,0.0
2026-03-24T14:57:56Z,51,126904,22124300,123.9,0.0
2026-03-24T14:57:57Z,52,126904,22124300,123.9,0.0
2026-03-24T14:57:58Z,53,126904,22124300,123.9,0.0
2026-03-24T14:57:59Z,54,126904,22124300,123.9,0.0
2026-03-24T14:58:00Z,55,126904,22124300,123.9,0.0
2026-03-24T14:58:01Z,56,175572,22172040,171.5,110.0
2026-03-24T14:58:02Z,57,301484,22295660,294.4,180.6
2026-03-24T14:58:04Z,58,378252,22374592,369.4,184.2
2026-03-24T14:58:05Z,59,450764,22443072,440.2,156.5
2026-03-24T14:58:06Z,60,540272,22531904,527.6,142.8
2026-03-24T14:58:07Z,61,628716,22620736,614.0,150.5
2026-03-24T14:58:08Z,62,716568,22709056,699.8,144.4
2026-03-24T14:58:09Z,63,805272,22797376,786.4,145.7
2026-03-24T14:58:10Z,64,893476,22885184,872.5,144.3
2026-03-24T14:58:11Z,65,985640,22977088,962.5,131.5
2026-03-24T14:58:12Z,66,596468,22587392,582.5,174.5
2026-03-24T14:58:13Z,67,596800,22587392,582.8,129.9
2026-03-24T14:58:14Z,68,601860,22593024,587.8,127.2
2026-03-24T14:58:15Z,69,696364,22686976,680.0,132.4
2026-03-24T14:58:16Z,70,787484,22778112,769.0,132.8
2026-03-24T14:58:17Z,71,880000,22870272,859.4,131.5
2026-03-24T14:58:19Z,72,970684,22961408,947.9,130.6
2026-03-24T14:58:20Z,73,1062028,23052544,1037.1,131.6
2026-03-24T14:58:21Z,74,1153708,23144448,1126.7,129.2
2026-03-24T14:58:22Z,75,631016,22621184,616.2,175.9
2026-03-24T14:58:23Z,76,631196,22621184,616.4,125.2
2026-03-24T14:58:24Z,77,631276,22621184,616.5,124.9
2026-03-24T14:58:25Z,78,689212,22679296,673.1,132.5
2026-03-24T14:58:26Z,79,781072,22771200,762.8,131.7
2026-03-24T14:58:27Z,80,874284,22865152,853.8,133.5
2026-03-24T14:58:28Z,81,964888,22955264,942.3,134.7
2026-03-24T14:58:29Z,82,1056704,23047168,1031.9,132.6
2026-03-24T14:58:30Z,83,1147604,23138048,1120.7,132.3
2026-03-24T14:58:31Z,84,895336,22886400,874.4,178.3
2026-03-24T14:58:32Z,85,634076,22624512,619.2,128.5
2026-03-24T14:58:34Z,86,634256,22624512,619.4,126.8
2026-03-24T14:58:35Z,87,685612,22675712,669.5,128.9
2026-03-24T14:58:36Z,88,778500,22769152,760.3,132.7
2026-03-24T14:58:37Z,89,870568,22860800,850.2,129.6
2026-03-24T14:58:38Z,90,964040,22954496,941.4,129.4
2026-03-24T14:58:39Z,91,1055256,23045632,1030.5,128.0
2026-03-24T14:58:40Z,92,1146716,23137280,1119.8,128.9
2026-03-24T14:58:41Z,93,785784,22776576,767.4,170.7
2026-03-24T14:58:42Z,94,652144,22642432,636.9,126.0
2026-03-24T14:58:43Z,95,652144,22642432,636.9,125.2
2026-03-24T14:58:44Z,96,686708,22676736,670.6,126.3
2026-03-24T14:58:45Z,97,781028,22771456,762.7,126.6
2026-03-24T14:58:46Z,98,876552,22867456,856.0,126.4
2026-03-24T14:58:47Z,99,970160,22960640,947.4,127.1
2026-03-24T14:58:49Z,100,1063456,23054080,1038.5,128.8
2026-03-24T14:58:50Z,101,1155452,23145728,1128.4,129.7
2026-03-24T14:58:51Z,102,653752,22644224,638.4,170.9
2026-03-24T14:58:52Z,103,654124,22644224,638.8,127.6
2026-03-24T14:58:53Z,104,654364,22644224,639.0,124.4
2026-03-24T14:58:54Z,105,696364,22686464,680.0,127.7
2026-03-24T14:58:55Z,106,790248,22780672,771.7,129.0
2026-03-24T14:58:56Z,107,884064,22874624,863.3,129.7
2026-03-24T14:58:57Z,108,978156,22968320,955.2,128.6
2026-03-24T14:58:58Z,109,1069500,23059712,1044.4,130.2
2026-03-24T14:58:59Z,110,1163276,23153920,1136.0,130.3
2026-03-24T14:59:00Z,111,649416,22639872,634.2,175.1
2026-03-24T14:59:01Z,112,649752,22639872,634.5,57.8
2026-03-24T14:59:02Z,113,649752,22639872,634.5,0.0
2026-03-24T14:59:04Z,114,649924,22639872,634.7,78.5
2026-03-24T14:59:05Z,115,650040,22639872,634.8,129.5
2026-03-24T14:59:06Z,116,703540,22693888,687.1,132.2
2026-03-24T14:59:07Z,117,795340,22785792,776.7,134.0
2026-03-24T14:59:08Z,118,886520,22877184,865.7,134.1
2026-03-24T14:59:09Z,119,974592,22964736,951.8,133.5
2026-03-24T14:59:10Z,120,1068932,23059456,1043.9,130.1
2026-03-24T14:59:11Z,121,1162844,23153408,1135.6,123.4
2026-03-24T14:59:12Z,122,650908,22641152,635.7,168.6
2026-03-24T14:59:13Z,123,651200,22641152,635.9,127.6
2026-03-24T14:59:14Z,124,651384,22641152,636.1,125.4
2026-03-24T14:59:15Z,125,695336,22685696,679.0,129.8
2026-03-24T14:59:16Z,126,788136,22778624,769.7,127.9
2026-03-24T14:59:17Z,127,880260,22870784,859.6,131.9
2026-03-24T14:59:19Z,128,970864,22961408,948.1,129.9
2026-03-24T14:59:20Z,129,1062276,23052288,1037.4,130.7
2026-03-24T14:59:21Z,130,1152656,23143168,1125.6,129.5
2026-03-24T14:59:22Z,131,671432,22661376,655.7,173.5
2026-03-24T14:59:23Z,132,671432,22661376,655.7,125.3
2026-03-24T14:59:24Z,133,671432,22661376,655.7,125.3
2026-03-24T14:59:25Z,134,706732,22696960,690.2,127.3
2026-03-24T14:59:26Z,135,798088,22788096,779.4,131.6
2026-03-24T14:59:27Z,136,892200,22882816,871.3,131.6
2026-03-24T14:59:28Z,137,983432,22973952,960.4,132.6
2026-03-24T14:59:29Z,138,1074260,23064576,1049.1,130.4
2026-03-24T14:59:30Z,139,1164672,23154688,1137.4,129.6
2026-03-24T14:59:31Z,140,675056,22666752,659.2,169.0
2026-03-24T14:59:32Z,141,675056,22666752,659.2,126.2
2026-03-24T14:59:34Z,142,675104,22666752,659.3,124.7
2026-03-24T14:59:35Z,143,693248,22684928,677.0,125.4
2026-03-24T14:59:36Z,144,783784,22775296,765.4,131.3
2026-03-24T14:59:37Z,145,877020,22868736,856.5,131.6
2026-03-24T14:59:38Z,146,970236,22961920,947.5,133.8
2026-03-24T14:59:39Z,147,1058004,23049472,1033.2,134.6
2026-03-24T14:59:40Z,148,1146772,23138304,1119.9,133.3
2026-03-24T14:59:41Z,149,714728,22706688,698.0,174.0
2026-03-24T14:59:42Z,150,690956,22682112,674.8,131.8
2026-03-24T14:59:43Z,151,690956,22682112,674.8,127.0
2026-03-24T14:59:44Z,152,690960,22682112,674.8,128.1
2026-03-24T14:59:45Z,153,776120,22767872,757.9,127.9
2026-03-24T14:59:46Z,154,869572,22861568,849.2,127.5
2026-03-24T14:59:47Z,155,961112,22952960,938.6,126.9
2026-03-24T14:59:49Z,156,1055188,23046912,1030.5,125.0
2026-03-24T14:59:50Z,157,1149036,23141120,1122.1,128.0
2026-03-24T14:59:51Z,158,666496,22658048,650.9,171.0
2026-03-24T14:59:52Z,159,666736,22658048,651.1,128.7
2026-03-24T14:59:53Z,160,667216,22658048,651.6,128.7
2026-03-24T14:59:54Z,161,693128,22684416,676.9,127.0
2026-03-24T14:59:55Z,162,786488,22777856,768.1,128.7
2026-03-24T14:59:56Z,163,878036,22869248,857.5,127.9
2026-03-24T14:59:57Z,164,969064,22960384,946.4,127.9
2026-03-24T14:59:58Z,165,1060776,23052288,1035.9,127.4
2026-03-24T14:59:59Z,166,1152948,23143936,1125.9,132.4
2026-03-24T15:00:00Z,167,686316,22677760,670.2,174.1
2026-03-24T15:00:01Z,168,686632,22677760,670.5,126.4
2026-03-24T15:00:02Z,169,686852,22677760,670.8,125.2
2026-03-24T15:00:04Z,170,686868,22677760,670.8,82.0
2026-03-24T15:00:05Z,171,686868,22677760,670.8,0.0
2026-03-24T15:00:06Z,172,697732,22689024,681.4,51.2
2026-03-24T15:00:07Z,173,803788,22795008,784.9,134.7
2026-03-24T15:00:08Z,174,905112,22896384,883.9,131.7
2026-03-24T15:00:09Z,175,996092,22987008,972.7,131.0
2026-03-24T15:00:10Z,176,1087840,23078912,1062.3,131.3
2026-03-24T15:00:11Z,177,1178680,23170048,1151.1,131.2
2026-03-24T15:00:12Z,178,781800,22772992,763.5,174.4
2026-03-24T15:00:13Z,179,781872,22772992,763.5,126.8
2026-03-24T15:00:14Z,180,782024,22772992,763.7,125.0
2026-03-24T15:00:15Z,181,782024,22772992,763.7,125.2
2026-03-24T15:00:16Z,182,811620,22803456,792.6,125.5
2026-03-24T15:00:17Z,183,902744,22894080,881.6,129.2
2026-03-24T15:00:19Z,184,996512,22988032,973.2,128.0
2026-03-24T15:00:20Z,185,1087656,23079168,1062.2,129.2
2026-03-24T15:00:21Z,186,1178844,23170304,1151.2,127.1
2026-03-24T15:00:22Z,187,720060,22711040,703.2,169.6
2026-03-24T15:00:23Z,188,720060,22711040,703.2,128.0
2026-03-24T15:00:24Z,189,720232,22711040,703.4,125.1
2026-03-24T15:00:25Z,190,721756,22713344,704.8,126.0
2026-03-24T15:00:26Z,191,812956,22804480,793.9,131.8
2026-03-24T15:00:27Z,192,903936,22895360,882.8,131.7
2026-03-24T15:00:28Z,193,995348,22986496,972.0,132.4
2026-03-24T15:00:29Z,194,1085096,23076608,1059.7,131.4
2026-03-24T15:00:30Z,195,1175144,23166976,1147.6,131.1
2026-03-24T15:00:31Z,196,700844,22692352,684.4,178.3
2026-03-24T15:00:32Z,197,700908,22692352,684.5,125.9
2026-03-24T15:00:34Z,198,701120,22692352,684.7,122.7
2026-03-24T15:00:35Z,199,705716,22696960,689.2,122.9
2026-03-24T15:00:36Z,200,801356,22792960,782.6,129.0
2026-03-24T15:00:37Z,201,895888,22887168,874.9,130.6
2026-03-24T15:00:38Z,202,989968,22981120,966.8,127.7
2026-03-24T15:00:39Z,203,1083712,23075328,1058.3,127.7
2026-03-24T15:00:40Z,204,1173120,23164416,1145.6,127.4
2026-03-24T15:00:41Z,205,705968,22697216,689.4,168.7
2026-03-24T15:00:42Z,206,706012,22697216,689.5,127.4
2026-03-24T15:00:43Z,207,706012,22697216,689.5,127.6
2026-03-24T15:00:44Z,208,723516,22714624,706.6,125.3
2026-03-24T15:00:45Z,209,815508,22806272,796.4,131.2
2026-03-24T15:00:46Z,210,906432,22897408,885.2,130.3
2026-03-24T15:00:47Z,211,996736,22987776,973.4,129.7
2026-03-24T15:00:49Z,212,1087568,23078656,1062.1,130.6
2026-03-24T15:00:50Z,213,1177336,23168512,1149.7,129.6
2026-03-24T15:00:51Z,214,704220,22695424,687.7,174.2
2026-03-24T15:00:52Z,215,704792,22695424,688.3,127.6
2026-03-24T15:00:53Z,216,704928,22695424,688.4,126.9
2026-03-24T15:00:54Z,217,704928,22695424,688.4,128.5
2026-03-24T15:00:55Z,218,782912,22774016,764.6,130.5
2026-03-24T15:00:56Z,219,875260,22866176,854.7,128.7
2026-03-24T15:00:57Z,220,966436,22957312,943.8,130.3
2026-03-24T15:00:58Z,221,1060860,23051776,1036.0,130.8
2026-03-24T15:00:59Z,222,1149700,23140608,1122.8,133.8
2026-03-24T15:01:00Z,223,730016,22721280,712.9,172.2
2026-03-24T15:01:01Z,224,730212,22721280,713.1,124.8
2026-03-24T15:01:02Z,225,730536,22721280,713.4,125.2
2026-03-24T15:01:03Z,226,730536,22721280,713.4,122.7
2026-03-24T15:01:05Z,227,789684,22780928,771.2,129.2
2026-03-24T15:01:06Z,228,872076,22863360,851.6,113.4
2026-03-24T15:01:07Z,229,872076,22863360,851.6,0.9
2026-03-24T15:01:08Z,230,883556,22874880,862.8,24.3
2026-03-24T15:01:09Z,231,976796,22967808,953.9,131.0
2026-03-24T15:01:10Z,232,1069760,23060992,1044.7,131.1
2026-03-24T15:01:11Z,233,1158512,23149568,1131.4,130.6
2026-03-24T15:01:12Z,234,696212,22687232,679.9,173.7
2026-03-24T15:01:13Z,235,696520,22687232,680.2,126.4
2026-03-24T15:01:14Z,236,696708,22687232,680.4,125.9
2026-03-24T15:01:15Z,237,696736,22687232,680.4,126.0
2026-03-24T15:01:16Z,238,787432,22778368,769.0,129.6
2026-03-24T15:01:17Z,239,881104,22872320,860.5,130.6
2026-03-24T15:01:18Z,240,969784,22960640,947.1,131.9
2026-03-24T15:01:20Z,241,1061088,23052288,1036.2,132.6
2026-03-24T15:01:21Z,242,1151552,23142912,1124.6,130.9
2026-03-24T15:01:22Z,243,690624,22681856,674.4,172.7
2026-03-24T15:01:23Z,244,690948,22681856,674.8,127.9
2026-03-24T15:01:24Z,245,690948,22681856,674.8,125.0
2026-03-24T15:01:25Z,246,692304,22683392,676.1,124.9
2026-03-24T15:01:26Z,247,783968,22774784,765.6,130.8
2026-03-24T15:01:27Z,248,874576,22865920,854.1,131.5
2026-03-24T15:01:28Z,249,963768,22954496,941.2,129.9
2026-03-24T15:01:29Z,250,1054868,23046144,1030.1,131.7
2026-03-24T15:01:30Z,251,1142648,23133696,1115.9,131.6
2026-03-24T15:01:31Z,252,711028,22702080,694.4,174.8
2026-03-24T15:01:32Z,253,711264,22702080,694.6,126.1
2026-03-24T15:01:33Z,254,711264,22702080,694.6,125.3
2026-03-24T15:01:35Z,255,711404,22702080,694.7,124.6
2026-03-24T15:01:36Z,256,776948,22768128,758.7,127.2
2026-03-24T15:01:37Z,257,866272,22857472,846.0,127.2
2026-03-24T15:01:38Z,258,958952,22949888,936.5,129.9
2026-03-24T15:01:39Z,259,1049720,23040768,1025.1,130.9
2026-03-24T15:01:40Z,260,1137848,23128576,1111.2,130.1
2026-03-24T15:01:41Z,261,1227012,23217664,1198.3,153.5
2026-03-24T15:01:42Z,262,693740,22684416,677.5,145.0
2026-03-24T15:01:43Z,263,693784,22684416,677.5,127.8
2026-03-24T15:01:44Z,264,693784,22684416,677.5,124.1
2026-03-24T15:01:45Z,265,764968,22756352,747.0,129.4
2026-03-24T15:01:46Z,266,856640,22847488,836.6,130.0
2026-03-24T15:01:47Z,267,947192,22938624,925.0,131.2
2026-03-24T15:01:48Z,268,1037808,23028480,1013.5,129.9
2026-03-24T15:01:50Z,269,1128496,23119616,1102.0,129.3
2026-03-24T15:01:51Z,270,1220136,23211264,1191.5,130.5
2026-03-24T15:01:52Z,271,695048,22685696,678.8,171.9
2026-03-24T15:01:53Z,272,695200,22685696,678.9,124.4
2026-03-24T15:01:54Z,273,695200,22685696,678.9,124.3
2026-03-24T15:01:55Z,274,758376,22749184,740.6,129.0
2026-03-24T15:01:56Z,275,852756,22844160,832.8,129.7
2026-03-24T15:01:57Z,276,944380,22935296,922.2,130.7
2026-03-24T15:01:58Z,277,1035000,23025920,1010.7,131.8
2026-03-24T15:01:59Z,278,1126204,23117056,1099.8,131.8
2026-03-24T15:02:00Z,279,1216832,23207936,1188.3,131.5
2026-03-24T15:02:01Z,280,686816,22677504,670.7,172.1
2026-03-24T15:02:02Z,281,686880,22677504,670.8,125.3
2026-03-24T15:02:03Z,282,686880,22677504,670.8,125.7
2026-03-24T15:02:05Z,283,752848,22743808,735.2,130.0
2026-03-24T15:02:06Z,284,846432,22837504,826.6,132.1
2026-03-24T15:02:07Z,285,938088,22929152,916.1,130.8
2026-03-24T15:02:08Z,286,1028400,23019264,1004.3,129.8
2026-03-24T15:02:09Z,287,1044760,23036160,1020.3,18.6
2026-03-24T15:02:10Z,288,1044792,23036160,1020.3,0.0
2026-03-24T15:02:11Z,289,1133784,23124736,1107.2,127.1
2026-03-24T15:02:12Z,290,1225044,23216128,1196.3,163.0
2026-03-24T15:02:13Z,291,677392,22668288,661.5,133.4
2026-03-24T15:02:14Z,292,677792,22668288,661.9,124.6
2026-03-24T15:02:15Z,293,677792,22668288,661.9,124.2
2026-03-24T15:02:16Z,294,769500,22760704,751.5,128.1
2026-03-24T15:02:17Z,295,860636,22851328,840.5,127.9
2026-03-24T15:02:18Z,296,950312,22941440,928.0,134.3
2026-03-24T15:02:20Z,297,1039888,23030784,1015.5,130.7
2026-03-24T15:02:21Z,298,1130216,23121152,1103.7,131.6
2026-03-24T15:02:22Z,299,1220644,23211520,1192.0,128.8
2026-03-24T15:02:23Z,300,699068,22690048,682.7,169.7
2026-03-24T15:02:24Z,301,699576,22690048,683.2,127.0
2026-03-24T15:02:25Z,302,699576,22690048,683.2,125.1
2026-03-24T15:02:26Z,303,760756,22751744,742.9,126.2
2026-03-24T15:02:27Z,304,854512,22845440,834.5,127.5
2026-03-24T15:02:28Z,305,945156,22935808,923.0,128.6
2026-03-24T15:02:29Z,306,1038124,23028992,1013.8,125.4
2026-03-24T15:02:30Z,307,1127244,23118336,1100.8,128.7
2026-03-24T15:02:31Z,308,1215904,23206656,1187.4,128.0
2026-03-24T15:02:32Z,309,706052,22696704,689.5,171.1
2026-03-24T15:02:33Z,310,706232,22696704,689.7,127.8
2026-03-24T15:02:34Z,311,706232,22696704,689.7,126.6
2026-03-24T15:02:36Z,312,748928,22739968,731.4,128.6
2026-03-24T15:02:37Z,313,840424,22831360,820.7,129.7
2026-03-24T15:02:38Z,314,931348,22922240,909.5,131.4
2026-03-24T15:02:39Z,315,1022568,23013888,998.6,133.2
2026-03-24T15:02:40Z,316,1110048,23100928,1084.0,132.8
2026-03-24T15:02:41Z,317,1200296,23191040,1172.2,132.8
2026-03-24T15:02:42Z,318,698928,22690048,682.5,173.7
2026-03-24T15:02:43Z,319,698928,22690048,682.5,125.6
2026-03-24T15:02:44Z,320,699004,22690048,682.6,128.5
2026-03-24T15:02:45Z,321,739124,22730496,721.8,128.9
2026-03-24T15:02:46Z,322,830568,22821632,811.1,131.5
2026-03-24T15:02:47Z,323,921900,22912768,900.3,127.0
2026-03-24T15:02:48Z,324,1015152,23006208,991.4,128.6
2026-03-24T15:02:50Z,325,1105620,23096320,1079.7,129.0
2026-03-24T15:02:51Z,326,1197628,23188736,1169.6,129.1
2026-03-24T15:02:52Z,327,691340,22681856,675.1,167.9
2026-03-24T15:02:53Z,328,691384,22681856,675.2,127.1
2026-03-24T15:02:54Z,329,691384,22681856,675.2,124.7
2026-03-24T15:02:55Z,330,735848,22726912,718.6,128.8
2026-03-24T15:02:56Z,331,827736,22818816,808.3,130.6
2026-03-24T15:02:57Z,332,920432,22911488,898.9,130.8
2026-03-24T15:02:58Z,333,1013156,23004416,989.4,129.1
2026-03-24T15:02:59Z,334,1103640,23094784,1077.8,129.7
2026-03-24T15:03:00Z,335,1195520,23186432,1167.5,129.0
2026-03-24T15:03:01Z,336,693424,22684160,677.2,171.0
2026-03-24T15:03:02Z,337,693688,22684160,677.4,126.4
2026-03-24T15:03:03Z,338,693688,22684160,677.4,123.2
2026-03-24T15:03:04Z,339,744164,22735360,726.7,126.8
2026-03-24T15:03:06Z,340,837604,22828544,818.0,125.4
2026-03-24T15:03:07Z,341,929552,22920448,907.8,130.9
2026-03-24T15:03:08Z,342,1020628,23011584,996.7,130.0
2026-03-24T15:03:09Z,343,1112064,23103232,1086.0,128.5
2026-03-24T15:03:10Z,344,1202836,23193600,1174.6,130.8
2026-03-24T15:03:11Z,345,691880,22683392,675.7,85.7
2026-03-24T15:03:12Z,346,691880,22683392,675.7,0.9
2026-03-24T15:03:13Z,347,692280,22683392,676.1,100.3
2026-03-24T15:03:14Z,348,692680,22683392,676.4,127.8
2026-03-24T15:03:15Z,349,692680,22683392,676.4,125.1
2026-03-24T15:03:16Z,350,792920,22784000,774.3,132.5
2026-03-24T15:03:17Z,351,895384,22886656,874.4,130.7
2026-03-24T15:03:18Z,352,999152,22989824,975.7,130.9
2026-03-24T15:03:19Z,353,1098856,23089920,1073.1,127.8
2026-03-24T15:03:21Z,354,1200096,23191552,1172.0,128.9
2026-03-24T15:03:22Z,355,670540,22661376,654.8,175.4
2026-03-24T15:03:23Z,356,670940,22661376,655.2,124.9
2026-03-24T15:03:24Z,357,670944,22661376,655.2,118.4
2026-03-24T15:03:25Z,358,762848,22753024,745.0,126.8
2026-03-24T15:03:26Z,359,855100,22846208,835.1,129.9
2026-03-24T15:03:27Z,360,947968,22939136,925.8,133.1
2026-03-24T15:03:28Z,361,1039084,23030528,1014.7,130.6
2026-03-24T15:03:29Z,362,1126432,23117568,1100.0,119.2
2026-03-24T15:03:30Z,363,1220184,23211776,1191.6,128.7
2026-03-24T15:03:31Z,364,684380,22675712,668.3,171.0
2026-03-24T15:03:32Z,365,684692,22675712,668.6,127.5
2026-03-24T15:03:33Z,366,684692,22675712,668.6,129.1
2026-03-24T15:03:34Z,367,749736,22741504,732.2,129.2
2026-03-24T15:03:36Z,368,841796,22833152,822.1,130.4
2026-03-24T15:03:37Z,369,932008,22923008,910.2,128.8
2026-03-24T15:03:38Z,370,1025656,23016960,1001.6,130.3
2026-03-24T15:03:39Z,371,1118104,23109632,1091.9,133.1
2026-03-24T15:03:40Z,372,1208444,23199488,1180.1,132.5
2026-03-24T15:03:41Z,373,751216,22742016,733.6,172.6
2026-03-24T15:03:42Z,374,751240,22742016,733.6,124.3
2026-03-24T15:03:43Z,375,751240,22742016,733.6,125.3
2026-03-24T15:03:44Z,376,751240,22742016,733.6,126.8
2026-03-24T15:03:45Z,377,840360,22831872,820.7,127.8
2026-03-24T15:03:46Z,378,932596,22924032,910.7,130.9
2026-03-24T15:03:47Z,379,1023624,23014912,999.6,128.9
2026-03-24T15:03:48Z,380,1115236,23106560,1089.1,131.4
2026-03-24T15:03:49Z,381,1205576,23196928,1177.3,129.9
2026-03-24T15:03:51Z,382,694220,22685440,677.9,173.6
2026-03-24T15:03:52Z,383,694220,22685440,677.9,126.8
2026-03-24T15:03:53Z,384,694220,22685440,677.9,127.7
2026-03-24T15:03:54Z,385,748600,22740224,731.1,128.4
2026-03-24T15:03:55Z,386,839788,22831616,820.1,130.3
2026-03-24T15:03:56Z,387,933140,22924288,911.3,127.0
2026-03-24T15:03:57Z,388,1026424,23017472,1002.4,127.8
2026-03-24T15:03:58Z,389,1119792,23110912,1093.5,128.7
2026-03-24T15:03:59Z,390,1211268,23202560,1182.9,127.8
2026-03-24T15:04:00Z,391,693320,22684160,677.1,170.2
2026-03-24T15:04:01Z,392,693384,22684160,677.1,124.9
2026-03-24T15:04:02Z,393,693384,22684160,677.1,126.2
2026-03-24T15:04:03Z,394,748692,22739968,731.1,125.0
2026-03-24T15:04:05Z,395,842916,22834688,823.2,128.9
2026-03-24T15:04:06Z,396,934684,22926080,912.8,130.5
2026-03-24T15:04:07Z,397,1027304,23018496,1003.2,131.0
2026-03-24T15:04:08Z,398,1117772,23109120,1091.6,129.8
2026-03-24T15:04:09Z,399,1209420,23200768,1181.1,130.3
2026-03-24T15:04:10Z,400,691956,22682880,675.7,172.6
2026-03-24T15:04:11Z,401,692104,22682880,675.9,126.9
2026-03-24T15:04:12Z,402,692104,22682880,675.9,125.6
2026-03-24T15:04:13Z,403,692104,22682880,675.9,45.6
2026-03-24T15:04:14Z,404,692104,22682880,675.9,0.9
2026-03-24T15:04:15Z,405,749836,22741504,732.3,93.6
2026-03-24T15:04:16Z,406,843548,22834944,823.8,129.4
2026-03-24T15:04:17Z,407,934664,22926336,912.8,130.8
2026-03-24T15:04:18Z,408,1025956,23016960,1001.9,130.1
2026-03-24T15:04:20Z,409,1115964,23107328,1089.8,128.7
2026-03-24T15:04:21Z,410,1206572,23198208,1178.3,130.8
2026-03-24T15:04:22Z,411,699340,22690816,682.9,173.5
2026-03-24T15:04:23Z,412,699624,22690816,683.2,126.0
2026-03-24T15:04:24Z,413,699624,22690816,683.2,123.0
2026-03-24T15:04:25Z,414,738056,22728960,720.8,125.9
2026-03-24T15:04:26Z,415,831892,22822912,812.4,129.8
2026-03-24T15:04:27Z,416,923160,22914560,901.5,133.8
2026-03-24T15:04:28Z,417,1014524,23006208,990.7,132.4
2026-03-24T15:04:29Z,418,1106592,23098112,1080.7,131.7
2026-03-24T15:04:30Z,419,1197760,23188992,1169.7,130.7
2026-03-24T15:04:31Z,420,696568,22687488,680.2,173.7
2026-03-24T15:04:32Z,421,696568,22687488,680.2,126.2
2026-03-24T15:04:33Z,422,696568,22687488,680.2,125.0
2026-03-24T15:04:35Z,423,735160,22726656,717.9,127.9
2026-03-24T15:04:36Z,424,828816,22820096,809.4,130.4
2026-03-24T15:04:37Z,425,919896,22911232,898.3,129.8
2026-03-24T15:04:38Z,426,1010928,23002368,987.2,130.1
2026-03-24T15:04:39Z,427,1102256,23093504,1076.4,130.2
2026-03-24T15:04:40Z,428,1193740,23185152,1165.8,131.6
2026-03-24T15:04:41Z,429,694408,22685184,678.1,170.6
2026-03-24T15:04:42Z,430,694408,22685184,678.1,123.6
2026-03-24T15:04:43Z,431,694408,22685184,678.1,120.9
2026-03-24T15:04:44Z,432,733352,22724352,716.2,127.8
2026-03-24T15:04:45Z,433,826940,22818304,807.6,130.6
2026-03-24T15:04:46Z,434,915496,22906880,894.0,130.2
2026-03-24T15:04:47Z,435,1006288,22997248,982.7,130.3
2026-03-24T15:04:48Z,436,1096612,23088128,1070.9,129.1
2026-03-24T15:04:50Z,437,1188404,23180288,1160.6,130.4
2026-03-24T15:04:51Z,438,691796,22682624,675.6,172.3
2026-03-24T15:04:52Z,439,691848,22682624,675.6,125.6
2026-03-24T15:04:53Z,440,691848,22682624,675.6,125.0
2026-03-24T15:04:54Z,441,721216,22712320,704.3,125.8
2026-03-24T15:04:55Z,442,812856,22804224,793.8,128.1
2026-03-24T15:04:56Z,443,906396,22897408,885.2,128.2
2026-03-24T15:04:57Z,444,999564,22990848,976.1,125.9
2026-03-24T15:04:58Z,445,1091440,23082752,1065.9,128.9
2026-03-24T15:04:59Z,446,1182540,23174144,1154.8,130.7
2026-03-24T15:05:00Z,447,700320,22691328,683.9,171.2
2026-03-24T15:05:01Z,448,700476,22691328,684.1,127.3
2026-03-24T15:05:02Z,449,700476,22691328,684.1,124.3
2026-03-24T15:05:03Z,450,716656,22708224,699.9,127.2
2026-03-24T15:05:05Z,451,808104,22799360,789.2,130.3
2026-03-24T15:05:06Z,452,899480,22891264,878.4,125.1
2026-03-24T15:05:07Z,453,993288,22984192,970.0,131.6
2026-03-24T15:05:08Z,454,1084152,23075328,1058.7,130.5
2026-03-24T15:05:09Z,455,1175276,23166976,1147.7,129.9
2026-03-24T15:05:10Z,456,734976,22726400,717.8,171.4
2026-03-24T15:05:11Z,457,735016,22726400,717.8,126.8
2026-03-24T15:05:12Z,458,735220,22726400,718.0,126.2
2026-03-24T15:05:13Z,459,735380,22726400,718.1,125.8
2026-03-24T15:05:14Z,460,799432,22790912,780.7,130.8
2026-03-24T15:05:15Z,461,843696,22835456,823.9,61.5
2026-03-24T15:05:16Z,462,843696,22835456,823.9,0.0
2026-03-24T15:05:17Z,463,893244,22884352,872.3,74.5
2026-03-24T15:05:18Z,464,990912,22982912,967.7,125.5
2026-03-24T15:05:20Z,465,1083712,23075072,1058.3,125.3
2026-03-24T15:05:21Z,466,1173900,23164928,1146.4,126.6
2026-03-24T15:05:22Z,467,693060,22684160,676.8,168.2
2026-03-24T15:05:23Z,468,693220,22684160,677.0,125.2
2026-03-24T15:05:24Z,469,693288,22684160,677.0,126.7
2026-03-24T15:05:25Z,470,708496,22700032,691.9,129.0
2026-03-24T15:05:26Z,471,800252,22791424,781.5,130.3
2026-03-24T15:05:27Z,472,890412,22881792,869.5,131.8
2026-03-24T15:05:28Z,473,980108,22971648,957.1,130.3
2026-03-24T15:05:29Z,474,1068692,23059968,1043.6,131.8
2026-03-24T15:05:30Z,475,1157836,23149312,1130.7,130.3
2026-03-24T15:05:31Z,476,704996,22696192,688.5,171.8
2026-03-24T15:05:32Z,477,705168,22696192,688.6,126.8
2026-03-24T15:05:33Z,478,705416,22696192,688.9,127.2
2026-03-24T15:05:35Z,479,705416,22696192,688.9,127.4
2026-03-24T15:05:36Z,480,782468,22773504,764.1,130.8
2026-03-24T15:05:37Z,481,873268,22864640,852.8,130.8
2026-03-24T15:05:38Z,482,963552,22955008,941.0,131.3
2026-03-24T15:05:39Z,483,1051616,23043328,1027.0,131.8
2026-03-24T15:05:40Z,484,1140100,23131648,1113.4,130.5
2026-03-24T15:05:41Z,485,1225484,23216896,1196.8,154.7
2026-03-24T15:05:42Z,486,739808,22730752,722.5,150.6
2026-03-24T15:05:43Z,487,739808,22730752,722.5,126.1
2026-03-24T15:05:44Z,488,739808,22730752,722.5,126.2
2026-03-24T15:05:45Z,489,763140,22754816,745.3,126.0
2026-03-24T15:05:46Z,490,851596,22842624,831.6,131.5
2026-03-24T15:05:47Z,491,942456,22933760,920.4,131.4
2026-03-24T15:05:48Z,492,1031236,23022080,1007.1,130.9
2026-03-24T15:05:50Z,493,1119992,23111168,1093.7,130.5
2026-03-24T15:05:51Z,494,1208896,23200256,1180.6,132.2
2026-03-24T15:05:52Z,495,698384,22689536,682.0,172.6
2026-03-24T15:05:53Z,496,698660,22689536,682.3,126.7
2026-03-24T15:05:54Z,497,698760,22689536,682.4,127.7
2026-03-24T15:05:55Z,498,729068,22720512,712.0,128.1
2026-03-24T15:05:56Z,499,818148,22809600,799.0,130.6
2026-03-24T15:05:57Z,500,898948,22890496,877.9,111.3
2026-03-24T15:05:58Z,501,987760,22978816,964.6,131.5
2026-03-24T15:05:59Z,502,1078568,23069952,1053.3,127.5
2026-03-24T15:06:00Z,503,1167648,23159040,1140.3,131.2
2026-03-24T15:06:01Z,504,730792,22722560,713.7,170.8
2026-03-24T15:06:02Z,505,730920,22722560,713.8,127.3
2026-03-24T15:06:03Z,506,731180,22722560,714.0,125.5
2026-03-24T15:06:05Z,507,731180,22722560,714.0,124.1
2026-03-24T15:06:06Z,508,789012,22780672,770.5,127.7
2026-03-24T15:06:07Z,509,879660,22871040,859.0,122.3
2026-03-24T15:06:08Z,510,972152,22963456,949.4,125.1
2026-03-24T15:06:09Z,511,1065136,23056384,1040.2,128.8
2026-03-24T15:06:10Z,512,1156976,23148544,1129.9,126.2
2026-03-24T15:06:11Z,513,694280,22685184,678.0,170.5
2026-03-24T15:06:12Z,514,694408,22685184,678.1,126.0
2026-03-24T15:06:13Z,515,694408,22685184,678.1,126.1
2026-03-24T15:06:14Z,516,694408,22685184,678.1,128.5
2026-03-24T15:06:15Z,517,781580,22772480,763.3,128.0
2026-03-24T15:06:16Z,518,872848,22864128,852.4,131.2
2026-03-24T15:06:17Z,519,936076,22927616,914.1,88.2
2026-03-24T15:06:18Z,520,936076,22927616,914.1,0.0
2026-03-24T15:06:20Z,521,967940,22958848,945.3,53.2
2026-03-24T15:06:21Z,522,1062904,23054080,1038.0,131.2
2026-03-24T15:06:22Z,523,1155136,23146752,1128.1,127.8
2026-03-24T15:06:23Z,524,693992,22684928,677.7,174.3
2026-03-24T15:06:24Z,525,694152,22684928,677.9,128.2
2026-03-24T15:06:25Z,526,694152,22684928,677.9,126.2
2026-03-24T15:06:26Z,527,697712,22689024,681.4,124.9
2026-03-24T15:06:27Z,528,791528,22782976,773.0,131.5
2026-03-24T15:06:28Z,529,883316,22874624,862.6,129.9
2026-03-24T15:06:29Z,530,973364,22964736,950.6,129.7
2026-03-24T15:06:30Z,531,1064840,23056128,1039.9,130.2
2026-03-24T15:06:31Z,532,1158140,23149312,1131.0,126.9
2026-03-24T15:06:32Z,533,704352,22695424,687.8,173.3
2026-03-24T15:06:33Z,534,704352,22695424,687.8,126.2
2026-03-24T15:06:35Z,535,704576,22695424,688.1,123.5
2026-03-24T15:06:36Z,536,704576,22695424,688.1,126.0
2026-03-24T15:06:37Z,537,782868,22774016,764.5,130.0
2026-03-24T15:06:38Z,538,874316,22865664,853.8,130.0
2026-03-24T15:06:39Z,539,964956,22956544,942.3,129.5
2026-03-24T15:06:40Z,540,1056792,23048192,1032.0,131.0
2026-03-24T15:06:41Z,541,1147936,23139328,1121.0,129.6
2026-03-24T15:06:42Z,542,1231168,23222784,1202.3,168.5
2026-03-24T15:06:43Z,543,730684,22721536,713.6,131.0
2026-03-24T15:06:44Z,544,730760,22721536,713.6,126.9
2026-03-24T15:06:45Z,545,730760,22721536,713.6,125.2
2026-03-24T15:06:46Z,546,775068,22766336,756.9,126.8
2026-03-24T15:06:47Z,547,868844,22860800,848.5,130.6
2026-03-24T15:06:48Z,548,959628,22950912,937.1,129.4
2026-03-24T15:06:50Z,549,1051080,23042304,1026.4,130.3
2026-03-24T15:06:51Z,550,1139756,23131136,1113.0,133.9
2026-03-24T15:06:52Z,551,1227372,23219456,1198.6,153.3
2026-03-24T15:06:53Z,552,702488,22693632,686.0,145.2
2026-03-24T15:06:54Z,553,702856,22693632,686.4,125.2
2026-03-24T15:06:55Z,554,702856,22693632,686.4,126.8
2026-03-24T15:06:56Z,555,768708,22760192,750.7,130.3
2026-03-24T15:06:57Z,556,860324,22851840,840.2,130.8
2026-03-24T15:06:58Z,557,951520,22942720,929.2,131.3
2026-03-24T15:06:59Z,558,1042104,23033344,1017.7,130.7
2026-03-24T15:07:00Z,559,1132816,23124224,1106.3,130.9
2026-03-24T15:07:01Z,560,1223880,23215360,1195.2,129.1
2026-03-24T15:07:02Z,561,697736,22688512,681.4,169.4
2026-03-24T15:07:03Z,562,697736,22688512,681.4,128.0
2026-03-24T15:07:05Z,563,697736,22688512,681.4,128.2
2026-03-24T15:07:06Z,564,758052,22749440,740.3,128.5
2026-03-24T15:07:07Z,565,851508,22842880,831.6,132.1
2026-03-24T15:07:08Z,566,942256,22934016,920.2,131.7
2026-03-24T15:07:09Z,567,1033568,23025152,1009.3,130.8
2026-03-24T15:07:10Z,568,1124096,23115008,1097.8,128.9
2026-03-24T15:07:11Z,569,1216024,23207168,1187.5,128.9
2026-03-24T15:07:12Z,570,700164,22691328,683.8,172.9
2026-03-24T15:07:13Z,571,700212,22691328,683.8,126.7
2026-03-24T15:07:14Z,572,700212,22691328,683.8,122.7
2026-03-24T15:07:15Z,573,754980,22746112,737.3,129.2
2026-03-24T15:07:16Z,574,847180,22838528,827.3,130.0
2026-03-24T15:07:17Z,575,939120,22930432,917.1,130.9
2026-03-24T15:07:18Z,576,1029896,23021312,1005.8,130.5
2026-03-24T15:07:20Z,577,1110040,23101440,1084.0,111.8
2026-03-24T15:07:21Z,578,1110040,23101440,1084.0,0.0
2026-03-24T15:07:22Z,579,1121300,23112704,1095.0,24.3
2026-03-24T15:07:23Z,580,1216388,23207424,1187.9,131.8
2026-03-24T15:07:24Z,581,668268,22659328,652.6,171.5
2026-03-24T15:07:25Z,582,668552,22659328,652.9,125.8
2026-03-24T15:07:26Z,583,668552,22659328,652.9,126.0
2026-03-24T15:07:27Z,584,758220,22749440,740.4,130.0
2026-03-24T15:07:28Z,585,851156,22842880,831.2,131.7
2026-03-24T15:07:29Z,586,943348,22934528,921.2,129.7
2026-03-24T15:07:30Z,587,1036260,23027456,1012.0,127.7
2026-03-24T15:07:31Z,588,1129088,23120384,1102.6,126.8
2026-03-24T15:07:32Z,589,1218992,23210752,1190.4,128.8
2026-03-24T15:07:33Z,590,706260,22697472,689.7,172.1
2026-03-24T15:07:35Z,591,706696,22697472,690.1,126.9
2026-03-24T15:07:36Z,592,706696,22697472,690.1,122.3
2026-03-24T15:07:37Z,593,748052,22739200,730.5,125.1
2026-03-24T15:07:38Z,594,842216,22833408,822.5,129.8
2026-03-24T15:07:39Z,595,934648,22925824,912.7,126.2
2026-03-24T15:07:40Z,596,1027876,23019264,1003.8,128.6
2026-03-24T15:07:41Z,597,1118416,23109632,1092.2,128.5
2026-03-24T15:07:42Z,598,1208564,23199744,1180.2,128.2
2026-03-24T15:07:43Z,599,701072,22692352,684.6,171.5
2026-03-24T15:07:44Z,600,701176,22692352,684.7,123.2
2026-03-24T15:07:45Z,601,701240,22692352,684.8,125.4
2026-03-24T15:07:46Z,602,744532,22736128,727.1,127.9
2026-03-24T15:07:47Z,603,834832,22825984,815.3,129.8
2026-03-24T15:07:48Z,604,926084,22917632,904.4,130.5
2026-03-24T15:07:50Z,605,1017964,23009788,994.1,130.5
2026-03-24T15:07:51Z,606,1108828,23100160,1082.8,129.9
2026-03-24T15:07:52Z,607,1200248,23191296,1172.1,127.8
2026-03-24T15:07:53Z,608,706024,22697216,689.5,174.2
2026-03-24T15:07:54Z,609,706192,22697216,689.6,127.6
2026-03-24T15:07:55Z,610,706192,22697216,689.6,127.7
2026-03-24T15:07:56Z,611,736880,22727936,719.6,126.5
2026-03-24T15:07:57Z,612,827844,22819328,808.4,132.4
2026-03-24T15:07:58Z,613,918444,22909696,896.9,131.0
2026-03-24T15:07:59Z,614,1007236,22998272,983.6,131.4
2026-03-24T15:08:00Z,615,1096776,23087872,1071.1,131.7
2026-03-24T15:08:01Z,616,1186864,23178496,1159.0,129.6
2026-03-24T15:08:02Z,617,702540,22693632,686.1,173.5
2026-03-24T15:08:03Z,618,702764,22693632,686.3,127.0
2026-03-24T15:08:05Z,619,702764,22693632,686.3,128.2
2026-03-24T15:08:06Z,620,714228,22705408,697.5,129.1
2026-03-24T15:08:07Z,621,803512,22794496,784.7,131.9
2026-03-24T15:08:08Z,622,893888,22884864,872.9,132.3
2026-03-24T15:08:09Z,623,982496,22973696,959.5,134.2
2026-03-24T15:08:10Z,624,1073352,23064832,1048.2,133.7
2026-03-24T15:08:11Z,625,1161772,23153152,1134.5,133.8
2026-03-24T15:08:12Z,626,700104,22691328,683.7,173.9
2026-03-24T15:08:13Z,627,700304,22691328,683.9,129.5
2026-03-24T15:08:14Z,628,700304,22691328,683.9,129.5
2026-03-24T15:08:15Z,629,700552,22691328,684.1,124.1
2026-03-24T15:08:16Z,630,785036,22776320,766.6,129.8
2026-03-24T15:08:17Z,631,876224,22867200,855.7,127.7
2026-03-24T15:08:18Z,632,968168,22959872,945.5,131.7
2026-03-24T15:08:20Z,633,1056876,23048192,1032.1,130.1
2026-03-24T15:08:21Z,634,1147212,23138560,1120.3,129.2
2026-03-24T15:08:22Z,635,705200,22696448,688.7,168.7
2026-03-24T15:08:23Z,636,705200,22696448,688.7,8.4
2026-03-24T15:08:24Z,637,705200,22696448,688.7,0.0
2026-03-24T15:08:25Z,638,705200,22696448,688.7,0.0
2026-03-24T15:08:26Z,639,705200,22696448,688.7,0.0
2026-03-24T15:08:27Z,640,705200,22696448,688.7,0.0
2026-03-24T15:08:28Z,641,705200,22696448,688.7,0.0
2026-03-24T15:08:29Z,642,705200,22696448,688.7,0.0
2026-03-24T15:08:30Z,643,705200,22696448,688.7,0.0
2026-03-24T15:08:31Z,644,705200,22696448,688.7,0.0
2026-03-24T15:08:32Z,645,705200,22696448,688.7,0.0
2026-03-24T15:08:33Z,646,705200,22696448,688.7,0.0
2026-03-24T15:08:35Z,647,705200,22696448,688.7,0.9
2026-03-24T15:08:36Z,648,705200,22696448,688.7,0.0
2026-03-24T15:08:37Z,649,705200,22696448,688.7,0.0
2026-03-24T15:08:38Z,650,705200,22696448,688.7,0.0
2026-03-24T15:08:39Z,651,369332,22397952,360.7,55.1
2026-03-24T15:08:40Z,652,358116,22350848,349.7,93.2
2026-03-24T15:08:41Z,653,358116,22350848,349.7,0.0
2026-03-24T15:08:42Z,654,358132,22350848,349.7,0.0
2026-03-24T15:08:43Z,655,358132,22350848,349.7,0.0
2026-03-24T15:08:44Z,656,358152,22350848,349.8,0.0
2026-03-24T15:08:45Z,657,358152,22350848,349.8,0.0
2026-03-24T15:08:46Z,658,358152,22350848,349.8,0.0
2026-03-24T15:08:47Z,659,358152,22350848,349.8,0.0
2026-03-24T15:08:49Z,660,358152,22350848,349.8,0.0
2026-03-24T15:08:50Z,661,358152,22350848,349.8,0.0
2026-03-24T15:08:51Z,662,358152,22350848,349.8,0.0
2026-03-24T15:08:52Z,663,358152,22350848,349.8,0.0
2026-03-24T15:08:53Z,664,358152,22350848,349.8,0.0
2026-03-24T15:08:54Z,665,358164,22350848,349.8,0.0
2026-03-24T15:08:55Z,666,358164,22350848,349.8,0.0
2026-03-24T15:08:56Z,667,358164,22350848,349.8,0.0
2026-03-24T15:08:57Z,668,358164,22350848,349.8,0.0
2026-03-24T15:08:58Z,669,358164,22350848,349.8,0.0
2026-03-24T15:08:59Z,670,358164,22350848,349.8,0.0
2026-03-24T15:09:00Z,671,358164,22350848,349.8,0.0
2026-03-24T15:09:01Z,672,358164,22350848,349.8,0.0
2026-03-24T15:09:02Z,673,358164,22350848,349.8,0.0
2026-03-24T15:09:04Z,674,358164,22350848,349.8,0.0
2026-03-24T15:09:05Z,675,358176,22350848,349.8,0.0
2026-03-24T15:09:06Z,676,358176,22350848,349.8,0.0
2026-03-24T15:09:07Z,677,358176,22350848,349.8,0.0
2026-03-24T15:09:08Z,678,358176,22350848,349.8,0.0
2026-03-24T15:09:09Z,679,358176,22350848,349.8,0.0
2026-03-24T15:09:10Z,680,358176,22350848,349.8,0.0
2026-03-24T15:09:11Z,681,358180,22350848,349.8,0.0
2026-03-24T15:09:12Z,682,358180,22350848,349.8,0.0
2026-03-24T15:09:13Z,683,358180,22350848,349.8,0.0
2026-03-24T15:09:14Z,684,358188,22350848,349.8,0.0
2026-03-24T15:09:15Z,685,358188,22350848,349.8,0.0
2026-03-24T15:09:16Z,686,358188,22350848,349.8,0.0
2026-03-24T15:09:18Z,687,358188,22350848,349.8,0.0
2026-03-24T15:09:19Z,688,358188,22350848,349.8,0.0
2026-03-24T15:09:20Z,689,358188,22350848,349.8,0.0
2026-03-24T15:09:21Z,690,358192,22350848,349.8,0.0
2026-03-24T15:09:22Z,691,358192,22350848,349.8,0.0
2026-03-24T15:09:23Z,692,358192,22350848,349.8,0.0
2026-03-24T15:09:24Z,693,358200,22350848,349.8,0.0
2026-03-24T15:09:25Z,694,358200,22350848,349.8,0.0
2026-03-24T15:09:26Z,695,358200,22350848,349.8,0.0
2026-03-24T15:09:27Z,696,358200,22350848,349.8,0.0
2026-03-24T15:09:28Z,697,358200,22350848,349.8,0.0
2026-03-24T15:09:29Z,698,358200,22350848,349.8,0.0
2026-03-24T15:09:30Z,699,358204,22350848,349.8,0.0
2026-03-24T15:09:31Z,700,358204,22350848,349.8,0.0
2026-03-24T15:09:33Z,701,358204,22350848,349.8,0.0
2026-03-24T15:09:34Z,702,358212,22350848,349.8,0.0
2026-03-24T15:09:35Z,703,358212,22350848,349.8,0.0
2026-03-24T15:09:36Z,704,358212,22350848,349.8,0.0
2026-03-24T15:09:37Z,705,358212,22350848,349.8,0.0
2026-03-24T15:09:38Z,706,358212,22350848,349.8,0.0
2026-03-24T15:09:39Z,707,358212,22350848,349.8,0.0
2026-03-24T15:09:40Z,708,358212,22350848,349.8,0.0
2026-03-24T15:09:41Z,709,358216,22350848,349.8,0.9
2026-03-24T15:09:42Z,710,358216,22350848,349.8,0.0
2026-03-24T15:09:43Z,711,358216,22350848,349.8,0.0
2026-03-24T15:09:44Z,712,358228,22350848,349.8,0.0
2026-03-24T15:09:45Z,713,358228,22350848,349.8,0.0
2026-03-24T15:09:47Z,714,358228,22350848,349.8,0.0
2026-03-24T15:09:48Z,715,358228,22350848,349.8,0.0
2026-03-24T15:09:49Z,716,358228,22350848,349.8,0.0
2026-03-24T15:09:50Z,717,358228,22350848,349.8,0.0
2026-03-24T15:09:51Z,718,358228,22350848,349.8,0.0
2026-03-24T15:09:52Z,719,358228,22350848,349.8,0.0
